#
# There is insufficient memory for the Java Runtime Environment to continue.
# Native memory allocation (mmap) failed to map 67108864 bytes. Error detail: G1 virtual space
# Possible reasons:
#   The system is out of physical RAM or swap space
#   This process is running with CompressedOops enabled, and the Java Heap may be blocking the growth of the native heap
# Possible solutions:
#   Reduce memory load on the system
#   Increase physical memory or swap space
#   Check if swap backing store is full
#   Decrease Java heap size (-Xmx/-Xms)
#   Decrease number of Java threads
#   Decrease Java thread stack sizes (-Xss)
#   Set larger code cache with -XX:ReservedCodeCacheSize=
#   JVM is running with Unscaled Compressed Oops mode in which the Java heap is
#     placed in the first 4GB address space. The Java Heap base address is the
#     maximum limit for the native heap growth. Please use -XX:HeapBaseMinAddress
#     to set the Java Heap base and to place the Java Heap above 4GB virtual address.
# This output file may be truncated or incomplete.
#
#  Out of Memory Error (os_windows.cpp:3710), pid=18360, tid=19576
#
# JRE version: OpenJDK Runtime Environment Microsoft-11369865 (17.0.15+6) (build 17.0.15+6-LTS)
# Java VM: OpenJDK 64-Bit Server VM Microsoft-11369865 (17.0.15+6-LTS, mixed mode, sharing, tiered, compressed oops, compressed class ptrs, g1 gc, windows-amd64)
# No core dump will be written. Minidumps are not enabled by default on client versions of Windows
#

---------------  S U M M A R Y ------------

Command Line: --add-opens=java.base/java.lang=ALL-UNNAMED --add-opens=java.base/java.lang.invoke=ALL-UNNAMED --add-opens=java.base/java.util=ALL-UNNAMED --add-opens=java.prefs/java.util.prefs=ALL-UNNAMED --add-exports=jdk.compiler/com.sun.tools.javac.api=ALL-UNNAMED --add-exports=jdk.compiler/com.sun.tools.javac.util=ALL-UNNAMED --add-opens=java.base/java.util=ALL-UNNAMED --add-opens=java.prefs/java.util.prefs=ALL-UNNAMED --add-opens=java.base/java.nio.charset=ALL-UNNAMED --add-opens=java.base/java.net=ALL-UNNAMED --add-opens=java.base/java.util.concurrent.atomic=ALL-UNNAMED --add-opens=java.xml/javax.xml.namespace=ALL-UNNAMED -XX:MaxMetaspaceSize=512m -Xmx2048m -Dfile.encoding=windows-1252 -Duser.country=US -Duser.language=en -Duser.variant -javaagent:C:\Users\HP\.gradle\wrapper\dists\gradle-8.14.1-bin\baw1sv0jfoi8rxs14qo3h49cs\gradle-8.14.1\lib\agents\gradle-instrumentation-agent-8.14.1.jar org.gradle.launcher.daemon.bootstrap.GradleDaemon 8.14.1

Host: AMD Ryzen 5 3500U with Radeon Vega Mobile Gfx  , 8 cores, 5G,  Windows 11 , 64 bit Build 26100 (10.0.26100.4484)
Time: Thu Jul 24 14:32:02 2025 India Standard Time elapsed time: 61.708507 seconds (0d 0h 1m 1s)

---------------  T H R E A D  ---------------

Current thread (0x000001f16f24cd70):  VMThread "VM Thread" [stack: 0x0000008c85400000,0x0000008c85500000] [id=19576]

Stack: [0x0000008c85400000,0x0000008c85500000]
Native frames: (J=compiled Java code, j=interpreted, Vv=VM code, C=native code)
V  [jvm.dll+0x6887a9]
V  [jvm.dll+0x83f5a8]
V  [jvm.dll+0x841053]
V  [jvm.dll+0x8416c3]
V  [jvm.dll+0x2496ef]
V  [jvm.dll+0x6856e9]
V  [jvm.dll+0x679b7a]
V  [jvm.dll+0x30b0d7]
V  [jvm.dll+0x312646]
V  [jvm.dll+0x36300e]
V  [jvm.dll+0x36324d]
V  [jvm.dll+0x2e236c]
V  [jvm.dll+0x2e0719]
V  [jvm.dll+0x2dfe7c]
V  [jvm.dll+0x322a2b]
V  [jvm.dll+0x845efd]
V  [jvm.dll+0x846c33]
V  [jvm.dll+0x84715f]
V  [jvm.dll+0x847544]
V  [jvm.dll+0x84760e]
V  [jvm.dll+0x7ef2dc]
V  [jvm.dll+0x687687]
C  [ucrtbase.dll+0x37b0]
C  [KERNEL32.DLL+0x2e8d7]
C  [ntdll.dll+0x3c34c]

VM_Operation (0x0000008c868fef90): G1CollectForAllocation, mode: safepoint, requested by thread 0x000001f16f61a610


---------------  P R O C E S S  ---------------

Threads class SMR info:
_java_thread_list=0x000001f179051680, length=148, elements={
0x000001f150dd14e0, 0x000001f16f253070, 0x000001f16f2556c0, 0x000001f16f26b3f0,
0x000001f16f26ddd0, 0x000001f16f274270, 0x000001f16f2706b0, 0x000001f16f270ec0,
0x000001f16f27d1a0, 0x000001f16f280dd0, 0x000001f16f23e680, 0x000001f16f42bc40,
0x000001f16f617880, 0x000001f16f6187b0, 0x000001f16f617d90, 0x000001f16f6182a0,
0x000001f16f618cc0, 0x000001f16f6191d0, 0x000001f16f61b030, 0x000001f16f6196e0,
0x000001f16f619bf0, 0x000001f16f61a100, 0x000001f16f61a610, 0x000001f16f61ab20,
0x000001f1763b4c10, 0x000001f1763b5120, 0x000001f1763b5630, 0x000001f1763b28a0,
0x000001f1763b41f0, 0x000001f1763b32c0, 0x000001f1763b3ce0, 0x000001f1763b6560,
0x000001f1763b6a70, 0x000001f1763b6f80, 0x000001f1763b7490, 0x000001f1763b4700,
0x000001f1763b92f0, 0x000001f1763b8de0, 0x000001f1763b9800, 0x000001f1763b9d10,
0x000001f1763b83c0, 0x000001f1784aef40, 0x000001f1784afe70, 0x000001f1784af450,
0x000001f1784b0890, 0x000001f1784ae010, 0x000001f1784af960, 0x000001f1784aea30,
0x000001f1784b0380, 0x000001f1784b0da0, 0x000001f1784b12b0, 0x000001f1784b1cd0,
0x000001f1784b17c0, 0x000001f1784ae520, 0x000001f1784b4a60, 0x000001f1784b21e0,
0x000001f1784b26f0, 0x000001f1784b5480, 0x000001f1784b3b30, 0x000001f1784b3110,
0x000001f1784b2c00, 0x000001f1784b5990, 0x000001f1784b4040, 0x000001f1784b3620,
0x000001f17710c3f0, 0x000001f17710dd40, 0x000001f17710bee0, 0x000001f17710e760,
0x000001f17710c900, 0x000001f17710ec70, 0x000001f17710d320, 0x000001f17710d830,
0x000001f17710b4c0, 0x000001f17710e250, 0x000001f178b163f0, 0x000001f178b15ee0,
0x000001f178b18250, 0x000001f178b19180, 0x000001f178b17320, 0x000001f178b17830,
0x000001f178b17d40, 0x000001f178b16900, 0x000001f178b1a0b0, 0x000001f178b19690,
0x000001f178b19ba0, 0x000001f178b18760, 0x000001f178b1a5c0, 0x000001f178b16e10,
0x000001f178b1aad0, 0x000001f178b1afe0, 0x000001f178b1b4f0, 0x000001f178b18c70,
0x000001f178b1bf10, 0x000001f178b1d350, 0x000001f178b1ce40, 0x000001f178b1d860,
0x000001f178b1ba00, 0x000001f178b1c420, 0x000001f178b1c930, 0x000001f1773cbf90,
0x000001f1773cc4a0, 0x000001f1773cab50, 0x000001f1773cc9b0, 0x000001f1773ccec0,
0x000001f1773cb060, 0x000001f1773cba80, 0x000001f1773cd3d0, 0x000001f1773cd8e0,
0x000001f1773cddf0, 0x000001f1773ce300, 0x000001f1773ce810, 0x000001f1773cb570,
0x000001f1773d24d0, 0x000001f1773ced20, 0x000001f1773d1090, 0x000001f1773cf230,
0x000001f1773cfc50, 0x000001f1773cf740, 0x000001f1773d0160, 0x000001f1773d1fc0,
0x000001f1773d15a0, 0x000001f1773d1ab0, 0x000001f1773d0670, 0x000001f1773d0b80,
0x000001f1757ccad0, 0x000001f1757ce420, 0x000001f1757cc0b0, 0x000001f1757ccfe0,
0x000001f1757cac70, 0x000001f1757cdf10, 0x000001f1757cc5c0, 0x000001f1757cbba0,
0x000001f1757cda00, 0x000001f1757ce930, 0x000001f1757cb180, 0x000001f1757cee40,
0x000001f1757cb690, 0x000001f1757d11b0, 0x000001f1757d16c0, 0x000001f1757cf860,
0x000001f1757cfd70, 0x000001f1757d20e0, 0x000001f1763b88d0, 0x000001f179693290,
0x000001f17968fff0, 0x000001f179690f20, 0x000001f1796937a0, 0x000001f179694be0
}

Java Threads: ( => current thread )
  0x000001f150dd14e0 JavaThread "main" [_thread_blocked, id=26048, stack(0x0000008c84e00000,0x0000008c84f00000)]
  0x000001f16f253070 JavaThread "Reference Handler" daemon [_thread_blocked, id=13188, stack(0x0000008c85500000,0x0000008c85600000)]
  0x000001f16f2556c0 JavaThread "Finalizer" daemon [_thread_blocked, id=25220, stack(0x0000008c85600000,0x0000008c85700000)]
  0x000001f16f26b3f0 JavaThread "Signal Dispatcher" daemon [_thread_blocked, id=6716, stack(0x0000008c85700000,0x0000008c85800000)]
  0x000001f16f26ddd0 JavaThread "Attach Listener" daemon [_thread_blocked, id=29300, stack(0x0000008c85800000,0x0000008c85900000)]
  0x000001f16f274270 JavaThread "Service Thread" daemon [_thread_blocked, id=6896, stack(0x0000008c85900000,0x0000008c85a00000)]
  0x000001f16f2706b0 JavaThread "Monitor Deflation Thread" daemon [_thread_blocked, id=23448, stack(0x0000008c85a00000,0x0000008c85b00000)]
  0x000001f16f270ec0 JavaThread "C2 CompilerThread0" daemon [_thread_blocked, id=12100, stack(0x0000008c85b00000,0x0000008c85c00000)]
  0x000001f16f27d1a0 JavaThread "C1 CompilerThread0" daemon [_thread_blocked, id=11568, stack(0x0000008c85c00000,0x0000008c85d00000)]
  0x000001f16f280dd0 JavaThread "Sweeper thread" daemon [_thread_blocked, id=24972, stack(0x0000008c85d00000,0x0000008c85e00000)]
  0x000001f16f23e680 JavaThread "Common-Cleaner" daemon [_thread_blocked, id=26564, stack(0x0000008c85e00000,0x0000008c85f00000)]
  0x000001f16f42bc40 JavaThread "Notification Thread" daemon [_thread_blocked, id=11792, stack(0x0000008c85f00000,0x0000008c86000000)]
  0x000001f16f617880 JavaThread "Daemon health stats" [_thread_blocked, id=3144, stack(0x0000008c86300000,0x0000008c86400000)]
  0x000001f16f6187b0 JavaThread "Incoming local TCP Connector on port 56861" [_thread_in_native, id=7824, stack(0x0000008c86700000,0x0000008c86800000)]
  0x000001f16f617d90 JavaThread "Daemon periodic checks" [_thread_blocked, id=25756, stack(0x0000008c86900000,0x0000008c86a00000)]
  0x000001f16f6182a0 JavaThread "Daemon" [_thread_blocked, id=10648, stack(0x0000008c86a00000,0x0000008c86b00000)]
  0x000001f16f618cc0 JavaThread "Handler for socket connection from /127.0.0.1:56861 to /127.0.0.1:56862" [_thread_in_native, id=18420, stack(0x0000008c86b00000,0x0000008c86c00000)]
  0x000001f16f6191d0 JavaThread "Cancel handler" [_thread_blocked, id=8196, stack(0x0000008c86c00000,0x0000008c86d00000)]
  0x000001f16f61b030 JavaThread "Daemon worker" [_thread_blocked, id=25720, stack(0x0000008c86d00000,0x0000008c86e00000)]
  0x000001f16f6196e0 JavaThread "Asynchronous log dispatcher for DefaultDaemonConnection: socket connection from /127.0.0.1:56861 to /127.0.0.1:56862" [_thread_blocked, id=19356, stack(0x0000008c86e00000,0x0000008c86f00000)]
  0x000001f16f619bf0 JavaThread "Stdin handler" [_thread_blocked, id=6168, stack(0x0000008c86f00000,0x0000008c87000000)]
  0x000001f16f61a100 JavaThread "Daemon client event forwarder" [_thread_blocked, id=2616, stack(0x0000008c87000000,0x0000008c87100000)]
  0x000001f16f61a610 JavaThread "Cache worker for journal cache (C:\Users\HP\.gradle\caches\journal-1)" [_thread_blocked, id=18800, stack(0x0000008c86800000,0x0000008c86900000)]
  0x000001f16f61ab20 JavaThread "File lock request listener" [_thread_in_native, id=4372, stack(0x0000008c87400000,0x0000008c87500000)]
  0x000001f1763b4c10 JavaThread "Cache worker for file hash cache (C:\Users\HP\.gradle\caches\8.14.1\fileHashes)" [_thread_blocked, id=28976, stack(0x0000008c87500000,0x0000008c87600000)]
  0x000001f1763b5120 JavaThread "Cache worker for file hash cache (D:\Hisabkitab\android\.gradle\8.14.1\fileHashes)" [_thread_blocked, id=25244, stack(0x0000008c87600000,0x0000008c87700000)]
  0x000001f1763b5630 JavaThread "Cache worker for Build Output Cleanup Cache (D:\Hisabkitab\android\.gradle\buildOutputCleanup)" [_thread_blocked, id=10896, stack(0x0000008c87700000,0x0000008c87800000)]
  0x000001f1763b28a0 JavaThread "File watcher server" daemon [_thread_in_native, id=5688, stack(0x0000008c87900000,0x0000008c87a00000)]
  0x000001f1763b41f0 JavaThread "File watcher consumer" daemon [_thread_blocked, id=18480, stack(0x0000008c87a00000,0x0000008c87b00000)]
  0x000001f1763b32c0 JavaThread "jar transforms" [_thread_blocked, id=24060, stack(0x0000008c87b00000,0x0000008c87c00000)]
  0x000001f1763b3ce0 JavaThread "Cache worker for checksums cache (D:\Hisabkitab\android\.gradle\8.14.1\checksums)" [_thread_blocked, id=26100, stack(0x0000008c87c00000,0x0000008c87d00000)]
  0x000001f1763b6560 JavaThread "Cache worker for file content cache (C:\Users\HP\.gradle\caches\8.14.1\fileContent)" [_thread_blocked, id=26952, stack(0x0000008c87d00000,0x0000008c87e00000)]
  0x000001f1763b6a70 JavaThread "Cache worker for cache directory md-supplier (C:\Users\HP\.gradle\caches\8.14.1\md-supplier)" [_thread_blocked, id=5940, stack(0x0000008c87f00000,0x0000008c88000000)]
  0x000001f1763b6f80 JavaThread "Cache worker for cache directory md-rule (C:\Users\HP\.gradle\caches\8.14.1\md-rule)" [_thread_blocked, id=25424, stack(0x0000008c88000000,0x0000008c88100000)]
  0x000001f1763b7490 JavaThread "Cache worker for Build Output Cleanup Cache (D:\Hisabkitab\node_modules\@react-native\gradle-plugin\.gradle\buildOutputCleanup)" [_thread_blocked, id=15312, stack(0x0000008c88100000,0x0000008c88200000)]
  0x000001f1763b4700 JavaThread "Unconstrained build operations" [_thread_blocked, id=22672, stack(0x0000008c88200000,0x0000008c88300000)]
  0x000001f1763b92f0 JavaThread "Unconstrained build operations Thread 2" [_thread_blocked, id=20984, stack(0x0000008c88300000,0x0000008c88400000)]
  0x000001f1763b8de0 JavaThread "Unconstrained build operations Thread 3" [_thread_blocked, id=27876, stack(0x0000008c88400000,0x0000008c88500000)]
  0x000001f1763b9800 JavaThread "Unconstrained build operations Thread 4" [_thread_blocked, id=20024, stack(0x0000008c88500000,0x0000008c88600000)]
  0x000001f1763b9d10 JavaThread "Unconstrained build operations Thread 5" [_thread_blocked, id=21496, stack(0x0000008c88600000,0x0000008c88700000)]
  0x000001f1763b83c0 JavaThread "Unconstrained build operations Thread 6" [_thread_blocked, id=28104, stack(0x0000008c88700000,0x0000008c88800000)]
  0x000001f1784aef40 JavaThread "Unconstrained build operations Thread 7" [_thread_blocked, id=24968, stack(0x0000008c88800000,0x0000008c88900000)]
  0x000001f1784afe70 JavaThread "Unconstrained build operations Thread 8" [_thread_blocked, id=18968, stack(0x0000008c88900000,0x0000008c88a00000)]
  0x000001f1784af450 JavaThread "Unconstrained build operations Thread 9" [_thread_blocked, id=27212, stack(0x0000008c88a00000,0x0000008c88b00000)]
  0x000001f1784b0890 JavaThread "Unconstrained build operations Thread 10" [_thread_blocked, id=24836, stack(0x0000008c88b00000,0x0000008c88c00000)]
  0x000001f1784ae010 JavaThread "Unconstrained build operations Thread 11" [_thread_blocked, id=16968, stack(0x0000008c88c00000,0x0000008c88d00000)]
  0x000001f1784af960 JavaThread "Unconstrained build operations Thread 12" [_thread_blocked, id=27748, stack(0x0000008c88d00000,0x0000008c88e00000)]
  0x000001f1784aea30 JavaThread "Unconstrained build operations Thread 13" [_thread_blocked, id=9544, stack(0x0000008c88e00000,0x0000008c88f00000)]
  0x000001f1784b0380 JavaThread "Unconstrained build operations Thread 14" [_thread_blocked, id=28560, stack(0x0000008c88f00000,0x0000008c89000000)]
  0x000001f1784b0da0 JavaThread "Unconstrained build operations Thread 15" [_thread_blocked, id=1940, stack(0x0000008c89000000,0x0000008c89100000)]
  0x000001f1784b12b0 JavaThread "Unconstrained build operations Thread 16" [_thread_blocked, id=17760, stack(0x0000008c89100000,0x0000008c89200000)]
  0x000001f1784b1cd0 JavaThread "Unconstrained build operations Thread 17" [_thread_blocked, id=9236, stack(0x0000008c89200000,0x0000008c89300000)]
  0x000001f1784b17c0 JavaThread "Unconstrained build operations Thread 18" [_thread_blocked, id=24644, stack(0x0000008c89300000,0x0000008c89400000)]
  0x000001f1784ae520 JavaThread "Unconstrained build operations Thread 19" [_thread_blocked, id=17256, stack(0x0000008c89400000,0x0000008c89500000)]
  0x000001f1784b4a60 JavaThread "Unconstrained build operations Thread 20" [_thread_blocked, id=1668, stack(0x0000008c89500000,0x0000008c89600000)]
  0x000001f1784b21e0 JavaThread "Unconstrained build operations Thread 21" [_thread_blocked, id=17328, stack(0x0000008c89600000,0x0000008c89700000)]
  0x000001f1784b26f0 JavaThread "Unconstrained build operations Thread 22" [_thread_blocked, id=22812, stack(0x0000008c89700000,0x0000008c89800000)]
  0x000001f1784b5480 JavaThread "Unconstrained build operations Thread 23" [_thread_blocked, id=24420, stack(0x0000008c89800000,0x0000008c89900000)]
  0x000001f1784b3b30 JavaThread "Unconstrained build operations Thread 24" [_thread_blocked, id=14964, stack(0x0000008c89900000,0x0000008c89a00000)]
  0x000001f1784b3110 JavaThread "Unconstrained build operations Thread 25" [_thread_blocked, id=14252, stack(0x0000008c89a00000,0x0000008c89b00000)]
  0x000001f1784b2c00 JavaThread "Unconstrained build operations Thread 26" [_thread_blocked, id=22148, stack(0x0000008c89b00000,0x0000008c89c00000)]
  0x000001f1784b5990 JavaThread "Unconstrained build operations Thread 27" [_thread_blocked, id=1128, stack(0x0000008c89c00000,0x0000008c89d00000)]
  0x000001f1784b4040 JavaThread "build event listener" [_thread_blocked, id=15392, stack(0x0000008c87e00000,0x0000008c87f00000)]
  0x000001f1784b3620 JavaThread "Memory manager" [_thread_blocked, id=23612, stack(0x0000008c89d00000,0x0000008c89e00000)]
  0x000001f17710c3f0 JavaThread "ForkJoinPool.commonPool-worker-1" daemon [_thread_blocked, id=13148, stack(0x0000008c84c00000,0x0000008c84d00000)]
  0x000001f17710dd40 JavaThread "ForkJoinPool.commonPool-worker-2" daemon [_thread_blocked, id=19540, stack(0x0000008c89e00000,0x0000008c89f00000)]
  0x000001f17710bee0 JavaThread "ForkJoinPool.commonPool-worker-3" daemon [_thread_blocked, id=25912, stack(0x0000008c89f00000,0x0000008c8a000000)]
  0x000001f17710e760 JavaThread "ForkJoinPool.commonPool-worker-4" daemon [_thread_blocked, id=18160, stack(0x0000008c8a000000,0x0000008c8a100000)]
  0x000001f17710c900 JavaThread "ForkJoinPool.commonPool-worker-5" daemon [_thread_blocked, id=3616, stack(0x0000008c8a100000,0x0000008c8a200000)]
  0x000001f17710ec70 JavaThread "ForkJoinPool.commonPool-worker-6" daemon [_thread_blocked, id=16548, stack(0x0000008c8a200000,0x0000008c8a300000)]
  0x000001f17710d320 JavaThread "ForkJoinPool.commonPool-worker-7" daemon [_thread_blocked, id=1744, stack(0x0000008c8a300000,0x0000008c8a400000)]
  0x000001f17710d830 JavaThread "Exec process" daemon [_thread_blocked, id=14792, stack(0x0000008c8a400000,0x0000008c8a500000)]
  0x000001f17710b4c0 JavaThread "Exec process Thread 2" daemon [_thread_blocked, id=6932, stack(0x0000008c8a500000,0x0000008c8a600000)]
  0x000001f17710e250 JavaThread "Exec process Thread 3" daemon [_thread_blocked, id=20184, stack(0x0000008c8a600000,0x0000008c8a700000)]
  0x000001f178b163f0 JavaThread "included builds" [_thread_blocked, id=9348, stack(0x0000008c8a700000,0x0000008c8a800000)]
  0x000001f178b15ee0 JavaThread "Execution worker" [_thread_blocked, id=27864, stack(0x0000008c8a800000,0x0000008c8a900000)]
  0x000001f178b18250 JavaThread "Execution worker Thread 2" [_thread_blocked, id=9500, stack(0x0000008c8a900000,0x0000008c8aa00000)]
  0x000001f178b19180 JavaThread "Execution worker Thread 3" [_thread_blocked, id=20252, stack(0x0000008c8aa00000,0x0000008c8ab00000)]
  0x000001f178b17320 JavaThread "Execution worker Thread 4" [_thread_blocked, id=12960, stack(0x0000008c8ab00000,0x0000008c8ac00000)]
  0x000001f178b17830 JavaThread "Execution worker Thread 5" [_thread_blocked, id=25224, stack(0x0000008c8ac00000,0x0000008c8ad00000)]
  0x000001f178b17d40 JavaThread "Execution worker Thread 6" [_thread_blocked, id=21668, stack(0x0000008c8ad00000,0x0000008c8ae00000)]
  0x000001f178b16900 JavaThread "Execution worker Thread 7" [_thread_blocked, id=11820, stack(0x0000008c8ae00000,0x0000008c8af00000)]
  0x000001f178b1a0b0 JavaThread "Cache worker for execution history cache (D:\Hisabkitab\node_modules\@react-native\gradle-plugin\.gradle\8.14.1\executionHistory)" [_thread_blocked, id=13708, stack(0x0000008c8af00000,0x0000008c8b000000)]
  0x000001f178b19690 JavaThread "Unconstrained build operations Thread 28" [_thread_blocked, id=27392, stack(0x0000008c8b000000,0x0000008c8b100000)]
  0x000001f178b19ba0 JavaThread "Unconstrained build operations Thread 29" [_thread_blocked, id=20280, stack(0x0000008c8b100000,0x0000008c8b200000)]
  0x000001f178b18760 JavaThread "Unconstrained build operations Thread 30" [_thread_blocked, id=29392, stack(0x0000008c8b200000,0x0000008c8b300000)]
  0x000001f178b1a5c0 JavaThread "Unconstrained build operations Thread 31" [_thread_blocked, id=14696, stack(0x0000008c8b300000,0x0000008c8b400000)]
  0x000001f178b16e10 JavaThread "Unconstrained build operations Thread 32" [_thread_blocked, id=11752, stack(0x0000008c8b400000,0x0000008c8b500000)]
  0x000001f178b1aad0 JavaThread "Unconstrained build operations Thread 33" [_thread_blocked, id=27756, stack(0x0000008c8b500000,0x0000008c8b600000)]
  0x000001f178b1afe0 JavaThread "Unconstrained build operations Thread 34" [_thread_blocked, id=25412, stack(0x0000008c8b600000,0x0000008c8b700000)]
  0x000001f178b1b4f0 JavaThread "Unconstrained build operations Thread 35" [_thread_blocked, id=19776, stack(0x0000008c8b700000,0x0000008c8b800000)]
  0x000001f178b18c70 JavaThread "Unconstrained build operations Thread 36" [_thread_blocked, id=7004, stack(0x0000008c8b800000,0x0000008c8b900000)]
  0x000001f178b1bf10 JavaThread "Unconstrained build operations Thread 37" [_thread_blocked, id=10104, stack(0x0000008c8b900000,0x0000008c8ba00000)]
  0x000001f178b1d350 JavaThread "Unconstrained build operations Thread 38" [_thread_blocked, id=26056, stack(0x0000008c8ba00000,0x0000008c8bb00000)]
  0x000001f178b1ce40 JavaThread "Unconstrained build operations Thread 39" [_thread_blocked, id=14388, stack(0x0000008c8bb00000,0x0000008c8bc00000)]
  0x000001f178b1d860 JavaThread "Unconstrained build operations Thread 40" [_thread_blocked, id=7096, stack(0x0000008c8bc00000,0x0000008c8bd00000)]
  0x000001f178b1ba00 JavaThread "Unconstrained build operations Thread 41" [_thread_blocked, id=13232, stack(0x0000008c8bd00000,0x0000008c8be00000)]
  0x000001f178b1c420 JavaThread "Unconstrained build operations Thread 42" [_thread_blocked, id=27060, stack(0x0000008c8bf00000,0x0000008c8c000000)]
  0x000001f178b1c930 JavaThread "Unconstrained build operations Thread 43" [_thread_blocked, id=18468, stack(0x0000008c8c000000,0x0000008c8c100000)]
  0x000001f1773cbf90 JavaThread "Unconstrained build operations Thread 44" [_thread_blocked, id=24440, stack(0x0000008c8c100000,0x0000008c8c200000)]
  0x000001f1773cc4a0 JavaThread "Unconstrained build operations Thread 45" [_thread_blocked, id=15424, stack(0x0000008c8c200000,0x0000008c8c300000)]
  0x000001f1773cab50 JavaThread "Unconstrained build operations Thread 46" [_thread_blocked, id=25880, stack(0x0000008c8c300000,0x0000008c8c400000)]
  0x000001f1773cc9b0 JavaThread "Unconstrained build operations Thread 47" [_thread_blocked, id=17356, stack(0x0000008c8c400000,0x0000008c8c500000)]
  0x000001f1773ccec0 JavaThread "Unconstrained build operations Thread 48" [_thread_blocked, id=25012, stack(0x0000008c8c500000,0x0000008c8c600000)]
  0x000001f1773cb060 JavaThread "Unconstrained build operations Thread 49" [_thread_blocked, id=12928, stack(0x0000008c8c600000,0x0000008c8c700000)]
  0x000001f1773cba80 JavaThread "Unconstrained build operations Thread 50" [_thread_blocked, id=24444, stack(0x0000008c8c700000,0x0000008c8c800000)]
  0x000001f1773cd3d0 JavaThread "Unconstrained build operations Thread 51" [_thread_blocked, id=21936, stack(0x0000008c8c800000,0x0000008c8c900000)]
  0x000001f1773cd8e0 JavaThread "Unconstrained build operations Thread 52" [_thread_blocked, id=15320, stack(0x0000008c8c900000,0x0000008c8ca00000)]
  0x000001f1773cddf0 JavaThread "Unconstrained build operations Thread 53" [_thread_blocked, id=20360, stack(0x0000008c8ca00000,0x0000008c8cb00000)]
  0x000001f1773ce300 JavaThread "Unconstrained build operations Thread 54" [_thread_blocked, id=23164, stack(0x0000008c8cb00000,0x0000008c8cc00000)]
  0x000001f1773ce810 JavaThread "Unconstrained build operations Thread 55" [_thread_blocked, id=11232, stack(0x0000008c8cc00000,0x0000008c8cd00000)]
  0x000001f1773cb570 JavaThread "Unconstrained build operations Thread 56" [_thread_blocked, id=9920, stack(0x0000008c8cd00000,0x0000008c8ce00000)]
  0x000001f1773d24d0 JavaThread "Unconstrained build operations Thread 57" [_thread_blocked, id=14596, stack(0x0000008c8ce00000,0x0000008c8cf00000)]
  0x000001f1773ced20 JavaThread "Unconstrained build operations Thread 58" [_thread_blocked, id=25116, stack(0x0000008c8cf00000,0x0000008c8d000000)]
  0x000001f1773d1090 JavaThread "Unconstrained build operations Thread 59" [_thread_blocked, id=6992, stack(0x0000008c8d000000,0x0000008c8d100000)]
  0x000001f1773cf230 JavaThread "Unconstrained build operations Thread 60" [_thread_blocked, id=9508, stack(0x0000008c8d100000,0x0000008c8d200000)]
  0x000001f1773cfc50 JavaThread "Unconstrained build operations Thread 61" [_thread_blocked, id=17048, stack(0x0000008c8d200000,0x0000008c8d300000)]
  0x000001f1773cf740 JavaThread "Unconstrained build operations Thread 62" [_thread_blocked, id=20516, stack(0x0000008c8d300000,0x0000008c8d400000)]
  0x000001f1773d0160 JavaThread "Unconstrained build operations Thread 63" [_thread_blocked, id=27840, stack(0x0000008c8d400000,0x0000008c8d500000)]
  0x000001f1773d1fc0 JavaThread "Unconstrained build operations Thread 64" [_thread_blocked, id=18336, stack(0x0000008c8d500000,0x0000008c8d600000)]
  0x000001f1773d15a0 JavaThread "Unconstrained build operations Thread 65" [_thread_blocked, id=16076, stack(0x0000008c8d600000,0x0000008c8d700000)]
  0x000001f1773d1ab0 JavaThread "Unconstrained build operations Thread 66" [_thread_blocked, id=28304, stack(0x0000008c8d700000,0x0000008c8d800000)]
  0x000001f1773d0670 JavaThread "Unconstrained build operations Thread 67" [_thread_blocked, id=21556, stack(0x0000008c8d800000,0x0000008c8d900000)]
  0x000001f1773d0b80 JavaThread "Unconstrained build operations Thread 68" [_thread_blocked, id=6456, stack(0x0000008c8d900000,0x0000008c8da00000)]
  0x000001f1757ccad0 JavaThread "Unconstrained build operations Thread 69" [_thread_blocked, id=21012, stack(0x0000008c8da00000,0x0000008c8db00000)]
  0x000001f1757ce420 JavaThread "Unconstrained build operations Thread 70" [_thread_blocked, id=13180, stack(0x0000008c8db00000,0x0000008c8dc00000)]
  0x000001f1757cc0b0 JavaThread "Unconstrained build operations Thread 71" [_thread_blocked, id=21580, stack(0x0000008c8dc00000,0x0000008c8dd00000)]
  0x000001f1757ccfe0 JavaThread "Unconstrained build operations Thread 72" [_thread_blocked, id=10924, stack(0x0000008c8dd00000,0x0000008c8de00000)]
  0x000001f1757cac70 JavaThread "Unconstrained build operations Thread 73" [_thread_blocked, id=26936, stack(0x0000008c8de00000,0x0000008c8df00000)]
  0x000001f1757cdf10 JavaThread "Unconstrained build operations Thread 74" [_thread_blocked, id=15324, stack(0x0000008c8df00000,0x0000008c8e000000)]
  0x000001f1757cc5c0 JavaThread "Unconstrained build operations Thread 75" [_thread_blocked, id=17240, stack(0x0000008c8e000000,0x0000008c8e100000)]
  0x000001f1757cbba0 JavaThread "Unconstrained build operations Thread 76" [_thread_blocked, id=20792, stack(0x0000008c8e100000,0x0000008c8e200000)]
  0x000001f1757cda00 JavaThread "Unconstrained build operations Thread 77" [_thread_blocked, id=8544, stack(0x0000008c8e200000,0x0000008c8e300000)]
  0x000001f1757ce930 JavaThread "jar transforms Thread 2" [_thread_blocked, id=22516, stack(0x0000008c8e300000,0x0000008c8e400000)]
  0x000001f1757cb180 JavaThread "jar transforms Thread 3" [_thread_blocked, id=8252, stack(0x0000008c8e400000,0x0000008c8e500000)]
  0x000001f1757cee40 JavaThread "Unconstrained build operations Thread 78" [_thread_blocked, id=16792, stack(0x0000008c8e700000,0x0000008c8e800000)]
  0x000001f1757cb690 JavaThread "Unconstrained build operations Thread 79" [_thread_blocked, id=23736, stack(0x0000008c8e800000,0x0000008c8e900000)]
  0x000001f1757d11b0 JavaThread "Unconstrained build operations Thread 80" [_thread_blocked, id=26568, stack(0x0000008c8e900000,0x0000008c8ea00000)]
  0x000001f1757d16c0 JavaThread "jar transforms Thread 4" [_thread_blocked, id=10808, stack(0x0000008c8ea00000,0x0000008c8eb00000)]
  0x000001f1757cf860 JavaThread "jar transforms Thread 5" [_thread_blocked, id=28572, stack(0x0000008c8eb00000,0x0000008c8ec00000)]
  0x000001f1757cfd70 JavaThread "jar transforms Thread 6" [_thread_blocked, id=7696, stack(0x0000008c8ec00000,0x0000008c8ed00000)]
  0x000001f1757d20e0 JavaThread "Problems report writer" [_thread_blocked, id=5692, stack(0x0000008c8ed00000,0x0000008c8ee00000)]
  0x000001f1763b88d0 JavaThread "build event listener" [_thread_blocked, id=24672, stack(0x0000008c8ee00000,0x0000008c8ef00000)]
  0x000001f179693290 JavaThread "jar transforms Thread 7" [_thread_blocked, id=12000, stack(0x0000008c8be00000,0x0000008c8bf00000)]
  0x000001f17968fff0 JavaThread "jar transforms Thread 8" [_thread_blocked, id=18936, stack(0x0000008c8ef00000,0x0000008c8f000000)]
  0x000001f179690f20 JavaThread "Exec process" [_thread_blocked, id=11668, stack(0x0000008c8f000000,0x0000008c8f100000)]
  0x000001f1796937a0 JavaThread "Exec process Thread 2" [_thread_blocked, id=20340, stack(0x0000008c8f100000,0x0000008c8f200000)]
  0x000001f179694be0 JavaThread "Exec process Thread 3" [_thread_blocked, id=8356, stack(0x0000008c8f200000,0x0000008c8f300000)]

Other Threads:
=>0x000001f16f24cd70 VMThread "VM Thread" [stack: 0x0000008c85400000,0x0000008c85500000] [id=19576]
  0x000001f16f407d40 WatcherThread [stack: 0x0000008c86000000,0x0000008c86100000] [id=12608]
  0x000001f150e2ecb0 GCTaskThread "GC Thread#0" [stack: 0x0000008c84f00000,0x0000008c85000000] [id=5840]
  0x000001f16f6e8e80 GCTaskThread "GC Thread#1" [stack: 0x0000008c86100000,0x0000008c86200000] [id=24568]
  0x000001f16f7832e0 GCTaskThread "GC Thread#2" [stack: 0x0000008c86200000,0x0000008c86300000] [id=26468]
  0x000001f17400f4f0 GCTaskThread "GC Thread#3" [stack: 0x0000008c86400000,0x0000008c86500000] [id=17580]
  0x000001f17424cff0 GCTaskThread "GC Thread#4" [stack: 0x0000008c86500000,0x0000008c86600000] [id=3800]
  0x000001f174408ff0 GCTaskThread "GC Thread#5" [stack: 0x0000008c87100000,0x0000008c87200000] [id=20748]
  0x000001f1744c5430 GCTaskThread "GC Thread#6" [stack: 0x0000008c87200000,0x0000008c87300000] [id=15160]
  0x000001f1744c56f0 GCTaskThread "GC Thread#7" [stack: 0x0000008c87300000,0x0000008c87400000] [id=29236]
  0x000001f150e3fb10 ConcurrentGCThread "G1 Main Marker" [stack: 0x0000008c85000000,0x0000008c85100000] [id=21524]
  0x000001f150e40440 ConcurrentGCThread "G1 Conc#0" [stack: 0x0000008c85100000,0x0000008c85200000] [id=3364]
  0x000001f17643b4a0 ConcurrentGCThread "G1 Conc#1" [stack: 0x0000008c87800000,0x0000008c87900000] [id=19212]
  0x000001f150e7eb10 ConcurrentGCThread "G1 Refine#0" [stack: 0x0000008c85200000,0x0000008c85300000] [id=23280]
  0x000001f1741b1e80 ConcurrentGCThread "G1 Refine#1" [stack: 0x0000008c86600000,0x0000008c86700000] [id=18820]
  0x000001f16f106630 ConcurrentGCThread "G1 Service" [stack: 0x0000008c85300000,0x0000008c85400000] [id=10480]

Threads with active compile tasks:
C2 CompilerThread0    61817 15397       4       groovy.lang.MetaClassImpl::inheritInterfaceNewMetaMethods (195 bytes)

VM state: at safepoint (normal execution)

VM Mutex/Monitor currently owned by a thread:  ([mutex/lock_event])
[0x000001f14ebeaad0] Threads_lock - owner thread: 0x000001f16f24cd70
[0x000001f150dce720] Heap_lock - owner thread: 0x000001f16f61a610

Heap address: 0x0000000080000000, size: 2048 MB, Compressed Oops mode: 32-bit

CDS archive(s) mapped at: [0x000001f100000000-0x000001f100bb0000-0x000001f100bb0000), size 12255232, SharedBaseAddress: 0x000001f100000000, ArchiveRelocationMode: 1.
Compressed class space mapped at: 0x000001f101000000-0x000001f11b000000, reserved size: 436207616
Narrow klass base: 0x000001f100000000, Narrow klass shift: 0, Narrow klass range: 0x100000000

GC Precious Log:
 CPUs: 8 total, 8 available
 Memory: 6017M
 Large Page Support: Disabled
 NUMA Support: Disabled
 Compressed Oops: Enabled (32-bit)
 Heap Region Size: 1M
 Heap Min Capacity: 8M
 Heap Initial Capacity: 96M
 Heap Max Capacity: 2G
 Pre-touch: Disabled
 Parallel Workers: 8
 Concurrent Workers: 2
 Concurrent Refinement Workers: 8
 Periodic GC: Disabled

Heap:
 garbage-first heap   total 326656K, used 189440K [0x0000000080000000, 0x0000000100000000)
  region size 1024K, 2 young (2048K), 2 survivors (2048K)
 Metaspace       used 113184K, committed 114368K, reserved 557056K
  class space    used 15780K, committed 16320K, reserved 425984K

Heap Regions: E=young(eden), S=young(survivor), O=old, HS=humongous(starts), HC=humongous(continues), CS=collection set, F=free, OA=open archive, CA=closed archive, TAMS=top-at-mark-start (previous, next)
|   0|0x0000000080000000, 0x0000000080100000, 0x0000000080100000|100%|HS|  |TAMS 0x0000000080100000, 0x0000000080000000| Complete 
|   1|0x0000000080100000, 0x0000000080200000, 0x0000000080200000|100%|HC|  |TAMS 0x0000000080200000, 0x0000000080100000| Complete 
|   2|0x0000000080200000, 0x0000000080300000, 0x0000000080300000|100%|HC|  |TAMS 0x0000000080300000, 0x0000000080200000| Complete 
|   3|0x0000000080300000, 0x0000000080400000, 0x0000000080400000|100%| O|  |TAMS 0x0000000080400000, 0x0000000080300000| Untracked 
|   4|0x0000000080400000, 0x0000000080500000, 0x0000000080500000|100%| O|  |TAMS 0x0000000080500000, 0x0000000080400000| Untracked 
|   5|0x0000000080500000, 0x0000000080600000, 0x0000000080600000|100%| O|  |TAMS 0x0000000080600000, 0x0000000080500000| Untracked 
|   6|0x0000000080600000, 0x0000000080700000, 0x0000000080700000|100%|HS|  |TAMS 0x0000000080700000, 0x0000000080600000| Complete 
|   7|0x0000000080700000, 0x0000000080800000, 0x0000000080800000|100%| O|  |TAMS 0x0000000080800000, 0x0000000080700000| Untracked 
|   8|0x0000000080800000, 0x0000000080900000, 0x0000000080900000|100%| O|  |TAMS 0x0000000080900000, 0x0000000080800000| Untracked 
|   9|0x0000000080900000, 0x0000000080a00000, 0x0000000080a00000|100%| O|  |TAMS 0x0000000080a00000, 0x0000000080900000| Untracked 
|  10|0x0000000080a00000, 0x0000000080b00000, 0x0000000080b00000|100%| O|  |TAMS 0x0000000080b00000, 0x0000000080a00000| Untracked 
|  11|0x0000000080b00000, 0x0000000080c00000, 0x0000000080c00000|100%| O|  |TAMS 0x0000000080c00000, 0x0000000080b00000| Untracked 
|  12|0x0000000080c00000, 0x0000000080d00000, 0x0000000080d00000|100%| O|  |TAMS 0x0000000080d00000, 0x0000000080c00000| Untracked 
|  13|0x0000000080d00000, 0x0000000080e00000, 0x0000000080e00000|100%| O|  |TAMS 0x0000000080e00000, 0x0000000080d00000| Untracked 
|  14|0x0000000080e00000, 0x0000000080f00000, 0x0000000080f00000|100%| O|  |TAMS 0x0000000080f00000, 0x0000000080e00000| Untracked 
|  15|0x0000000080f00000, 0x0000000081000000, 0x0000000081000000|100%| O|  |TAMS 0x0000000081000000, 0x0000000080f00000| Untracked 
|  16|0x0000000081000000, 0x0000000081100000, 0x0000000081100000|100%| O|  |TAMS 0x0000000081100000, 0x0000000081000000| Untracked 
|  17|0x0000000081100000, 0x0000000081200000, 0x0000000081200000|100%| O|  |TAMS 0x0000000081200000, 0x0000000081100000| Untracked 
|  18|0x0000000081200000, 0x0000000081300000, 0x0000000081300000|100%| O|  |TAMS 0x0000000081300000, 0x0000000081200000| Untracked 
|  19|0x0000000081300000, 0x0000000081400000, 0x0000000081400000|100%| O|  |TAMS 0x0000000081400000, 0x0000000081300000| Untracked 
|  20|0x0000000081400000, 0x0000000081500000, 0x0000000081500000|100%| O|  |TAMS 0x0000000081500000, 0x0000000081400000| Untracked 
|  21|0x0000000081500000, 0x0000000081600000, 0x0000000081600000|100%| O|  |TAMS 0x0000000081600000, 0x0000000081500000| Untracked 
|  22|0x0000000081600000, 0x0000000081700000, 0x0000000081700000|100%| O|  |TAMS 0x0000000081700000, 0x0000000081600000| Untracked 
|  23|0x0000000081700000, 0x0000000081800000, 0x0000000081800000|100%| O|  |TAMS 0x0000000081800000, 0x0000000081700000| Untracked 
|  24|0x0000000081800000, 0x0000000081900000, 0x0000000081900000|100%| O|  |TAMS 0x0000000081900000, 0x0000000081800000| Untracked 
|  25|0x0000000081900000, 0x0000000081a00000, 0x0000000081a00000|100%| O|  |TAMS 0x0000000081a00000, 0x0000000081900000| Untracked 
|  26|0x0000000081a00000, 0x0000000081b00000, 0x0000000081b00000|100%| O|  |TAMS 0x0000000081b00000, 0x0000000081a00000| Untracked 
|  27|0x0000000081b00000, 0x0000000081c00000, 0x0000000081c00000|100%| O|  |TAMS 0x0000000081c00000, 0x0000000081b00000| Untracked 
|  28|0x0000000081c00000, 0x0000000081d00000, 0x0000000081d00000|100%| O|  |TAMS 0x0000000081d00000, 0x0000000081c00000| Untracked 
|  29|0x0000000081d00000, 0x0000000081e00000, 0x0000000081e00000|100%| O|  |TAMS 0x0000000081e00000, 0x0000000081d00000| Untracked 
|  30|0x0000000081e00000, 0x0000000081f00000, 0x0000000081f00000|100%| O|  |TAMS 0x0000000081f00000, 0x0000000081e00000| Untracked 
|  31|0x0000000081f00000, 0x0000000082000000, 0x0000000082000000|100%| O|  |TAMS 0x0000000082000000, 0x0000000081f00000| Untracked 
|  32|0x0000000082000000, 0x0000000082100000, 0x0000000082100000|100%| O|  |TAMS 0x0000000082100000, 0x0000000082000000| Untracked 
|  33|0x0000000082100000, 0x0000000082200000, 0x0000000082200000|100%| O|  |TAMS 0x0000000082200000, 0x0000000082100000| Untracked 
|  34|0x0000000082200000, 0x0000000082300000, 0x0000000082300000|100%| O|  |TAMS 0x0000000082300000, 0x0000000082200000| Untracked 
|  35|0x0000000082300000, 0x0000000082400000, 0x0000000082400000|100%| O|  |TAMS 0x0000000082400000, 0x0000000082300000| Untracked 
|  36|0x0000000082400000, 0x0000000082500000, 0x0000000082500000|100%| O|  |TAMS 0x0000000082500000, 0x0000000082400000| Untracked 
|  37|0x0000000082500000, 0x0000000082600000, 0x0000000082600000|100%| O|  |TAMS 0x0000000082600000, 0x0000000082500000| Untracked 
|  38|0x0000000082600000, 0x0000000082700000, 0x0000000082700000|100%| O|  |TAMS 0x0000000082700000, 0x0000000082600000| Untracked 
|  39|0x0000000082700000, 0x0000000082800000, 0x0000000082800000|100%| O|  |TAMS 0x0000000082800000, 0x0000000082700000| Untracked 
|  40|0x0000000082800000, 0x0000000082900000, 0x0000000082900000|100%| O|  |TAMS 0x0000000082900000, 0x0000000082800000| Untracked 
|  41|0x0000000082900000, 0x0000000082a00000, 0x0000000082a00000|100%| O|  |TAMS 0x0000000082a00000, 0x0000000082900000| Untracked 
|  42|0x0000000082a00000, 0x0000000082b00000, 0x0000000082b00000|100%|HS|  |TAMS 0x0000000082b00000, 0x0000000082a00000| Complete 
|  43|0x0000000082b00000, 0x0000000082c00000, 0x0000000082c00000|100%|HC|  |TAMS 0x0000000082c00000, 0x0000000082b00000| Complete 
|  44|0x0000000082c00000, 0x0000000082d00000, 0x0000000082d00000|100%|HC|  |TAMS 0x0000000082d00000, 0x0000000082c00000| Complete 
|  45|0x0000000082d00000, 0x0000000082e00000, 0x0000000082e00000|100%|HS|  |TAMS 0x0000000082e00000, 0x0000000082d00000| Complete 
|  46|0x0000000082e00000, 0x0000000082f00000, 0x0000000082f00000|100%|HC|  |TAMS 0x0000000082f00000, 0x0000000082e00000| Complete 
|  47|0x0000000082f00000, 0x0000000083000000, 0x0000000083000000|100%|HC|  |TAMS 0x0000000083000000, 0x0000000082f00000| Complete 
|  48|0x0000000083000000, 0x0000000083100000, 0x0000000083100000|100%| O|  |TAMS 0x0000000083100000, 0x0000000083000000| Untracked 
|  49|0x0000000083100000, 0x0000000083200000, 0x0000000083200000|100%| O|  |TAMS 0x0000000083100000, 0x0000000083100000| Untracked 
|  50|0x0000000083200000, 0x0000000083300000, 0x0000000083300000|100%| O|  |TAMS 0x0000000083300000, 0x0000000083200000| Untracked 
|  51|0x0000000083300000, 0x0000000083400000, 0x0000000083400000|100%| O|  |TAMS 0x0000000083400000, 0x0000000083300000| Untracked 
|  52|0x0000000083400000, 0x0000000083500000, 0x0000000083500000|100%| O|  |TAMS 0x0000000083500000, 0x0000000083400000| Untracked 
|  53|0x0000000083500000, 0x0000000083600000, 0x0000000083600000|100%| O|  |TAMS 0x0000000083600000, 0x0000000083500000| Untracked 
|  54|0x0000000083600000, 0x0000000083700000, 0x0000000083700000|100%| O|  |TAMS 0x0000000083700000, 0x0000000083600000| Untracked 
|  55|0x0000000083700000, 0x0000000083800000, 0x0000000083800000|100%| O|  |TAMS 0x0000000083800000, 0x0000000083700000| Untracked 
|  56|0x0000000083800000, 0x0000000083900000, 0x0000000083900000|100%| O|  |TAMS 0x0000000083900000, 0x0000000083800000| Untracked 
|  57|0x0000000083900000, 0x0000000083900000, 0x0000000083a00000|  0%| F|  |TAMS 0x0000000083900000, 0x0000000083900000| Untracked 
|  58|0x0000000083a00000, 0x0000000083b00000, 0x0000000083b00000|100%| O|  |TAMS 0x0000000083a00000, 0x0000000083a00000| Untracked 
|  59|0x0000000083b00000, 0x0000000083c00000, 0x0000000083c00000|100%| O|  |TAMS 0x0000000083b00000, 0x0000000083b00000| Untracked 
|  60|0x0000000083c00000, 0x0000000083d00000, 0x0000000083d00000|100%| O|  |TAMS 0x0000000083d00000, 0x0000000083c00000| Untracked 
|  61|0x0000000083d00000, 0x0000000083e00000, 0x0000000083e00000|100%| O|  |TAMS 0x0000000083e00000, 0x0000000083d00000| Untracked 
|  62|0x0000000083e00000, 0x0000000083f00000, 0x0000000083f00000|100%| O|  |TAMS 0x0000000083f00000, 0x0000000083e00000| Untracked 
|  63|0x0000000083f00000, 0x0000000084000000, 0x0000000084000000|100%| O|  |TAMS 0x0000000084000000, 0x0000000083f00000| Untracked 
|  64|0x0000000084000000, 0x0000000084100000, 0x0000000084100000|100%| O|  |TAMS 0x0000000084100000, 0x0000000084000000| Untracked 
|  65|0x0000000084100000, 0x0000000084200000, 0x0000000084200000|100%| O|  |TAMS 0x0000000084200000, 0x0000000084100000| Untracked 
|  66|0x0000000084200000, 0x0000000084300000, 0x0000000084300000|100%| O|  |TAMS 0x0000000084300000, 0x0000000084200000| Untracked 
|  67|0x0000000084300000, 0x0000000084400000, 0x0000000084400000|100%| O|  |TAMS 0x0000000084400000, 0x0000000084300000| Untracked 
|  68|0x0000000084400000, 0x0000000084500000, 0x0000000084500000|100%| O|  |TAMS 0x0000000084500000, 0x0000000084400000| Untracked 
|  69|0x0000000084500000, 0x0000000084600000, 0x0000000084600000|100%| O|  |TAMS 0x0000000084600000, 0x0000000084500000| Untracked 
|  70|0x0000000084600000, 0x0000000084700000, 0x0000000084700000|100%| O|  |TAMS 0x0000000084700000, 0x0000000084600000| Untracked 
|  71|0x0000000084700000, 0x0000000084800000, 0x0000000084800000|100%| O|  |TAMS 0x0000000084800000, 0x0000000084700000| Untracked 
|  72|0x0000000084800000, 0x0000000084900000, 0x0000000084900000|100%| O|  |TAMS 0x0000000084900000, 0x0000000084800000| Untracked 
|  73|0x0000000084900000, 0x0000000084a00000, 0x0000000084a00000|100%|HS|  |TAMS 0x0000000084a00000, 0x0000000084900000| Complete 
|  74|0x0000000084a00000, 0x0000000084b00000, 0x0000000084b00000|100%|HS|  |TAMS 0x0000000084b00000, 0x0000000084a00000| Complete 
|  75|0x0000000084b00000, 0x0000000084c00000, 0x0000000084c00000|100%|HS|  |TAMS 0x0000000084c00000, 0x0000000084b00000| Complete 
|  76|0x0000000084c00000, 0x0000000084d00000, 0x0000000084d00000|100%|HS|  |TAMS 0x0000000084d00000, 0x0000000084c00000| Complete 
|  77|0x0000000084d00000, 0x0000000084e00000, 0x0000000084e00000|100%| O|  |TAMS 0x0000000084e00000, 0x0000000084d00000| Untracked 
|  78|0x0000000084e00000, 0x0000000084f00000, 0x0000000084f00000|100%|HS|  |TAMS 0x0000000084f00000, 0x0000000084e00000| Complete 
|  79|0x0000000084f00000, 0x0000000085000000, 0x0000000085000000|100%|HS|  |TAMS 0x0000000085000000, 0x0000000084f00000| Complete 
|  80|0x0000000085000000, 0x0000000085100000, 0x0000000085100000|100%| O|  |TAMS 0x0000000085100000, 0x0000000085000000| Untracked 
|  81|0x0000000085100000, 0x0000000085200000, 0x0000000085200000|100%| O|  |TAMS 0x0000000085200000, 0x0000000085100000| Untracked 
|  82|0x0000000085200000, 0x0000000085300000, 0x0000000085300000|100%| O|  |TAMS 0x0000000085300000, 0x0000000085200000| Untracked 
|  83|0x0000000085300000, 0x0000000085400000, 0x0000000085400000|100%| O|  |TAMS 0x0000000085400000, 0x0000000085300000| Untracked 
|  84|0x0000000085400000, 0x0000000085500000, 0x0000000085500000|100%| O|  |TAMS 0x0000000085500000, 0x0000000085400000| Untracked 
|  85|0x0000000085500000, 0x0000000085600000, 0x0000000085600000|100%| O|  |TAMS 0x0000000085600000, 0x0000000085500000| Untracked 
|  86|0x0000000085600000, 0x0000000085700000, 0x0000000085700000|100%| O|  |TAMS 0x0000000085700000, 0x0000000085600000| Untracked 
|  87|0x0000000085700000, 0x0000000085800000, 0x0000000085800000|100%| O|  |TAMS 0x0000000085800000, 0x0000000085700000| Untracked 
|  88|0x0000000085800000, 0x0000000085800000, 0x0000000085900000|  0%| F|  |TAMS 0x0000000085800000, 0x0000000085800000| Untracked 
|  89|0x0000000085900000, 0x0000000085a00000, 0x0000000085a00000|100%| O|  |TAMS 0x0000000085a00000, 0x0000000085900000| Untracked 
|  90|0x0000000085a00000, 0x0000000085b00000, 0x0000000085b00000|100%| O|  |TAMS 0x0000000085b00000, 0x0000000085a00000| Untracked 
|  91|0x0000000085b00000, 0x0000000085c00000, 0x0000000085c00000|100%| O|  |TAMS 0x0000000085c00000, 0x0000000085b00000| Untracked 
|  92|0x0000000085c00000, 0x0000000085d00000, 0x0000000085d00000|100%|HS|  |TAMS 0x0000000085d00000, 0x0000000085c00000| Complete 
|  93|0x0000000085d00000, 0x0000000085e00000, 0x0000000085e00000|100%|HC|  |TAMS 0x0000000085e00000, 0x0000000085d00000| Complete 
|  94|0x0000000085e00000, 0x0000000085f00000, 0x0000000085f00000|100%|HC|  |TAMS 0x0000000085f00000, 0x0000000085e00000| Complete 
|  95|0x0000000085f00000, 0x0000000086000000, 0x0000000086000000|100%|HS|  |TAMS 0x0000000086000000, 0x0000000085f00000| Complete 
|  96|0x0000000086000000, 0x0000000086100000, 0x0000000086100000|100%| O|  |TAMS 0x0000000086100000, 0x0000000086000000| Untracked 
|  97|0x0000000086100000, 0x0000000086200000, 0x0000000086200000|100%| O|  |TAMS 0x0000000086200000, 0x0000000086100000| Untracked 
|  98|0x0000000086200000, 0x0000000086300000, 0x0000000086300000|100%| O|  |TAMS 0x0000000086300000, 0x0000000086200000| Untracked 
|  99|0x0000000086300000, 0x0000000086400000, 0x0000000086400000|100%| O|  |TAMS 0x0000000086400000, 0x0000000086300000| Untracked 
| 100|0x0000000086400000, 0x0000000086500000, 0x0000000086500000|100%| O|  |TAMS 0x0000000086500000, 0x0000000086400000| Untracked 
| 101|0x0000000086500000, 0x0000000086600000, 0x0000000086600000|100%| O|  |TAMS 0x0000000086600000, 0x0000000086500000| Untracked 
| 102|0x0000000086600000, 0x0000000086700000, 0x0000000086700000|100%| O|  |TAMS 0x0000000086700000, 0x0000000086600000| Untracked 
| 103|0x0000000086700000, 0x0000000086800000, 0x0000000086800000|100%| O|  |TAMS 0x0000000086800000, 0x0000000086700000| Untracked 
| 104|0x0000000086800000, 0x0000000086900000, 0x0000000086900000|100%| O|  |TAMS 0x0000000086900000, 0x0000000086800000| Untracked 
| 105|0x0000000086900000, 0x0000000086a00000, 0x0000000086a00000|100%| O|  |TAMS 0x0000000086a00000, 0x0000000086900000| Untracked 
| 106|0x0000000086a00000, 0x0000000086b00000, 0x0000000086b00000|100%| O|  |TAMS 0x0000000086b00000, 0x0000000086a00000| Untracked 
| 107|0x0000000086b00000, 0x0000000086c00000, 0x0000000086c00000|100%| O|  |TAMS 0x0000000086c00000, 0x0000000086b00000| Untracked 
| 108|0x0000000086c00000, 0x0000000086d00000, 0x0000000086d00000|100%| O|  |TAMS 0x0000000086d00000, 0x0000000086c00000| Untracked 
| 109|0x0000000086d00000, 0x0000000086e00000, 0x0000000086e00000|100%| O|  |TAMS 0x0000000086e00000, 0x0000000086d00000| Untracked 
| 110|0x0000000086e00000, 0x0000000086f00000, 0x0000000086f00000|100%| O|  |TAMS 0x0000000086e00000, 0x0000000086e00000| Untracked 
| 111|0x0000000086f00000, 0x0000000087000000, 0x0000000087000000|100%| O|  |TAMS 0x0000000087000000, 0x0000000086f00000| Untracked 
| 112|0x0000000087000000, 0x0000000087100000, 0x0000000087100000|100%| O|  |TAMS 0x0000000087100000, 0x0000000087000000| Untracked 
| 113|0x0000000087100000, 0x0000000087200000, 0x0000000087200000|100%| O|  |TAMS 0x0000000087200000, 0x0000000087100000| Untracked 
| 114|0x0000000087200000, 0x0000000087300000, 0x0000000087300000|100%| O|  |TAMS 0x0000000087300000, 0x0000000087200000| Untracked 
| 115|0x0000000087300000, 0x0000000087400000, 0x0000000087400000|100%| O|  |TAMS 0x0000000087400000, 0x0000000087300000| Untracked 
| 116|0x0000000087400000, 0x0000000087500000, 0x0000000087500000|100%| O|  |TAMS 0x0000000087500000, 0x0000000087400000| Untracked 
| 117|0x0000000087500000, 0x0000000087600000, 0x0000000087600000|100%| O|  |TAMS 0x0000000087600000, 0x0000000087500000| Untracked 
| 118|0x0000000087600000, 0x0000000087700000, 0x0000000087700000|100%| O|  |TAMS 0x0000000087700000, 0x0000000087600000| Untracked 
| 119|0x0000000087700000, 0x0000000087800000, 0x0000000087800000|100%| O|  |TAMS 0x0000000087800000, 0x0000000087700000| Untracked 
| 120|0x0000000087800000, 0x0000000087900000, 0x0000000087900000|100%| O|  |TAMS 0x0000000087900000, 0x0000000087800000| Untracked 
| 121|0x0000000087900000, 0x0000000087900000, 0x0000000087a00000|  0%| F|  |TAMS 0x0000000087900000, 0x0000000087900000| Untracked 
| 122|0x0000000087a00000, 0x0000000087b00000, 0x0000000087b00000|100%| O|  |TAMS 0x0000000087b00000, 0x0000000087a00000| Untracked 
| 123|0x0000000087b00000, 0x0000000087c00000, 0x0000000087c00000|100%| O|  |TAMS 0x0000000087c00000, 0x0000000087b00000| Untracked 
| 124|0x0000000087c00000, 0x0000000087d00000, 0x0000000087d00000|100%| O|  |TAMS 0x0000000087d00000, 0x0000000087c00000| Untracked 
| 125|0x0000000087d00000, 0x0000000087e00000, 0x0000000087e00000|100%| O|  |TAMS 0x0000000087e00000, 0x0000000087d00000| Untracked 
| 126|0x0000000087e00000, 0x0000000087f00000, 0x0000000087f00000|100%| O|  |TAMS 0x0000000087f00000, 0x0000000087e00000| Untracked 
| 127|0x0000000087f00000, 0x0000000088000000, 0x0000000088000000|100%|HS|  |TAMS 0x0000000088000000, 0x0000000087f00000| Complete 
| 128|0x0000000088000000, 0x0000000088100000, 0x0000000088100000|100%|HS|  |TAMS 0x0000000088100000, 0x0000000088000000| Complete 
| 129|0x0000000088100000, 0x0000000088200000, 0x0000000088200000|100%|HS|  |TAMS 0x0000000088200000, 0x0000000088100000| Complete 
| 130|0x0000000088200000, 0x0000000088300000, 0x0000000088300000|100%| O|  |TAMS 0x0000000088300000, 0x0000000088200000| Untracked 
| 131|0x0000000088300000, 0x0000000088400000, 0x0000000088400000|100%| O|  |TAMS 0x0000000088300000, 0x0000000088300000| Untracked 
| 132|0x0000000088400000, 0x0000000088500000, 0x0000000088500000|100%| O|  |TAMS 0x0000000088500000, 0x0000000088400000| Untracked 
| 133|0x0000000088500000, 0x0000000088600000, 0x0000000088600000|100%| O|  |TAMS 0x0000000088600000, 0x0000000088500000| Untracked 
| 134|0x0000000088600000, 0x0000000088700000, 0x0000000088700000|100%| O|  |TAMS 0x0000000088700000, 0x0000000088600000| Untracked 
| 135|0x0000000088700000, 0x0000000088800000, 0x0000000088800000|100%| O|  |TAMS 0x0000000088800000, 0x0000000088700000| Untracked 
| 136|0x0000000088800000, 0x0000000088900000, 0x0000000088900000|100%| O|  |TAMS 0x0000000088900000, 0x0000000088800000| Untracked 
| 137|0x0000000088900000, 0x0000000088900000, 0x0000000088a00000|  0%| F|  |TAMS 0x0000000088900000, 0x0000000088900000| Untracked 
| 138|0x0000000088a00000, 0x0000000088b00000, 0x0000000088b00000|100%| O|  |TAMS 0x0000000088b00000, 0x0000000088a00000| Untracked 
| 139|0x0000000088b00000, 0x0000000088c00000, 0x0000000088c00000|100%| O|  |TAMS 0x0000000088c00000, 0x0000000088b00000| Untracked 
| 140|0x0000000088c00000, 0x0000000088d00000, 0x0000000088d00000|100%| O|  |TAMS 0x0000000088d00000, 0x0000000088c00000| Untracked 
| 141|0x0000000088d00000, 0x0000000088e00000, 0x0000000088e00000|100%| O|  |TAMS 0x0000000088e00000, 0x0000000088d00000| Untracked 
| 142|0x0000000088e00000, 0x0000000088f00000, 0x0000000088f00000|100%| O|  |TAMS 0x0000000088f00000, 0x0000000088e00000| Untracked 
| 143|0x0000000088f00000, 0x0000000089000000, 0x0000000089000000|100%| O|  |TAMS 0x0000000089000000, 0x0000000088f00000| Untracked 
| 144|0x0000000089000000, 0x0000000089100000, 0x0000000089100000|100%| O|  |TAMS 0x0000000089100000, 0x0000000089000000| Untracked 
| 145|0x0000000089100000, 0x0000000089200000, 0x0000000089200000|100%| O|  |TAMS 0x0000000089200000, 0x0000000089100000| Untracked 
| 146|0x0000000089200000, 0x0000000089300000, 0x0000000089300000|100%| O|  |TAMS 0x0000000089300000, 0x0000000089200000| Untracked 
| 147|0x0000000089300000, 0x0000000089300000, 0x0000000089400000|  0%| F|  |TAMS 0x0000000089300000, 0x0000000089300000| Untracked 
| 148|0x0000000089400000, 0x0000000089500000, 0x0000000089500000|100%| O|  |TAMS 0x0000000089500000, 0x0000000089400000| Untracked 
| 149|0x0000000089500000, 0x0000000089600000, 0x0000000089600000|100%| O|  |TAMS 0x0000000089600000, 0x0000000089500000| Untracked 
| 150|0x0000000089600000, 0x0000000089700000, 0x0000000089700000|100%| O|  |TAMS 0x0000000089700000, 0x0000000089600000| Untracked 
| 151|0x0000000089700000, 0x0000000089800000, 0x0000000089800000|100%|HS|  |TAMS 0x0000000089800000, 0x0000000089700000| Complete 
| 152|0x0000000089800000, 0x0000000089900000, 0x0000000089900000|100%|HS|  |TAMS 0x0000000089900000, 0x0000000089800000| Complete 
| 153|0x0000000089900000, 0x0000000089a00000, 0x0000000089a00000|100%|HS|  |TAMS 0x0000000089a00000, 0x0000000089900000| Complete 
| 154|0x0000000089a00000, 0x0000000089b00000, 0x0000000089b00000|100%| O|  |TAMS 0x0000000089b00000, 0x0000000089a00000| Untracked 
| 155|0x0000000089b00000, 0x0000000089c00000, 0x0000000089c00000|100%| O|  |TAMS 0x0000000089c00000, 0x0000000089b00000| Untracked 
| 156|0x0000000089c00000, 0x0000000089d00000, 0x0000000089d00000|100%| O|  |TAMS 0x0000000089d00000, 0x0000000089c00000| Untracked 
| 157|0x0000000089d00000, 0x0000000089e00000, 0x0000000089e00000|100%| O|  |TAMS 0x0000000089e00000, 0x0000000089d00000| Untracked 
| 158|0x0000000089e00000, 0x0000000089f00000, 0x0000000089f00000|100%| O|  |TAMS 0x0000000089f00000, 0x0000000089e00000| Untracked 
| 159|0x0000000089f00000, 0x000000008a000000, 0x000000008a000000|100%| O|  |TAMS 0x000000008a000000, 0x0000000089f00000| Untracked 
| 160|0x000000008a000000, 0x000000008a100000, 0x000000008a100000|100%| O|  |TAMS 0x000000008a100000, 0x000000008a000000| Untracked 
| 161|0x000000008a100000, 0x000000008a200000, 0x000000008a200000|100%| O|  |TAMS 0x000000008a200000, 0x000000008a100000| Untracked 
| 162|0x000000008a200000, 0x000000008a300000, 0x000000008a300000|100%| O|  |TAMS 0x000000008a300000, 0x000000008a200000| Untracked 
| 163|0x000000008a300000, 0x000000008a400000, 0x000000008a400000|100%| O|  |TAMS 0x000000008a400000, 0x000000008a300000| Untracked 
| 164|0x000000008a400000, 0x000000008a500000, 0x000000008a500000|100%| O|  |TAMS 0x000000008a500000, 0x000000008a400000| Untracked 
| 165|0x000000008a500000, 0x000000008a600000, 0x000000008a600000|100%| O|  |TAMS 0x000000008a600000, 0x000000008a500000| Untracked 
| 166|0x000000008a600000, 0x000000008a700000, 0x000000008a700000|100%| O|  |TAMS 0x000000008a700000, 0x000000008a600000| Untracked 
| 167|0x000000008a700000, 0x000000008a800000, 0x000000008a800000|100%| O|  |TAMS 0x000000008a800000, 0x000000008a700000| Untracked 
| 168|0x000000008a800000, 0x000000008a900000, 0x000000008a900000|100%| O|  |TAMS 0x000000008a900000, 0x000000008a800000| Untracked 
| 169|0x000000008a900000, 0x000000008aa00000, 0x000000008aa00000|100%| O|  |TAMS 0x000000008a93a000, 0x000000008a900000| Untracked 
| 170|0x000000008aa00000, 0x000000008ab00000, 0x000000008ab00000|100%| O|  |TAMS 0x000000008aa00000, 0x000000008aa00000| Untracked 
| 171|0x000000008ab00000, 0x000000008ac00000, 0x000000008ac00000|100%| O|  |TAMS 0x000000008ab00000, 0x000000008ab00000| Untracked 
| 172|0x000000008ac00000, 0x000000008ad00000, 0x000000008ad00000|100%| O|  |TAMS 0x000000008ac00000, 0x000000008ac00000| Untracked 
| 173|0x000000008ad00000, 0x000000008ae00000, 0x000000008ae00000|100%| O|  |TAMS 0x000000008ad00000, 0x000000008ad00000| Untracked 
| 174|0x000000008ae00000, 0x000000008af00000, 0x000000008af00000|100%| O|  |TAMS 0x000000008ae00000, 0x000000008ae00000| Untracked 
| 175|0x000000008af00000, 0x000000008b000000, 0x000000008b000000|100%| O|  |TAMS 0x000000008af00000, 0x000000008af00000| Untracked 
| 176|0x000000008b000000, 0x000000008b100000, 0x000000008b100000|100%| O|  |TAMS 0x000000008b000000, 0x000000008b000000| Untracked 
| 177|0x000000008b100000, 0x000000008b200000, 0x000000008b200000|100%| O|  |TAMS 0x000000008b100000, 0x000000008b100000| Untracked 
| 178|0x000000008b200000, 0x000000008b300000, 0x000000008b300000|100%| O|  |TAMS 0x000000008b200000, 0x000000008b200000| Untracked 
| 179|0x000000008b300000, 0x000000008b400000, 0x000000008b400000|100%| O|  |TAMS 0x000000008b300000, 0x000000008b300000| Untracked 
| 180|0x000000008b400000, 0x000000008b500000, 0x000000008b500000|100%| O|  |TAMS 0x000000008b400000, 0x000000008b400000| Untracked 
| 181|0x000000008b500000, 0x000000008b600000, 0x000000008b600000|100%| O|  |TAMS 0x000000008b500000, 0x000000008b500000| Untracked 
| 182|0x000000008b600000, 0x000000008b700000, 0x000000008b700000|100%| O|  |TAMS 0x000000008b600000, 0x000000008b600000| Untracked 
| 183|0x000000008b700000, 0x000000008b800000, 0x000000008b800000|100%| O|  |TAMS 0x000000008b700000, 0x000000008b700000| Untracked 
| 184|0x000000008b800000, 0x000000008b900000, 0x000000008b900000|100%| O|  |TAMS 0x000000008b800000, 0x000000008b800000| Untracked 
| 185|0x000000008b900000, 0x000000008ba00000, 0x000000008ba00000|100%| O|  |TAMS 0x000000008b900000, 0x000000008b900000| Untracked 
| 186|0x000000008ba00000, 0x000000008bb00000, 0x000000008bb00000|100%| O|  |TAMS 0x000000008ba00000, 0x000000008ba00000| Untracked 
| 187|0x000000008bb00000, 0x000000008bc00000, 0x000000008bc00000|100%| O|  |TAMS 0x000000008bb00000, 0x000000008bb00000| Untracked 
| 188|0x000000008bc00000, 0x000000008bc00000, 0x000000008bd00000|  0%| F|  |TAMS 0x000000008bc00000, 0x000000008bc00000| Untracked 
| 189|0x000000008bd00000, 0x000000008bd00000, 0x000000008be00000|  0%| F|  |TAMS 0x000000008bd00000, 0x000000008bd00000| Untracked 
| 190|0x000000008be00000, 0x000000008be00000, 0x000000008bf00000|  0%| F|  |TAMS 0x000000008be00000, 0x000000008be00000| Untracked 
| 191|0x000000008bf00000, 0x000000008bf00000, 0x000000008c000000|  0%| F|  |TAMS 0x000000008bf00000, 0x000000008bf00000| Untracked 
| 192|0x000000008c000000, 0x000000008c000000, 0x000000008c100000|  0%| F|  |TAMS 0x000000008c000000, 0x000000008c000000| Untracked 
| 193|0x000000008c100000, 0x000000008c100000, 0x000000008c200000|  0%| F|  |TAMS 0x000000008c100000, 0x000000008c100000| Untracked 
| 194|0x000000008c200000, 0x000000008c200000, 0x000000008c300000|  0%| F|  |TAMS 0x000000008c200000, 0x000000008c200000| Untracked 
| 195|0x000000008c300000, 0x000000008c300000, 0x000000008c400000|  0%| F|  |TAMS 0x000000008c300000, 0x000000008c300000| Untracked 
| 196|0x000000008c400000, 0x000000008c400000, 0x000000008c500000|  0%| F|  |TAMS 0x000000008c400000, 0x000000008c400000| Untracked 
| 197|0x000000008c500000, 0x000000008c500000, 0x000000008c600000|  0%| F|  |TAMS 0x000000008c500000, 0x000000008c500000| Untracked 
| 198|0x000000008c600000, 0x000000008c600000, 0x000000008c700000|  0%| F|  |TAMS 0x000000008c600000, 0x000000008c600000| Untracked 
| 199|0x000000008c700000, 0x000000008c700000, 0x000000008c800000|  0%| F|  |TAMS 0x000000008c700000, 0x000000008c700000| Untracked 
| 200|0x000000008c800000, 0x000000008c800000, 0x000000008c900000|  0%| F|  |TAMS 0x000000008c800000, 0x000000008c800000| Untracked 
| 201|0x000000008c900000, 0x000000008c900000, 0x000000008ca00000|  0%| F|  |TAMS 0x000000008c900000, 0x000000008c900000| Untracked 
| 202|0x000000008ca00000, 0x000000008ca00000, 0x000000008cb00000|  0%| F|  |TAMS 0x000000008ca00000, 0x000000008ca00000| Untracked 
| 203|0x000000008cb00000, 0x000000008cb00000, 0x000000008cc00000|  0%| F|  |TAMS 0x000000008cb00000, 0x000000008cb00000| Untracked 
| 204|0x000000008cc00000, 0x000000008cc00000, 0x000000008cd00000|  0%| F|  |TAMS 0x000000008cc00000, 0x000000008cc00000| Untracked 
| 205|0x000000008cd00000, 0x000000008cd00000, 0x000000008ce00000|  0%| F|  |TAMS 0x000000008cd00000, 0x000000008cd00000| Untracked 
| 206|0x000000008ce00000, 0x000000008ce00000, 0x000000008cf00000|  0%| F|  |TAMS 0x000000008ce00000, 0x000000008ce00000| Untracked 
| 207|0x000000008cf00000, 0x000000008cf00000, 0x000000008d000000|  0%| F|  |TAMS 0x000000008cf00000, 0x000000008cf00000| Untracked 
| 208|0x000000008d000000, 0x000000008d000000, 0x000000008d100000|  0%| F|  |TAMS 0x000000008d000000, 0x000000008d000000| Untracked 
| 209|0x000000008d100000, 0x000000008d100000, 0x000000008d200000|  0%| F|  |TAMS 0x000000008d100000, 0x000000008d100000| Untracked 
| 210|0x000000008d200000, 0x000000008d200000, 0x000000008d300000|  0%| F|  |TAMS 0x000000008d200000, 0x000000008d200000| Untracked 
| 211|0x000000008d300000, 0x000000008d300000, 0x000000008d400000|  0%| F|  |TAMS 0x000000008d300000, 0x000000008d300000| Untracked 
| 212|0x000000008d400000, 0x000000008d400000, 0x000000008d500000|  0%| F|  |TAMS 0x000000008d400000, 0x000000008d400000| Untracked 
| 213|0x000000008d500000, 0x000000008d500000, 0x000000008d600000|  0%| F|  |TAMS 0x000000008d500000, 0x000000008d500000| Untracked 
| 214|0x000000008d600000, 0x000000008d600000, 0x000000008d700000|  0%| F|  |TAMS 0x000000008d600000, 0x000000008d600000| Untracked 
| 215|0x000000008d700000, 0x000000008d700000, 0x000000008d800000|  0%| F|  |TAMS 0x000000008d700000, 0x000000008d700000| Untracked 
| 216|0x000000008d800000, 0x000000008d800000, 0x000000008d900000|  0%| F|  |TAMS 0x000000008d800000, 0x000000008d800000| Untracked 
| 217|0x000000008d900000, 0x000000008d900000, 0x000000008da00000|  0%| F|  |TAMS 0x000000008d900000, 0x000000008d900000| Untracked 
| 218|0x000000008da00000, 0x000000008da00000, 0x000000008db00000|  0%| F|  |TAMS 0x000000008da00000, 0x000000008da00000| Untracked 
| 219|0x000000008db00000, 0x000000008db00000, 0x000000008dc00000|  0%| F|  |TAMS 0x000000008db00000, 0x000000008db00000| Untracked 
| 220|0x000000008dc00000, 0x000000008dc00000, 0x000000008dd00000|  0%| F|  |TAMS 0x000000008dc00000, 0x000000008dc00000| Untracked 
| 221|0x000000008dd00000, 0x000000008dd00000, 0x000000008de00000|  0%| F|  |TAMS 0x000000008dd00000, 0x000000008dd00000| Untracked 
| 222|0x000000008de00000, 0x000000008de00000, 0x000000008df00000|  0%| F|  |TAMS 0x000000008de00000, 0x000000008de00000| Untracked 
| 223|0x000000008df00000, 0x000000008df00000, 0x000000008e000000|  0%| F|  |TAMS 0x000000008df00000, 0x000000008df00000| Untracked 
| 224|0x000000008e000000, 0x000000008e000000, 0x000000008e100000|  0%| F|  |TAMS 0x000000008e000000, 0x000000008e000000| Untracked 
| 225|0x000000008e100000, 0x000000008e100000, 0x000000008e200000|  0%| F|  |TAMS 0x000000008e100000, 0x000000008e100000| Untracked 
| 226|0x000000008e200000, 0x000000008e200000, 0x000000008e300000|  0%| F|  |TAMS 0x000000008e200000, 0x000000008e200000| Untracked 
| 227|0x000000008e300000, 0x000000008e300000, 0x000000008e400000|  0%| F|  |TAMS 0x000000008e300000, 0x000000008e300000| Untracked 
| 228|0x000000008e400000, 0x000000008e400000, 0x000000008e500000|  0%| F|  |TAMS 0x000000008e400000, 0x000000008e400000| Untracked 
| 229|0x000000008e500000, 0x000000008e500000, 0x000000008e600000|  0%| F|  |TAMS 0x000000008e500000, 0x000000008e500000| Untracked 
| 230|0x000000008e600000, 0x000000008e600000, 0x000000008e700000|  0%| F|  |TAMS 0x000000008e600000, 0x000000008e600000| Untracked 
| 231|0x000000008e700000, 0x000000008e700000, 0x000000008e800000|  0%| F|  |TAMS 0x000000008e700000, 0x000000008e700000| Untracked 
| 232|0x000000008e800000, 0x000000008e800000, 0x000000008e900000|  0%| F|  |TAMS 0x000000008e800000, 0x000000008e800000| Untracked 
| 233|0x000000008e900000, 0x000000008e900000, 0x000000008ea00000|  0%| F|  |TAMS 0x000000008e900000, 0x000000008e900000| Untracked 
| 234|0x000000008ea00000, 0x000000008ea00000, 0x000000008eb00000|  0%| F|  |TAMS 0x000000008ea00000, 0x000000008ea00000| Untracked 
| 235|0x000000008eb00000, 0x000000008eb00000, 0x000000008ec00000|  0%| F|  |TAMS 0x000000008eb00000, 0x000000008eb00000| Untracked 
| 236|0x000000008ec00000, 0x000000008ec00000, 0x000000008ed00000|  0%| F|  |TAMS 0x000000008ec00000, 0x000000008ec00000| Untracked 
| 237|0x000000008ed00000, 0x000000008ed00000, 0x000000008ee00000|  0%| F|  |TAMS 0x000000008ed00000, 0x000000008ed00000| Untracked 
| 238|0x000000008ee00000, 0x000000008ee00000, 0x000000008ef00000|  0%| F|  |TAMS 0x000000008ee00000, 0x000000008ee00000| Untracked 
| 239|0x000000008ef00000, 0x000000008ef00000, 0x000000008f000000|  0%| F|  |TAMS 0x000000008ef00000, 0x000000008ef00000| Untracked 
| 240|0x000000008f000000, 0x000000008f000000, 0x000000008f100000|  0%| F|  |TAMS 0x000000008f000000, 0x000000008f000000| Untracked 
| 241|0x000000008f100000, 0x000000008f100000, 0x000000008f200000|  0%| F|  |TAMS 0x000000008f100000, 0x000000008f100000| Untracked 
| 242|0x000000008f200000, 0x000000008f200000, 0x000000008f300000|  0%| F|  |TAMS 0x000000008f200000, 0x000000008f200000| Untracked 
| 243|0x000000008f300000, 0x000000008f300000, 0x000000008f400000|  0%| F|  |TAMS 0x000000008f300000, 0x000000008f300000| Untracked 
| 244|0x000000008f400000, 0x000000008f400000, 0x000000008f500000|  0%| F|  |TAMS 0x000000008f400000, 0x000000008f400000| Untracked 
| 245|0x000000008f500000, 0x000000008f500000, 0x000000008f600000|  0%| F|  |TAMS 0x000000008f500000, 0x000000008f500000| Untracked 
| 246|0x000000008f600000, 0x000000008f600000, 0x000000008f700000|  0%| F|  |TAMS 0x000000008f600000, 0x000000008f600000| Untracked 
| 247|0x000000008f700000, 0x000000008f700000, 0x000000008f800000|  0%| F|  |TAMS 0x000000008f700000, 0x000000008f700000| Untracked 
| 248|0x000000008f800000, 0x000000008f800000, 0x000000008f900000|  0%| F|  |TAMS 0x000000008f800000, 0x000000008f800000| Untracked 
| 249|0x000000008f900000, 0x000000008f900000, 0x000000008fa00000|  0%| F|  |TAMS 0x000000008f900000, 0x000000008f900000| Untracked 
| 250|0x000000008fa00000, 0x000000008fa00000, 0x000000008fb00000|  0%| F|  |TAMS 0x000000008fa00000, 0x000000008fa00000| Untracked 
| 251|0x000000008fb00000, 0x000000008fb00000, 0x000000008fc00000|  0%| F|  |TAMS 0x000000008fb00000, 0x000000008fb00000| Untracked 
| 252|0x000000008fc00000, 0x000000008fc00000, 0x000000008fd00000|  0%| F|  |TAMS 0x000000008fc00000, 0x000000008fc00000| Untracked 
| 253|0x000000008fd00000, 0x000000008fd00000, 0x000000008fe00000|  0%| F|  |TAMS 0x000000008fd00000, 0x000000008fd00000| Untracked 
| 254|0x000000008fe00000, 0x000000008fe00000, 0x000000008ff00000|  0%| F|  |TAMS 0x000000008fe00000, 0x000000008fe00000| Untracked 
| 255|0x000000008ff00000, 0x000000008ff00000, 0x0000000090000000|  0%| F|  |TAMS 0x000000008ff00000, 0x000000008ff00000| Untracked 
| 256|0x0000000090000000, 0x0000000090000000, 0x0000000090100000|  0%| F|  |TAMS 0x0000000090000000, 0x0000000090000000| Untracked 
| 257|0x0000000090100000, 0x0000000090100000, 0x0000000090200000|  0%| F|  |TAMS 0x0000000090100000, 0x0000000090100000| Untracked 
| 258|0x0000000090200000, 0x0000000090200000, 0x0000000090300000|  0%| F|  |TAMS 0x0000000090200000, 0x0000000090200000| Untracked 
| 259|0x0000000090300000, 0x0000000090300000, 0x0000000090400000|  0%| F|  |TAMS 0x0000000090300000, 0x0000000090300000| Untracked 
| 260|0x0000000090400000, 0x0000000090400000, 0x0000000090500000|  0%| F|  |TAMS 0x0000000090400000, 0x0000000090400000| Untracked 
| 261|0x0000000090500000, 0x0000000090500000, 0x0000000090600000|  0%| F|  |TAMS 0x0000000090500000, 0x0000000090500000| Untracked 
| 262|0x0000000090600000, 0x0000000090600000, 0x0000000090700000|  0%| F|  |TAMS 0x0000000090600000, 0x0000000090600000| Untracked 
| 263|0x0000000090700000, 0x0000000090700000, 0x0000000090800000|  0%| F|  |TAMS 0x0000000090700000, 0x0000000090700000| Untracked 
| 264|0x0000000090800000, 0x0000000090800000, 0x0000000090900000|  0%| F|  |TAMS 0x0000000090800000, 0x0000000090800000| Untracked 
| 265|0x0000000090900000, 0x0000000090900000, 0x0000000090a00000|  0%| F|  |TAMS 0x0000000090900000, 0x0000000090900000| Untracked 
| 266|0x0000000090a00000, 0x0000000090a00000, 0x0000000090b00000|  0%| F|  |TAMS 0x0000000090a00000, 0x0000000090a00000| Untracked 
| 267|0x0000000090b00000, 0x0000000090b00000, 0x0000000090c00000|  0%| F|  |TAMS 0x0000000090b00000, 0x0000000090b00000| Untracked 
| 268|0x0000000090c00000, 0x0000000090c00000, 0x0000000090d00000|  0%| F|  |TAMS 0x0000000090c00000, 0x0000000090c00000| Untracked 
| 269|0x0000000090d00000, 0x0000000090d00000, 0x0000000090e00000|  0%| F|  |TAMS 0x0000000090d00000, 0x0000000090d00000| Untracked 
| 270|0x0000000090e00000, 0x0000000090e00000, 0x0000000090f00000|  0%| F|  |TAMS 0x0000000090e00000, 0x0000000090e00000| Untracked 
| 271|0x0000000090f00000, 0x0000000090f00000, 0x0000000091000000|  0%| F|  |TAMS 0x0000000090f00000, 0x0000000090f00000| Untracked 
| 272|0x0000000091000000, 0x0000000091000000, 0x0000000091100000|  0%| F|  |TAMS 0x0000000091000000, 0x0000000091000000| Untracked 
| 273|0x0000000091100000, 0x0000000091100000, 0x0000000091200000|  0%| F|  |TAMS 0x0000000091100000, 0x0000000091100000| Untracked 
| 274|0x0000000091200000, 0x0000000091200000, 0x0000000091300000|  0%| F|  |TAMS 0x0000000091200000, 0x0000000091200000| Untracked 
| 275|0x0000000091300000, 0x0000000091300000, 0x0000000091400000|  0%| F|  |TAMS 0x0000000091300000, 0x0000000091300000| Untracked 
| 276|0x0000000091400000, 0x0000000091400000, 0x0000000091500000|  0%| F|  |TAMS 0x0000000091400000, 0x0000000091400000| Untracked 
| 277|0x0000000091500000, 0x0000000091500000, 0x0000000091600000|  0%| F|  |TAMS 0x0000000091500000, 0x0000000091500000| Untracked 
| 278|0x0000000091600000, 0x0000000091600000, 0x0000000091700000|  0%| F|  |TAMS 0x0000000091600000, 0x0000000091600000| Untracked 
| 279|0x0000000091700000, 0x0000000091700000, 0x0000000091800000|  0%| F|  |TAMS 0x0000000091700000, 0x0000000091700000| Untracked 
| 280|0x0000000091800000, 0x0000000091800000, 0x0000000091900000|  0%| F|  |TAMS 0x0000000091800000, 0x0000000091800000| Untracked 
| 281|0x0000000091900000, 0x0000000091900000, 0x0000000091a00000|  0%| F|  |TAMS 0x0000000091900000, 0x0000000091900000| Untracked 
| 282|0x0000000091a00000, 0x0000000091a00000, 0x0000000091b00000|  0%| F|  |TAMS 0x0000000091a00000, 0x0000000091a00000| Untracked 
| 283|0x0000000091b00000, 0x0000000091b00000, 0x0000000091c00000|  0%| F|  |TAMS 0x0000000091b00000, 0x0000000091b00000| Untracked 
| 284|0x0000000091c00000, 0x0000000091c00000, 0x0000000091d00000|  0%| F|  |TAMS 0x0000000091c00000, 0x0000000091c00000| Untracked 
| 285|0x0000000091d00000, 0x0000000091d00000, 0x0000000091e00000|  0%| F|  |TAMS 0x0000000091d00000, 0x0000000091d00000| Untracked 
| 286|0x0000000091e00000, 0x0000000091e00000, 0x0000000091f00000|  0%| F|  |TAMS 0x0000000091e00000, 0x0000000091e00000| Untracked 
| 287|0x0000000091f00000, 0x0000000091f00000, 0x0000000092000000|  0%| F|  |TAMS 0x0000000091f00000, 0x0000000091f00000| Untracked 
| 288|0x0000000092000000, 0x0000000092000000, 0x0000000092100000|  0%| F|  |TAMS 0x0000000092000000, 0x0000000092000000| Untracked 
| 289|0x0000000092100000, 0x0000000092100000, 0x0000000092200000|  0%| F|  |TAMS 0x0000000092100000, 0x0000000092100000| Untracked 
| 290|0x0000000092200000, 0x0000000092200000, 0x0000000092300000|  0%| F|  |TAMS 0x0000000092200000, 0x0000000092200000| Untracked 
| 291|0x0000000092300000, 0x0000000092300000, 0x0000000092400000|  0%| F|  |TAMS 0x0000000092300000, 0x0000000092300000| Untracked 
| 292|0x0000000092400000, 0x0000000092400000, 0x0000000092500000|  0%| F|  |TAMS 0x0000000092400000, 0x0000000092400000| Untracked 
| 293|0x0000000092500000, 0x0000000092500000, 0x0000000092600000|  0%| F|  |TAMS 0x0000000092500000, 0x0000000092500000| Untracked 
| 294|0x0000000092600000, 0x0000000092600000, 0x0000000092700000|  0%| F|  |TAMS 0x0000000092600000, 0x0000000092600000| Untracked 
| 295|0x0000000092700000, 0x0000000092700000, 0x0000000092800000|  0%| F|  |TAMS 0x0000000092700000, 0x0000000092700000| Untracked 
| 296|0x0000000092800000, 0x0000000092800000, 0x0000000092900000|  0%| F|  |TAMS 0x0000000092800000, 0x0000000092800000| Untracked 
| 297|0x0000000092900000, 0x0000000092900000, 0x0000000092a00000|  0%| F|  |TAMS 0x0000000092900000, 0x0000000092900000| Untracked 
| 298|0x0000000092a00000, 0x0000000092a00000, 0x0000000092b00000|  0%| F|  |TAMS 0x0000000092a00000, 0x0000000092a00000| Untracked 
| 299|0x0000000092b00000, 0x0000000092b00000, 0x0000000092c00000|  0%| F|  |TAMS 0x0000000092b00000, 0x0000000092b00000| Untracked 
| 300|0x0000000092c00000, 0x0000000092c00000, 0x0000000092d00000|  0%| F|  |TAMS 0x0000000092c00000, 0x0000000092c00000| Untracked 
| 301|0x0000000092d00000, 0x0000000092d00000, 0x0000000092e00000|  0%| F|  |TAMS 0x0000000092d00000, 0x0000000092d00000| Untracked 
| 302|0x0000000092e00000, 0x0000000092e00000, 0x0000000092f00000|  0%| F|  |TAMS 0x0000000092e00000, 0x0000000092e00000| Untracked 
| 303|0x0000000092f00000, 0x0000000092f00000, 0x0000000093000000|  0%| F|  |TAMS 0x0000000092f00000, 0x0000000092f00000| Untracked 
| 304|0x0000000093000000, 0x0000000093000000, 0x0000000093100000|  0%| F|  |TAMS 0x0000000093000000, 0x0000000093000000| Untracked 
| 305|0x0000000093100000, 0x0000000093100000, 0x0000000093200000|  0%| F|  |TAMS 0x0000000093100000, 0x0000000093100000| Untracked 
| 306|0x0000000093200000, 0x0000000093200000, 0x0000000093300000|  0%| F|  |TAMS 0x0000000093200000, 0x0000000093200000| Untracked 
| 307|0x0000000093300000, 0x0000000093300000, 0x0000000093400000|  0%| F|  |TAMS 0x0000000093300000, 0x0000000093300000| Untracked 
| 308|0x0000000093400000, 0x0000000093400000, 0x0000000093500000|  0%| F|  |TAMS 0x0000000093400000, 0x0000000093400000| Untracked 
| 309|0x0000000093500000, 0x0000000093500000, 0x0000000093600000|  0%| F|  |TAMS 0x0000000093500000, 0x0000000093500000| Untracked 
| 310|0x0000000093600000, 0x0000000093600000, 0x0000000093700000|  0%| F|  |TAMS 0x0000000093600000, 0x0000000093600000| Untracked 
| 311|0x0000000093700000, 0x0000000093700000, 0x0000000093800000|  0%| F|  |TAMS 0x0000000093700000, 0x0000000093700000| Untracked 
| 312|0x0000000093800000, 0x0000000093900000, 0x0000000093900000|100%| S|CS|TAMS 0x0000000093800000, 0x0000000093800000| Complete 
| 313|0x0000000093900000, 0x0000000093a00000, 0x0000000093a00000|100%| S|CS|TAMS 0x0000000093900000, 0x0000000093900000| Complete 
| 314|0x0000000093a00000, 0x0000000093a00000, 0x0000000093b00000|  0%| F|  |TAMS 0x0000000093a00000, 0x0000000093a00000| Untracked 
| 315|0x0000000093b00000, 0x0000000093b00000, 0x0000000093c00000|  0%| F|  |TAMS 0x0000000093b00000, 0x0000000093b00000| Untracked 
| 316|0x0000000093c00000, 0x0000000093c00000, 0x0000000093d00000|  0%| F|  |TAMS 0x0000000093c00000, 0x0000000093c00000| Untracked 
| 317|0x0000000093d00000, 0x0000000093d00000, 0x0000000093e00000|  0%| F|  |TAMS 0x0000000093d00000, 0x0000000093d00000| Untracked 
| 318|0x0000000093e00000, 0x0000000093e00000, 0x0000000093f00000|  0%| F|  |TAMS 0x0000000093e00000, 0x0000000093e00000| Untracked 

Card table byte_map: [0x000001f168040000,0x000001f168440000] _byte_map_base: 0x000001f167c40000

Marking Bits (Prev, Next): (CMBitMap*) 0x000001f150e2f1e0, (CMBitMap*) 0x000001f150e2f220
 Prev Bits: [0x000001f168840000, 0x000001f16a840000)
 Next Bits: [0x000001f16a840000, 0x000001f16c840000)

Polling page: 0x000001f14ee90000

Metaspace:

Usage:
  Non-class:     95.12 MB used.
      Class:     15.41 MB used.
       Both:    110.53 MB used.

Virtual space:
  Non-class space:      128.00 MB reserved,      95.75 MB ( 75%) committed,  2 nodes.
      Class space:      416.00 MB reserved,      15.94 MB (  4%) committed,  1 nodes.
             Both:      544.00 MB reserved,     111.69 MB ( 21%) committed. 

Chunk freelists:
   Non-Class:  125.00 KB
       Class:  66.00 KB
        Both:  191.00 KB

MaxMetaspaceSize: 512.00 MB
CompressedClassSpaceSize: 416.00 MB
Initial GC threshold: 21.00 MB
Current GC threshold: 185.94 MB
CDS: on
MetaspaceReclaimPolicy: balanced
 - commit_granule_bytes: 65536.
 - commit_granule_words: 8192.
 - virtual_space_node_default_size: 8388608.
 - enlarge_chunks_in_place: 1.
 - new_chunks_are_fully_committed: 0.
 - uncommit_free_chunks: 1.
 - use_allocation_guard: 0.
 - handle_deallocations: 1.


Internal statistics:

num_allocs_failed_limit: 12.
num_arena_births: 1534.
num_arena_deaths: 0.
num_vsnodes_births: 3.
num_vsnodes_deaths: 0.
num_space_committed: 1787.
num_space_uncommitted: 0.
num_chunks_returned_to_freelist: 12.
num_chunks_taken_from_freelist: 6767.
num_chunk_merges: 12.
num_chunk_splits: 4331.
num_chunks_enlarged: 2719.
num_inconsistent_stats: 0.

CodeHeap 'non-profiled nmethods': size=120000Kb used=7902Kb max_used=7969Kb free=112097Kb
 bounds [0x000001f1603e0000, 0x000001f160bb0000, 0x000001f167910000]
CodeHeap 'profiled nmethods': size=120000Kb used=25854Kb max_used=25854Kb free=94145Kb
 bounds [0x000001f158910000, 0x000001f15a260000, 0x000001f15fe40000]
CodeHeap 'non-nmethods': size=5760Kb used=2452Kb max_used=2497Kb free=3307Kb
 bounds [0x000001f15fe40000, 0x000001f1600c0000, 0x000001f1603e0000]
 total_blobs=13958 nmethods=12965 adapters=904
 compilation: enabled
              stopped_count=0, restarted_count=0
 full_count=0

Compilation events (20 events):
Event: 59.409 Thread 0x000001f16f27d1a0 15453       2       java.lang.String::repeat (190 bytes)
Event: 59.411 Thread 0x000001f16f27d1a0 nmethod 15453 0x000001f15a24b190 code [0x000001f15a24b400, 0x000001f15a24be28]
Event: 59.426 Thread 0x000001f16f27d1a0 15454   !   2       java_lang_String$contains$2::call (38 bytes)
Event: 59.426 Thread 0x000001f16f27d1a0 nmethod 15454 0x000001f15a24c210 code [0x000001f15a24c400, 0x000001f15a24c718]
Event: 59.495 Thread 0x000001f16f27d1a0 15455       2       java.beans.Introspector::getTargetEventInfo (529 bytes)
Event: 59.501 Thread 0x000001f16f27d1a0 nmethod 15455 0x000001f15a24c990 code [0x000001f15a24cea0, 0x000001f15a24e748]
Event: 59.501 Thread 0x000001f16f27d1a0 15456       2       java.beans.GenericBeanInfo::<init> (60 bytes)
Event: 59.502 Thread 0x000001f16f27d1a0 nmethod 15456 0x000001f15a24f690 code [0x000001f15a24f840, 0x000001f15a24fc98]
Event: 59.513 Thread 0x000001f16f27d1a0 15457       2       org.codehaus.groovy.runtime.callsite.AbstractCallSite::createPogoGetPropertySite (25 bytes)
Event: 59.513 Thread 0x000001f16f27d1a0 nmethod 15457 0x000001f15a24fd90 code [0x000001f15a24ff40, 0x000001f15a250248]
Event: 59.513 Thread 0x000001f16f27d1a0 15458       2       org.codehaus.groovy.runtime.callsite.PogoGetPropertySite::<init> (11 bytes)
Event: 59.514 Thread 0x000001f16f27d1a0 nmethod 15458 0x000001f15a250410 code [0x000001f15a2505c0, 0x000001f15a250898]
Event: 59.546 Thread 0x000001f16f27d1a0 15460       1       org.gradle.internal.logging.events.ProgressStartEvent::getDescription (5 bytes)
Event: 59.546 Thread 0x000001f16f27d1a0 nmethod 15460 0x000001f160a41690 code [0x000001f160a41820, 0x000001f160a418f8]
Event: 59.546 Thread 0x000001f16f27d1a0 15461       1       org.gradle.internal.logging.events.ProgressStartEvent::getTotalProgress (5 bytes)
Event: 59.546 Thread 0x000001f16f27d1a0 nmethod 15461 0x000001f160591c90 code [0x000001f160591e20, 0x000001f160591ef8]
Event: 59.607 Thread 0x000001f16f27d1a0 15462       1       org.gradle.plugin.use.internal.DefaultPluginId::getId (5 bytes)
Event: 59.608 Thread 0x000001f16f27d1a0 nmethod 15462 0x000001f160591990 code [0x000001f160591b20, 0x000001f160591bf8]
Event: 59.619 Thread 0x000001f16f27d1a0 15463       2       org.gradle.api.internal.attributes.DefaultAttributeMatchingStrategy::getCompatibilityRules (5 bytes)
Event: 59.620 Thread 0x000001f16f27d1a0 nmethod 15463 0x000001f15a250a10 code [0x000001f15a250ba0, 0x000001f15a250cc8]

GC Heap History (20 events):
Event: 53.249 GC heap after
{Heap after GC invocations=57 (full 0):
 garbage-first heap   total 219136K, used 152855K [0x0000000080000000, 0x0000000100000000)
  region size 1024K, 5 young (5120K), 5 survivors (5120K)
 Metaspace       used 107036K, committed 108160K, reserved 557056K
  class space    used 14819K, committed 15360K, reserved 425984K
}
Event: 53.438 GC heap before
{Heap before GC invocations=57 (full 0):
 garbage-first heap   total 219136K, used 181527K [0x0000000080000000, 0x0000000100000000)
  region size 1024K, 34 young (34816K), 5 survivors (5120K)
 Metaspace       used 107040K, committed 108160K, reserved 557056K
  class space    used 14819K, committed 15360K, reserved 425984K
}
Event: 53.446 GC heap after
{Heap after GC invocations=58 (full 0):
 garbage-first heap   total 219136K, used 154877K [0x0000000080000000, 0x0000000100000000)
  region size 1024K, 4 young (4096K), 4 survivors (4096K)
 Metaspace       used 107040K, committed 108160K, reserved 557056K
  class space    used 14819K, committed 15360K, reserved 425984K
}
Event: 53.634 GC heap before
{Heap before GC invocations=58 (full 0):
 garbage-first heap   total 219136K, used 181501K [0x0000000080000000, 0x0000000100000000)
  region size 1024K, 31 young (31744K), 4 survivors (4096K)
 Metaspace       used 107040K, committed 108160K, reserved 557056K
  class space    used 14819K, committed 15360K, reserved 425984K
}
Event: 53.639 GC heap after
{Heap after GC invocations=59 (full 0):
 garbage-first heap   total 219136K, used 155448K [0x0000000080000000, 0x0000000100000000)
  region size 1024K, 3 young (3072K), 3 survivors (3072K)
 Metaspace       used 107040K, committed 108160K, reserved 557056K
  class space    used 14819K, committed 15360K, reserved 425984K
}
Event: 53.816 GC heap before
{Heap before GC invocations=59 (full 0):
 garbage-first heap   total 219136K, used 183096K [0x0000000080000000, 0x0000000100000000)
  region size 1024K, 31 young (31744K), 3 survivors (3072K)
 Metaspace       used 107040K, committed 108160K, reserved 557056K
  class space    used 14820K, committed 15360K, reserved 425984K
}
Event: 53.820 GC heap after
{Heap after GC invocations=60 (full 0):
 garbage-first heap   total 219136K, used 156226K [0x0000000080000000, 0x0000000100000000)
  region size 1024K, 3 young (3072K), 3 survivors (3072K)
 Metaspace       used 107040K, committed 108160K, reserved 557056K
  class space    used 14820K, committed 15360K, reserved 425984K
}
Event: 54.034 GC heap before
{Heap before GC invocations=60 (full 0):
 garbage-first heap   total 219136K, used 184898K [0x0000000080000000, 0x0000000100000000)
  region size 1024K, 32 young (32768K), 3 survivors (3072K)
 Metaspace       used 107040K, committed 108160K, reserved 557056K
  class space    used 14820K, committed 15360K, reserved 425984K
}
Event: 54.039 GC heap after
{Heap after GC invocations=61 (full 0):
 garbage-first heap   total 263168K, used 156605K [0x0000000080000000, 0x0000000100000000)
  region size 1024K, 3 young (3072K), 3 survivors (3072K)
 Metaspace       used 107040K, committed 108160K, reserved 557056K
  class space    used 14820K, committed 15360K, reserved 425984K
}
Event: 55.249 GC heap before
{Heap before GC invocations=61 (full 0):
 garbage-first heap   total 263168K, used 212925K [0x0000000080000000, 0x0000000100000000)
  region size 1024K, 56 young (57344K), 3 survivors (3072K)
 Metaspace       used 108087K, committed 109248K, reserved 557056K
  class space    used 14987K, committed 15552K, reserved 425984K
}
Event: 55.270 GC heap after
{Heap after GC invocations=62 (full 0):
 garbage-first heap   total 263168K, used 169702K [0x0000000080000000, 0x0000000100000000)
  region size 1024K, 9 young (9216K), 9 survivors (9216K)
 Metaspace       used 108087K, committed 109248K, reserved 557056K
  class space    used 14987K, committed 15552K, reserved 425984K
}
Event: 56.392 GC heap before
{Heap before GC invocations=63 (full 0):
 garbage-first heap   total 306176K, used 212710K [0x0000000080000000, 0x0000000100000000)
  region size 1024K, 52 young (53248K), 9 survivors (9216K)
 Metaspace       used 109445K, committed 110656K, reserved 557056K
  class space    used 15266K, committed 15808K, reserved 425984K
}
Event: 56.413 GC heap after
{Heap after GC invocations=64 (full 0):
 garbage-first heap   total 306176K, used 172098K [0x0000000080000000, 0x0000000100000000)
  region size 1024K, 3 young (3072K), 3 survivors (3072K)
 Metaspace       used 109445K, committed 110656K, reserved 557056K
  class space    used 15266K, committed 15808K, reserved 425984K
}
Event: 56.643 GC heap before
{Heap before GC invocations=64 (full 0):
 garbage-first heap   total 306176K, used 183362K [0x0000000080000000, 0x0000000100000000)
  region size 1024K, 14 young (14336K), 3 survivors (3072K)
 Metaspace       used 109765K, committed 110976K, reserved 557056K
  class space    used 15336K, committed 15936K, reserved 425984K
}
Event: 56.650 GC heap after
{Heap after GC invocations=65 (full 0):
 garbage-first heap   total 306176K, used 169189K [0x0000000080000000, 0x0000000100000000)
  region size 1024K, 1 young (1024K), 1 survivors (1024K)
 Metaspace       used 109765K, committed 110976K, reserved 557056K
  class space    used 15336K, committed 15936K, reserved 425984K
}
Event: 58.295 GC heap before
{Heap before GC invocations=65 (full 0):
 garbage-first heap   total 306176K, used 249061K [0x0000000080000000, 0x0000000100000000)
  region size 1024K, 79 young (80896K), 1 survivors (1024K)
 Metaspace       used 113052K, committed 114240K, reserved 557056K
  class space    used 15770K, committed 16320K, reserved 425984K
}
Event: 58.308 GC heap after
{Heap after GC invocations=66 (full 0):
 garbage-first heap   total 306176K, used 175772K [0x0000000080000000, 0x0000000100000000)
  region size 1024K, 8 young (8192K), 8 survivors (8192K)
 Metaspace       used 113052K, committed 114240K, reserved 557056K
  class space    used 15770K, committed 16320K, reserved 425984K
}
Event: 59.434 GC heap before
{Heap before GC invocations=67 (full 0):
 garbage-first heap   total 326656K, used 249500K [0x0000000080000000, 0x0000000100000000)
  region size 1024K, 80 young (81920K), 8 survivors (8192K)
 Metaspace       used 113178K, committed 114304K, reserved 557056K
  class space    used 15779K, committed 16320K, reserved 425984K
}
Event: 59.469 GC heap after
{Heap after GC invocations=68 (full 0):
 garbage-first heap   total 326656K, used 189127K [0x0000000080000000, 0x0000000100000000)
  region size 1024K, 10 young (10240K), 10 survivors (10240K)
 Metaspace       used 113178K, committed 114304K, reserved 557056K
  class space    used 15779K, committed 16320K, reserved 425984K
}
Event: 59.652 GC heap before
{Heap before GC invocations=68 (full 0):
 garbage-first heap   total 326656K, used 194247K [0x0000000080000000, 0x0000000100000000)
  region size 1024K, 15 young (15360K), 10 survivors (10240K)
 Metaspace       used 113184K, committed 114368K, reserved 557056K
  class space    used 15780K, committed 16320K, reserved 425984K
}

Dll operation events (15 events):
Event: 0.078 Loaded shared library C:\Program Files\Microsoft\jdk-17.0.15.6-hotspot\bin\java.dll
Event: 0.214 Loaded shared library C:\Program Files\Microsoft\jdk-17.0.15.6-hotspot\bin\jsvml.dll
Event: 0.459 Loaded shared library C:\Program Files\Microsoft\jdk-17.0.15.6-hotspot\bin\zip.dll
Event: 0.468 Loaded shared library C:\Program Files\Microsoft\jdk-17.0.15.6-hotspot\bin\instrument.dll
Event: 0.481 Loaded shared library C:\Program Files\Microsoft\jdk-17.0.15.6-hotspot\bin\net.dll
Event: 0.487 Loaded shared library C:\Program Files\Microsoft\jdk-17.0.15.6-hotspot\bin\nio.dll
Event: 0.495 Loaded shared library C:\Program Files\Microsoft\jdk-17.0.15.6-hotspot\bin\zip.dll
Event: 1.547 Loaded shared library C:\Program Files\Microsoft\jdk-17.0.15.6-hotspot\bin\jimage.dll
Event: 2.112 Loaded shared library C:\Program Files\Microsoft\jdk-17.0.15.6-hotspot\bin\verify.dll
Event: 2.510 Loaded shared library C:\Users\HP\.gradle\native\1def1411415f61bf3af743bc5b6707747c0891f09f0c88961ee8f79bc544acac\windows-amd64\native-platform.dll
Event: 2.615 Loaded shared library C:\Users\HP\.gradle\native\0.2.7\x86_64-windows-gnu\gradle-fileevents.dll
Event: 5.830 Loaded shared library C:\Program Files\Microsoft\jdk-17.0.15.6-hotspot\bin\management.dll
Event: 5.846 Loaded shared library C:\Program Files\Microsoft\jdk-17.0.15.6-hotspot\bin\management_ext.dll
Event: 6.611 Loaded shared library C:\Program Files\Microsoft\jdk-17.0.15.6-hotspot\bin\extnet.dll
Event: 7.350 Loaded shared library C:\Program Files\Microsoft\jdk-17.0.15.6-hotspot\bin\sunmscapi.dll

Deoptimization events (20 events):
Event: 57.842 Thread 0x000001f16f61b030 Uncommon trap: trap_request=0xfffffff4 fr.pc=0x000001f160a097ac relative=0x0000000000001e8c
Event: 57.842 Thread 0x000001f16f61b030 Uncommon trap: reason=null_check action=make_not_entrant pc=0x000001f160a097ac method=org.gradle.internal.instantiation.generator.AbstractClassGenerator$BooleanPropertyDeprecatingValidator.validateProperty(Lorg/gradle/internal/reflect/PropertyDetails;)V @
Event: 57.842 Thread 0x000001f16f61b030 DEOPT PACKING pc=0x000001f160a097ac sp=0x0000008c86df6600
Event: 57.842 Thread 0x000001f16f61b030 DEOPT UNPACKING pc=0x000001f15fe969a3 sp=0x0000008c86df65c8 mode 2
Event: 57.947 Thread 0x000001f16f61b030 DEOPT PACKING pc=0x000001f159d94d90 sp=0x0000008c86df6990
Event: 57.947 Thread 0x000001f16f61b030 DEOPT UNPACKING pc=0x000001f15fe97143 sp=0x0000008c86df5e98 mode 0
Event: 58.210 Thread 0x000001f16f61b030 DEOPT PACKING pc=0x000001f159ce55e5 sp=0x0000008c86df6a70
Event: 58.210 Thread 0x000001f16f61b030 DEOPT UNPACKING pc=0x000001f15fe97143 sp=0x0000008c86df5ed0 mode 0
Event: 58.379 Thread 0x000001f16f61b030 DEOPT PACKING pc=0x000001f159ce55e5 sp=0x0000008c86df6a70
Event: 58.379 Thread 0x000001f16f61b030 DEOPT UNPACKING pc=0x000001f15fe97143 sp=0x0000008c86df5ed0 mode 0
Event: 58.759 Thread 0x000001f16f61b030 DEOPT PACKING pc=0x000001f159ed4026 sp=0x0000008c86df6cd0
Event: 58.759 Thread 0x000001f16f61b030 DEOPT UNPACKING pc=0x000001f15fe97143 sp=0x0000008c86df6170 mode 0
Event: 58.976 Thread 0x000001f16f61b030 DEOPT PACKING pc=0x000001f159eca1f4 sp=0x0000008c86df6860
Event: 58.976 Thread 0x000001f16f61b030 DEOPT UNPACKING pc=0x000001f15fe97143 sp=0x0000008c86df5d90 mode 0
Event: 59.503 Thread 0x000001f16f61b030 DEOPT PACKING pc=0x000001f159ed4026 sp=0x0000008c86df6bf0
Event: 59.503 Thread 0x000001f16f61b030 DEOPT UNPACKING pc=0x000001f15fe97143 sp=0x0000008c86df6090 mode 0
Event: 59.646 Thread 0x000001f16f61b030 Uncommon trap: trap_request=0xffffffd6 fr.pc=0x000001f1606f1288 relative=0x00000000000023e8
Event: 59.646 Thread 0x000001f16f61b030 Uncommon trap: reason=array_check action=maybe_recompile pc=0x000001f1606f1288 method=java.util.TimSort.binarySort([Ljava/lang/Object;IIILjava/util/Comparator;)V @ 193 c2
Event: 59.646 Thread 0x000001f16f61b030 DEOPT PACKING pc=0x000001f1606f1288 sp=0x0000008c86df9880
Event: 59.646 Thread 0x000001f16f61b030 DEOPT UNPACKING pc=0x000001f15fe969a3 sp=0x0000008c86df9748 mode 2

Classes loaded (20 events):
Event: 54.687 Loading class jdk/internal/reflect/UnsafeQualifiedStaticCharacterFieldAccessorImpl
Event: 54.688 Loading class jdk/internal/reflect/UnsafeQualifiedStaticCharacterFieldAccessorImpl done
Event: 54.942 Loading class java/io/FilterReader
Event: 54.943 Loading class java/io/FilterReader done
Event: 55.704 Loading class java/util/AbstractList$RandomAccessSubList
Event: 55.706 Loading class java/util/AbstractList$SubList
Event: 55.707 Loading class java/util/AbstractList$SubList done
Event: 55.707 Loading class java/util/AbstractList$RandomAccessSubList done
Event: 55.707 Loading class java/util/AbstractList$SubList$1
Event: 55.708 Loading class java/util/AbstractList$SubList$1 done
Event: 55.708 Loading class java/util/AbstractList$ListItr
Event: 55.708 Loading class java/util/AbstractList$ListItr done
Event: 56.729 Loading class java/io/NotSerializableException
Event: 56.730 Loading class java/io/NotSerializableException done
Event: 58.001 Loading class java/security/cert/CertificateEncodingException
Event: 58.003 Loading class java/security/cert/CertificateEncodingException done
Event: 59.336 Loading class java/security/NoSuchProviderException
Event: 59.340 Loading class java/security/NoSuchProviderException done
Event: 59.340 Loading class java/security/SignatureException
Event: 59.341 Loading class java/security/SignatureException done

Classes unloaded (0 events):
No events

Classes redefined (0 events):
No events

Internal exceptions (20 events):
Event: 59.479 Thread 0x000001f16f61b030 Exception <a 'java/lang/ClassNotFoundException'{0x0000000093ec0cc0}: com/android/build/gradle/internal/tasks/ValidateSigningTask_DecoratedBeanInfo> (0x0000000093ec0cc0) 
thrown [s\src\hotspot\share\classfile\systemDictionary.cpp, line 256]
Event: 59.481 Thread 0x000001f16f61b030 Exception <a 'java/lang/ClassNotFoundException'{0x0000000093ed0370}: com/android/build/gradle/internal/tasks/ValidateSigningTaskBeanInfo> (0x0000000093ed0370) 
thrown [s\src\hotspot\share\classfile\systemDictionary.cpp, line 256]
Event: 59.481 Thread 0x000001f16f61b030 Exception <a 'java/lang/ClassNotFoundException'{0x0000000093edf7c8}: com/android/build/gradle/internal/tasks/ValidateSigningTaskCustomizer> (0x0000000093edf7c8) 
thrown [s\src\hotspot\share\classfile\systemDictionary.cpp, line 256]
Event: 59.483 Thread 0x000001f16f61b030 Exception <a 'java/lang/ClassNotFoundException'{0x0000000093d01ae0}: com/android/build/gradle/internal/tasks/ValidateSigningTask_DecoratedCustomizer> (0x0000000093d01ae0) 
thrown [s\src\hotspot\share\classfile\systemDictionary.cpp, line 256]
Event: 59.492 Thread 0x000001f16f61b030 Exception <a 'java/lang/ClassNotFoundException'{0x0000000093d949a8}: com/android/build/gradle/tasks/VerifyLibraryResourcesTask_DecoratedBeanInfo> (0x0000000093d949a8) 
thrown [s\src\hotspot\share\classfile\systemDictionary.cpp, line 256]
Event: 59.493 Thread 0x000001f16f61b030 Exception <a 'java/lang/ClassNotFoundException'{0x0000000093da3ef0}: com/android/build/gradle/tasks/VerifyLibraryResourcesTaskBeanInfo> (0x0000000093da3ef0) 
thrown [s\src\hotspot\share\classfile\systemDictionary.cpp, line 256]
Event: 59.494 Thread 0x000001f16f61b030 Exception <a 'java/lang/ClassNotFoundException'{0x0000000093db2f08}: com/android/build/gradle/tasks/VerifyLibraryResourcesTaskCustomizer> (0x0000000093db2f08) 
thrown [s\src\hotspot\share\classfile\systemDictionary.cpp, line 256]
Event: 59.497 Thread 0x000001f16f61b030 Exception <a 'java/lang/ClassNotFoundException'{0x0000000093ddcc30}: com/android/build/gradle/tasks/VerifyLibraryResourcesTask_DecoratedCustomizer> (0x0000000093ddcc30) 
thrown [s\src\hotspot\share\classfile\systemDictionary.cpp, line 256]
Event: 59.505 Thread 0x000001f16f61b030 Exception <a 'java/lang/ClassNotFoundException'{0x0000000093c7b4d8}: com/android/build/gradle/internal/tasks/AarMetadataTask_DecoratedBeanInfo> (0x0000000093c7b4d8) 
thrown [s\src\hotspot\share\classfile\systemDictionary.cpp, line 256]
Event: 59.506 Thread 0x000001f16f61b030 Exception <a 'java/lang/ClassNotFoundException'{0x0000000093c8aa98}: com/android/build/gradle/internal/tasks/AarMetadataTaskBeanInfo> (0x0000000093c8aa98) 
thrown [s\src\hotspot\share\classfile\systemDictionary.cpp, line 256]
Event: 59.508 Thread 0x000001f16f61b030 Exception <a 'java/lang/ClassNotFoundException'{0x0000000093c99b90}: com/android/build/gradle/internal/tasks/AarMetadataTaskCustomizer> (0x0000000093c99b90) 
thrown [s\src\hotspot\share\classfile\systemDictionary.cpp, line 256]
Event: 59.510 Thread 0x000001f16f61b030 Exception <a 'java/lang/ClassNotFoundException'{0x0000000093cc6700}: com/android/build/gradle/internal/tasks/AarMetadataTask_DecoratedCustomizer> (0x0000000093cc6700) 
thrown [s\src\hotspot\share\classfile\systemDictionary.cpp, line 256]
Event: 59.518 Thread 0x000001f16f61b030 Exception <a 'java/lang/ClassNotFoundException'{0x0000000093b689e0}: com/android/build/gradle/internal/tasks/SigningConfigVersionsWriterTask_DecoratedBeanInfo> (0x0000000093b689e0) 
thrown [s\src\hotspot\share\classfile\systemDictionary.cpp, line 256]
Event: 59.519 Thread 0x000001f16f61b030 Exception <a 'java/lang/ClassNotFoundException'{0x0000000093b78358}: com/android/build/gradle/internal/tasks/SigningConfigVersionsWriterTaskBeanInfo> (0x0000000093b78358) 
thrown [s\src\hotspot\share\classfile\systemDictionary.cpp, line 256]
Event: 59.520 Thread 0x000001f16f61b030 Exception <a 'java/lang/ClassNotFoundException'{0x0000000093b877b8}: com/android/build/gradle/internal/tasks/SigningConfigVersionsWriterTaskCustomizer> (0x0000000093b877b8) 
thrown [s\src\hotspot\share\classfile\systemDictionary.cpp, line 256]
Event: 59.522 Thread 0x000001f16f61b030 Exception <a 'java/lang/ClassNotFoundException'{0x0000000093bb1480}: com/android/build/gradle/internal/tasks/SigningConfigVersionsWriterTask_DecoratedCustomizer> (0x0000000093bb1480) 
thrown [s\src\hotspot\share\classfile\systemDictionary.cpp, line 256]
Event: 59.529 Thread 0x000001f16f61b030 Exception <a 'java/lang/ClassNotFoundException'{0x0000000093a4cb30}: com/android/build/gradle/internal/tasks/LintModelMetadataTask_DecoratedBeanInfo> (0x0000000093a4cb30) 
thrown [s\src\hotspot\share\classfile\systemDictionary.cpp, line 256]
Event: 59.530 Thread 0x000001f16f61b030 Exception <a 'java/lang/ClassNotFoundException'{0x0000000093a5c258}: com/android/build/gradle/internal/tasks/LintModelMetadataTaskBeanInfo> (0x0000000093a5c258) 
thrown [s\src\hotspot\share\classfile\systemDictionary.cpp, line 256]
Event: 59.531 Thread 0x000001f16f61b030 Exception <a 'java/lang/ClassNotFoundException'{0x0000000093a6b4a8}: com/android/build/gradle/internal/tasks/LintModelMetadataTaskCustomizer> (0x0000000093a6b4a8) 
thrown [s\src\hotspot\share\classfile\systemDictionary.cpp, line 256]
Event: 59.533 Thread 0x000001f16f61b030 Exception <a 'java/lang/ClassNotFoundException'{0x0000000093a8f2f8}: com/android/build/gradle/internal/tasks/LintModelMetadataTask_DecoratedCustomizer> (0x0000000093a8f2f8) 
thrown [s\src\hotspot\share\classfile\systemDictionary.cpp, line 256]

VM Operations (20 events):
Event: 55.711 Executing VM operation: HandshakeAllThreads done
Event: 55.808 Executing VM operation: G1PauseCleanup
Event: 55.809 Executing VM operation: G1PauseCleanup done
Event: 56.391 Executing VM operation: G1CollectForAllocation
Event: 56.413 Executing VM operation: G1CollectForAllocation done
Event: 56.643 Executing VM operation: G1CollectForAllocation
Event: 56.650 Executing VM operation: G1CollectForAllocation done
Event: 56.732 Executing VM operation: HandshakeAllThreads
Event: 56.732 Executing VM operation: HandshakeAllThreads done
Event: 57.693 Executing VM operation: ICBufferFull
Event: 57.693 Executing VM operation: ICBufferFull done
Event: 58.294 Executing VM operation: G1CollectForAllocation
Event: 58.308 Executing VM operation: G1CollectForAllocation done
Event: 58.627 Executing VM operation: G1PauseRemark
Event: 58.642 Executing VM operation: G1PauseRemark done
Event: 58.770 Executing VM operation: G1PauseCleanup
Event: 58.771 Executing VM operation: G1PauseCleanup done
Event: 59.434 Executing VM operation: G1CollectForAllocation
Event: 59.469 Executing VM operation: G1CollectForAllocation done
Event: 59.650 Executing VM operation: G1CollectForAllocation

Memory protections (0 events):
No events

Nmethod flushes (20 events):
Event: 54.480 Thread 0x000001f16f280dd0 flushing  nmethod 0x000001f159ea5e10
Event: 54.480 Thread 0x000001f16f280dd0 flushing  nmethod 0x000001f159ebb990
Event: 54.480 Thread 0x000001f16f280dd0 flushing  nmethod 0x000001f159ebda10
Event: 54.480 Thread 0x000001f16f280dd0 flushing  nmethod 0x000001f159ebdf10
Event: 54.480 Thread 0x000001f16f280dd0 flushing  nmethod 0x000001f159f04e90
Event: 54.480 Thread 0x000001f16f280dd0 flushing  nmethod 0x000001f159f05490
Event: 54.480 Thread 0x000001f16f280dd0 flushing  nmethod 0x000001f159f07f90
Event: 54.480 Thread 0x000001f16f280dd0 flushing  nmethod 0x000001f159f08610
Event: 54.480 Thread 0x000001f16f280dd0 flushing  nmethod 0x000001f159f08b10
Event: 54.481 Thread 0x000001f16f280dd0 flushing  nmethod 0x000001f159f33b10
Event: 54.481 Thread 0x000001f16f280dd0 flushing  nmethod 0x000001f159fcfa10
Event: 54.481 Thread 0x000001f16f280dd0 flushing  nmethod 0x000001f159fdcc10
Event: 54.481 Thread 0x000001f16f280dd0 flushing  nmethod 0x000001f159fe4210
Event: 54.481 Thread 0x000001f16f280dd0 flushing  nmethod 0x000001f15a02ce10
Event: 54.481 Thread 0x000001f16f280dd0 flushing  nmethod 0x000001f15a047790
Event: 54.481 Thread 0x000001f16f280dd0 flushing  nmethod 0x000001f15a04fd10
Event: 54.481 Thread 0x000001f16f280dd0 flushing  nmethod 0x000001f15a054710
Event: 54.481 Thread 0x000001f16f280dd0 flushing  nmethod 0x000001f15a056090
Event: 54.482 Thread 0x000001f16f280dd0 flushing  nmethod 0x000001f15a0dab10
Event: 54.482 Thread 0x000001f16f280dd0 flushing  nmethod 0x000001f15a16af10

Events (20 events):
Event: 35.307 Thread 0x000001f16f61b030 Thread added: 0x000001f1757ce930
Event: 35.731 Thread 0x000001f16f61b030 Thread added: 0x000001f1757cb180
Event: 36.830 Thread 0x000001f178b18250 Thread added: 0x000001f1757cee40
Event: 36.830 Thread 0x000001f178b18250 Thread added: 0x000001f1757cb690
Event: 36.831 Thread 0x000001f178b18250 Thread added: 0x000001f1757d11b0
Event: 39.749 Thread 0x000001f16f61b030 Thread added: 0x000001f1757d16c0
Event: 40.198 Thread 0x000001f16f61b030 Thread added: 0x000001f1757cf860
Event: 40.236 Thread 0x000001f16f61b030 Thread added: 0x000001f1757cfd70
Event: 41.593 Thread 0x000001f1762ad900 Thread exited: 0x000001f1762ad900
Event: 41.725 Thread 0x000001f16f27d1a0 Thread added: 0x000001f178ca4030
Event: 44.161 Thread 0x000001f16f61b030 Thread added: 0x000001f1757d20e0
Event: 44.619 Thread 0x000001f16f61b030 Thread added: 0x000001f1763b88d0
Event: 45.090 Thread 0x000001f178ca4030 Thread exited: 0x000001f178ca4030
Event: 45.418 Thread 0x000001f16f27d1a0 Thread added: 0x000001f175eba3f0
Event: 47.177 Thread 0x000001f175eba3f0 Thread exited: 0x000001f175eba3f0
Event: 48.647 Thread 0x000001f16f61b030 Thread added: 0x000001f179693290
Event: 48.676 Thread 0x000001f16f61b030 Thread added: 0x000001f17968fff0
Event: 51.434 Thread 0x000001f16f61b030 Thread added: 0x000001f179690f20
Event: 51.464 Thread 0x000001f179690f20 Thread added: 0x000001f1796937a0
Event: 51.464 Thread 0x000001f179690f20 Thread added: 0x000001f179694be0


Dynamic libraries:
0x00007ff6aab50000 - 0x00007ff6aab5e000 	C:\Program Files\Microsoft\jdk-17.0.15.6-hotspot\bin\java.exe
0x00007ffeef5a0000 - 0x00007ffeef808000 	C:\WINDOWS\SYSTEM32\ntdll.dll
0x00007ffeee730000 - 0x00007ffeee7f9000 	C:\WINDOWS\System32\KERNEL32.DLL
0x00007ffeecbd0000 - 0x00007ffeecfbd000 	C:\WINDOWS\System32\KERNELBASE.dll
0x00007ffeb71b0000 - 0x00007ffeb71c7000 	C:\Program Files\Microsoft\jdk-17.0.15.6-hotspot\bin\jli.dll
0x00007ffeee0a0000 - 0x00007ffeee26c000 	C:\WINDOWS\System32\USER32.dll
0x00007ffeecba0000 - 0x00007ffeecbc7000 	C:\WINDOWS\System32\win32u.dll
0x00007ffeef4f0000 - 0x00007ffeef51b000 	C:\WINDOWS\System32\GDI32.dll
0x00007ffeec9b0000 - 0x00007ffeecafb000 	C:\WINDOWS\System32\ucrtbase.dll
0x00007ffed6550000 - 0x00007ffed67ea000 	C:\WINDOWS\WinSxS\amd64_microsoft.windows.common-controls_6595b64144ccf1df_6.0.26100.4484_none_3e0e6d4ce32ef3b3\COMCTL32.dll
0x00007ffeed200000 - 0x00007ffeed337000 	C:\WINDOWS\System32\gdi32full.dll
0x00007ffeec6f0000 - 0x00007ffeec793000 	C:\WINDOWS\System32\msvcp_win.dll
0x00007ffeee270000 - 0x00007ffeee319000 	C:\WINDOWS\System32\msvcrt.dll
0x00007ffea2310000 - 0x00007ffea232d000 	C:\Program Files\Microsoft\jdk-17.0.15.6-hotspot\bin\VCRUNTIME140.dll
0x00007ffeef520000 - 0x00007ffeef54f000 	C:\WINDOWS\System32\IMM32.DLL
0x00007ffee6dc0000 - 0x00007ffee6dcc000 	C:\Program Files\Microsoft\jdk-17.0.15.6-hotspot\bin\vcruntime140_1.dll
0x00007ffe7ef10000 - 0x00007ffe7ef9d000 	C:\Program Files\Microsoft\jdk-17.0.15.6-hotspot\bin\msvcp140.dll
0x00007ffe7d780000 - 0x00007ffe7e3f2000 	C:\Program Files\Microsoft\jdk-17.0.15.6-hotspot\bin\server\jvm.dll
0x00007ffeedcc0000 - 0x00007ffeedd74000 	C:\WINDOWS\System32\ADVAPI32.dll
0x00007ffeed7e0000 - 0x00007ffeed886000 	C:\WINDOWS\System32\sechost.dll
0x00007ffeed4e0000 - 0x00007ffeed5f8000 	C:\WINDOWS\System32\RPCRT4.dll
0x00007ffeedfa0000 - 0x00007ffeee014000 	C:\WINDOWS\System32\WS2_32.dll
0x00007ffeec540000 - 0x00007ffeec59e000 	C:\WINDOWS\SYSTEM32\POWRPROF.dll
0x00007ffee51d0000 - 0x00007ffee5205000 	C:\WINDOWS\SYSTEM32\WINMM.dll
0x00007ffee56e0000 - 0x00007ffee56eb000 	C:\WINDOWS\SYSTEM32\VERSION.dll
0x00007ffeec520000 - 0x00007ffeec534000 	C:\WINDOWS\SYSTEM32\UMPDC.dll
0x00007ffeeb490000 - 0x00007ffeeb4ab000 	C:\WINDOWS\SYSTEM32\kernel.appcore.dll
0x00007ffed3be0000 - 0x00007ffed3bea000 	C:\Program Files\Microsoft\jdk-17.0.15.6-hotspot\bin\jimage.dll
0x00007ffee1f30000 - 0x00007ffee2171000 	C:\WINDOWS\SYSTEM32\DBGHELP.DLL
0x00007ffeee330000 - 0x00007ffeee6b6000 	C:\WINDOWS\System32\combase.dll
0x00007ffeedbb0000 - 0x00007ffeedc90000 	C:\WINDOWS\System32\OLEAUT32.dll
0x00007ffed4a10000 - 0x00007ffed4a53000 	C:\WINDOWS\SYSTEM32\dbgcore.DLL
0x00007ffeecb00000 - 0x00007ffeecb99000 	C:\WINDOWS\System32\bcryptPrimitives.dll
0x00007ffee1b30000 - 0x00007ffee1b3e000 	C:\Program Files\Microsoft\jdk-17.0.15.6-hotspot\bin\instrument.dll
0x00007ffe7ea30000 - 0x00007ffe7ea55000 	C:\Program Files\Microsoft\jdk-17.0.15.6-hotspot\bin\java.dll
0x00007ffe7e950000 - 0x00007ffe7ea26000 	C:\Program Files\Microsoft\jdk-17.0.15.6-hotspot\bin\jsvml.dll
0x00007ffeee800000 - 0x00007ffeeef4a000 	C:\WINDOWS\System32\SHELL32.dll
0x00007ffeed080000 - 0x00007ffeed1f4000 	C:\WINDOWS\System32\wintypes.dll
0x00007ffeea370000 - 0x00007ffeeabcb000 	C:\WINDOWS\SYSTEM32\windows.storage.dll
0x00007ffeef3e0000 - 0x00007ffeef4d5000 	C:\WINDOWS\System32\SHCORE.dll
0x00007ffeedd80000 - 0x00007ffeeddea000 	C:\WINDOWS\System32\shlwapi.dll
0x00007ffeec600000 - 0x00007ffeec62f000 	C:\WINDOWS\SYSTEM32\profapi.dll
0x00007ffe81cb0000 - 0x00007ffe81cc8000 	C:\Program Files\Microsoft\jdk-17.0.15.6-hotspot\bin\zip.dll
0x00007ffe95ed0000 - 0x00007ffe95eea000 	C:\Program Files\Microsoft\jdk-17.0.15.6-hotspot\bin\net.dll
0x00007ffee53d0000 - 0x00007ffee54ee000 	C:\WINDOWS\SYSTEM32\WINHTTP.dll
0x00007ffeeba20000 - 0x00007ffeeba8a000 	C:\WINDOWS\system32\mswsock.dll
0x00007ffe87c50000 - 0x00007ffe87c66000 	C:\Program Files\Microsoft\jdk-17.0.15.6-hotspot\bin\nio.dll
0x00007ffee1b50000 - 0x00007ffee1b60000 	C:\Program Files\Microsoft\jdk-17.0.15.6-hotspot\bin\verify.dll
0x00007ffe88440000 - 0x00007ffe88467000 	C:\Users\HP\.gradle\native\1def1411415f61bf3af743bc5b6707747c0891f09f0c88961ee8f79bc544acac\windows-amd64\native-platform.dll
0x00007ffe84b10000 - 0x00007ffe84b88000 	C:\Users\HP\.gradle\native\0.2.7\x86_64-windows-gnu\gradle-fileevents.dll
0x00007ffea2300000 - 0x00007ffea230a000 	C:\Program Files\Microsoft\jdk-17.0.15.6-hotspot\bin\management.dll
0x00007ffea22f0000 - 0x00007ffea22fb000 	C:\Program Files\Microsoft\jdk-17.0.15.6-hotspot\bin\management_ext.dll
0x00007ffeef4e0000 - 0x00007ffeef4e8000 	C:\WINDOWS\System32\PSAPI.DLL
0x00007ffeeaf10000 - 0x00007ffeeaf43000 	C:\WINDOWS\SYSTEM32\IPHLPAPI.DLL
0x00007ffeee710000 - 0x00007ffeee71a000 	C:\WINDOWS\System32\NSI.dll
0x00007ffee56f0000 - 0x00007ffee570f000 	C:\WINDOWS\SYSTEM32\dhcpcsvc6.DLL
0x00007ffee51a0000 - 0x00007ffee51c5000 	C:\WINDOWS\SYSTEM32\dhcpcsvc.DLL
0x00007ffeeafb0000 - 0x00007ffeeb0d6000 	C:\WINDOWS\SYSTEM32\DNSAPI.dll
0x00007ffea22e0000 - 0x00007ffea22e9000 	C:\Program Files\Microsoft\jdk-17.0.15.6-hotspot\bin\extnet.dll
0x00007ffeebcd0000 - 0x00007ffeebceb000 	C:\WINDOWS\SYSTEM32\CRYPTSP.dll
0x00007ffeeb3f0000 - 0x00007ffeeb42b000 	C:\WINDOWS\system32\rsaenh.dll
0x00007ffeebac0000 - 0x00007ffeebaeb000 	C:\WINDOWS\SYSTEM32\USERENV.dll
0x00007ffeec5d0000 - 0x00007ffeec5f6000 	C:\WINDOWS\SYSTEM32\bcrypt.dll
0x00007ffeebcf0000 - 0x00007ffeebcfc000 	C:\WINDOWS\SYSTEM32\CRYPTBASE.dll
0x00007ffee9670000 - 0x00007ffee967e000 	C:\Program Files\Microsoft\jdk-17.0.15.6-hotspot\bin\sunmscapi.dll
0x00007ffeec830000 - 0x00007ffeec9a7000 	C:\WINDOWS\System32\CRYPT32.dll
0x00007ffeebe70000 - 0x00007ffeebea0000 	C:\WINDOWS\SYSTEM32\ncrypt.dll
0x00007ffeebe20000 - 0x00007ffeebe5f000 	C:\WINDOWS\SYSTEM32\NTASN1.dll
0x00007ffed7cf0000 - 0x00007ffed7cf8000 	C:\WINDOWS\system32\wshunix.dll

dbghelp: loaded successfully - version: 4.0.5 - missing functions: none
symbol engine: initialized successfully - sym options: 0x614 - pdb path: .;C:\Program Files\Microsoft\jdk-17.0.15.6-hotspot\bin;C:\WINDOWS\SYSTEM32;C:\WINDOWS\WinSxS\amd64_microsoft.windows.common-controls_6595b64144ccf1df_6.0.26100.4484_none_3e0e6d4ce32ef3b3;C:\Program Files\Microsoft\jdk-17.0.15.6-hotspot\bin\server;C:\Users\HP\.gradle\native\1def1411415f61bf3af743bc5b6707747c0891f09f0c88961ee8f79bc544acac\windows-amd64;C:\Users\HP\.gradle\native\0.2.7\x86_64-windows-gnu

VM Arguments:
jvm_args: --add-opens=java.base/java.lang=ALL-UNNAMED --add-opens=java.base/java.lang.invoke=ALL-UNNAMED --add-opens=java.base/java.util=ALL-UNNAMED --add-opens=java.prefs/java.util.prefs=ALL-UNNAMED --add-exports=jdk.compiler/com.sun.tools.javac.api=ALL-UNNAMED --add-exports=jdk.compiler/com.sun.tools.javac.util=ALL-UNNAMED --add-opens=java.base/java.util=ALL-UNNAMED --add-opens=java.prefs/java.util.prefs=ALL-UNNAMED --add-opens=java.base/java.nio.charset=ALL-UNNAMED --add-opens=java.base/java.net=ALL-UNNAMED --add-opens=java.base/java.util.concurrent.atomic=ALL-UNNAMED --add-opens=java.xml/javax.xml.namespace=ALL-UNNAMED -XX:MaxMetaspaceSize=512m -Xmx2048m -Dfile.encoding=windows-1252 -Duser.country=US -Duser.language=en -Duser.variant -javaagent:C:\Users\HP\.gradle\wrapper\dists\gradle-8.14.1-bin\baw1sv0jfoi8rxs14qo3h49cs\gradle-8.14.1\lib\agents\gradle-instrumentation-agent-8.14.1.jar 
java_command: org.gradle.launcher.daemon.bootstrap.GradleDaemon 8.14.1
java_class_path (initial): C:\Users\HP\.gradle\wrapper\dists\gradle-8.14.1-bin\baw1sv0jfoi8rxs14qo3h49cs\gradle-8.14.1\lib\gradle-daemon-main-8.14.1.jar
Launcher Type: SUN_STANDARD

[Global flags]
     intx CICompilerCount                          = 4                                         {product} {ergonomic}
   size_t CompressedClassSpaceSize                 = 436207616                                 {product} {ergonomic}
     uint ConcGCThreads                            = 2                                         {product} {ergonomic}
     uint G1ConcRefinementThreads                  = 8                                         {product} {ergonomic}
   size_t G1HeapRegionSize                         = 1048576                                   {product} {ergonomic}
    uintx GCDrainStackTargetSize                   = 64                                        {product} {ergonomic}
   size_t InitialHeapSize                          = 100663296                                 {product} {ergonomic}
   size_t MarkStackSize                            = 4194304                                   {product} {ergonomic}
   size_t MaxHeapSize                              = 2147483648                                {product} {command line}
   size_t MaxMetaspaceSize                         = 536870912                                 {product} {command line}
   size_t MaxNewSize                               = 1287651328                                {product} {ergonomic}
   size_t MinHeapDeltaBytes                        = 1048576                                   {product} {ergonomic}
   size_t MinHeapSize                              = 8388608                                   {product} {ergonomic}
    uintx NonNMethodCodeHeapSize                   = 5839372                                {pd product} {ergonomic}
    uintx NonProfiledCodeHeapSize                  = 122909434                              {pd product} {ergonomic}
    uintx ProfiledCodeHeapSize                     = 122909434                              {pd product} {ergonomic}
    uintx ReservedCodeCacheSize                    = 251658240                              {pd product} {ergonomic}
     bool SegmentedCodeCache                       = true                                      {product} {ergonomic}
   size_t SoftMaxHeapSize                          = 2147483648                             {manageable} {ergonomic}
     bool UseCompressedClassPointers               = true                           {product lp64_product} {ergonomic}
     bool UseCompressedOops                        = true                           {product lp64_product} {ergonomic}
     bool UseG1GC                                  = true                                      {product} {ergonomic}
     bool UseLargePagesIndividualAllocation        = false                                  {pd product} {ergonomic}

Logging:
Log output configuration:
 #0: stdout all=warning uptime,level,tags
 #1: stderr all=off uptime,level,tags

Environment Variables:
JAVA_HOME=C:\Program Files\Microsoft\jdk-17.0.15.6-hotspot
PATH=D:\Hisabkitab\node_modules\.bin;D:\Hisabkitab\node_modules\.bin;D:\node_modules\.bin;C:\Users\HP\AppData\Roaming\npm\node_modules\npm\node_modules\@npmcli\run-script\lib\node-gyp-bin;C:\Program Files\Microsoft\jdk-17.0.15.6-hotspot\bin;C:\Program Files\Common Files\Oracle\Java\javapath;C:\Program Files (x86)\Common Files\Oracle\Java\javapath;C:\Program Files\Python310\Scripts\;C:\Program Files\Python310\;C:\WINDOWS\system32;C:\WINDOWS;C:\WINDOWS\System32\Wbem;C:\WINDOWS\System32\WindowsPowerShell\v1.0\;C:\WINDOWS\System32\OpenSSH\;C:\Program Files (x86)\Microsoft SQL Server\160\Tools\Binn\;C:\Program Files\Microsoft SQL Server\160\Tools\Binn\;C:\Program Files\Microsoft SQL Server\Client SDK\ODBC\170\Tools\Binn\;C:\Program Files\Microsoft SQL Server\160\DTS\Binn\;C:\ProgramData\chocolatey\bin;C:\Program Files (x86)\Yarn\bin\;C:\Program Files\Git\cmd;C:\apache-maven-3.9.1\bin;C:\Program Files\Java\jdk-20\bin;C:\Users\HP\AppData\Roaming\Python\Python310\Scripts;C:\MinGW\bin;C:\Program Files\Android\Android Studio1\bin;C:\Users\HP\AppData\Local\Android\Sdk\platform-tools;C:\composer;C:\Program Files\nodejs\;C:\Program Files\Microsoft\jdk-17.0.15.6-hotspot\bin;C:\Users\HP\AppData\Local\Microsoft\WindowsApps;C:\Users\HP\AppData\Local\Programs\Microsoft VS Code\bin;C:\Users\HP\AppData\Local\Yarn\bin;C:\Users\HP\AppData\Local\GitHubDesktop\bin;C:\Program Files\JetBrains\IntelliJ IDEA Community Edition 2023.1.1\bin;;C:\Program Files\Android\Android Studio1\bin;C:\wamp64\bin\php\php8.1.31;C:\Users\HP\AppData\Roaming\Composer\vendor\bin;C:\Users\HP\AppData\Roaming\npm;C:\Program Files\Microsoft\jdk-17.0.15.6-hotspot\bin;
USERNAME=HP
LANG=en_US.UTF-8
OS=Windows_NT
PROCESSOR_IDENTIFIER=AMD64 Family 23 Model 24 Stepping 1, AuthenticAMD
TMP=C:\Users\HP\AppData\Local\Temp
TEMP=C:\Users\HP\AppData\Local\Temp



Periodic native trim disabled


---------------  S Y S T E M  ---------------

OS:
 Windows 11 , 64 bit Build 26100 (10.0.26100.4484)
OS uptime: 5 days 6:10 hours

CPU: total 8 (initial active 8) (8 cores per cpu, 2 threads per core) family 23 model 24 stepping 1 microcode 0x8108109, cx8, cmov, fxsr, ht, mmx, 3dnowpref, sse, sse2, sse3, ssse3, sse4a, sse4.1, sse4.2, popcnt, lzcnt, tsc, tscinvbit, avx, avx2, aes, clmul, bmi1, bmi2, adx, sha, fma, vzeroupper, clflush, clflushopt
Processor Information for the first 8 processors :
  Max Mhz: 2100, Current Mhz: 2100, Mhz Limit: 2100

Memory: 4k page, system-wide physical 6017M (246M free)
TotalPageFile size 24449M (AvailPageFile size 232M)
current process WorkingSet (physical memory assigned to process): 372M, peak: 456M
current process commit charge ("private bytes"): 678M, peak: 745M

vm_info: OpenJDK 64-Bit Server VM (17.0.15+6-LTS) for windows-amd64 JRE (17.0.15+6-LTS), built on Apr  9 2025 22:27:25 by "MicrosoftCorporation" with unknown MS VC++:1939

END.
