#
# There is insufficient memory for the Java Runtime Environment to continue.
# Native memory allocation (mmap) failed to map 102760448 bytes. Error detail: G1 virtual space
# Possible reasons:
#   The system is out of physical RAM or swap space
#   This process is running with CompressedOops enabled, and the Java Heap may be blocking the growth of the native heap
# Possible solutions:
#   Reduce memory load on the system
#   Increase physical memory or swap space
#   Check if swap backing store is full
#   Decrease Java heap size (-Xmx/-Xms)
#   Decrease number of Java threads
#   Decrease Java thread stack sizes (-Xss)
#   Set larger code cache with -XX:ReservedCodeCacheSize=
#   JVM is running with Unscaled Compressed Oops mode in which the Java heap is
#     placed in the first 4GB address space. The Java Heap base address is the
#     maximum limit for the native heap growth. Please use -XX:HeapBaseMinAddress
#     to set the Java Heap base and to place the Java Heap above 4GB virtual address.
# This output file may be truncated or incomplete.
#
#  Out of Memory Error (os_windows.cpp:3710), pid=420, tid=20276
#
# JRE version: OpenJDK Runtime Environment Microsoft-11369865 (17.0.15+6) (build 17.0.15+6-LTS)
# Java VM: OpenJDK 64-Bit Server VM Microsoft-11369865 (17.0.15+6-LTS, mixed mode, sharing, tiered, compressed oops, compressed class ptrs, g1 gc, windows-amd64)
# No core dump will be written. Minidumps are not enabled by default on client versions of Windows
#

---------------  S U M M A R Y ------------

Command Line: --add-opens=java.base/java.lang=ALL-UNNAMED --add-opens=java.base/java.lang.invoke=ALL-UNNAMED --add-opens=java.base/java.util=ALL-UNNAMED --add-opens=java.prefs/java.util.prefs=ALL-UNNAMED --add-exports=jdk.compiler/com.sun.tools.javac.api=ALL-UNNAMED --add-exports=jdk.compiler/com.sun.tools.javac.util=ALL-UNNAMED --add-opens=java.base/java.util=ALL-UNNAMED --add-opens=java.prefs/java.util.prefs=ALL-UNNAMED --add-opens=java.base/java.nio.charset=ALL-UNNAMED --add-opens=java.base/java.net=ALL-UNNAMED --add-opens=java.base/java.util.concurrent.atomic=ALL-UNNAMED --add-opens=java.xml/javax.xml.namespace=ALL-UNNAMED -XX:MaxMetaspaceSize=512m -Xmx2048m -Dfile.encoding=windows-1252 -Duser.country=US -Duser.language=en -Duser.variant -javaagent:C:\Users\HP\.gradle\wrapper\dists\gradle-8.14.1-bin\baw1sv0jfoi8rxs14qo3h49cs\gradle-8.14.1\lib\agents\gradle-instrumentation-agent-8.14.1.jar org.gradle.launcher.daemon.bootstrap.GradleDaemon 8.14.1

Host: AMD Ryzen 5 3500U with Radeon Vega Mobile Gfx  , 8 cores, 5G,  Windows 11 , 64 bit Build 26100 (10.0.26100.4484)
Time: Thu Jul 24 14:29:52 2025 India Standard Time elapsed time: 99.284927 seconds (0d 0h 1m 39s)

---------------  T H R E A D  ---------------

Current thread (0x000001df872ccc00):  VMThread "VM Thread" [stack: 0x000000d593000000,0x000000d593100000] [id=20276]

Stack: [0x000000d593000000,0x000000d593100000]
Native frames: (J=compiled Java code, j=interpreted, Vv=VM code, C=native code)
V  [jvm.dll+0x6887a9]
V  [jvm.dll+0x83f5a8]
V  [jvm.dll+0x841053]
V  [jvm.dll+0x8416c3]
V  [jvm.dll+0x2496ef]
V  [jvm.dll+0x6856e9]
V  [jvm.dll+0x679b7a]
V  [jvm.dll+0x30b0d7]
V  [jvm.dll+0x312646]
V  [jvm.dll+0x36300e]
V  [jvm.dll+0x36324d]
V  [jvm.dll+0x2e236c]
V  [jvm.dll+0x2e0719]
V  [jvm.dll+0x2dfe7c]
V  [jvm.dll+0x322a2b]
V  [jvm.dll+0x845efd]
V  [jvm.dll+0x846c33]
V  [jvm.dll+0x84715f]
V  [jvm.dll+0x847544]
V  [jvm.dll+0x84760e]
V  [jvm.dll+0x7ef2dc]
V  [jvm.dll+0x687687]
C  [ucrtbase.dll+0x37b0]
C  [KERNEL32.DLL+0x2e8d7]
C  [ntdll.dll+0x3c34c]

VM_Operation (0x000000d5947f5930): G1CollectForAllocation, mode: safepoint, requested by thread 0x000001dfa838a740


---------------  P R O C E S S  ---------------

Threads class SMR info:
_java_thread_list=0x000001dfacd91550, length=148, elements={
0x000001dfe8db1380, 0x000001df872d4f10, 0x000001df872d7560, 0x000001df872eb280,
0x000001df872ed870, 0x000001df872f4090, 0x000001df872f4570, 0x000001df87307940,
0x000001df87308fa0, 0x000001df87334600, 0x000001df872be910, 0x000001df874bd880,
0x000001dfa7f85110, 0x000001dfa80dc7e0, 0x000001dfa80bbca0, 0x000001dfa7573a00,
0x000001dfa84aadd0, 0x000001dfa838d4d0, 0x000001dfa838a740, 0x000001dfa838ac50,
0x000001dfa838d9e0, 0x000001dfa838c090, 0x000001dfa838b160, 0x000001dfa838b670,
0x000001dfa838def0, 0x000001dfa838c5a0, 0x000001dfa838cab0, 0x000001dfa838cfc0,
0x000001dfa95d6d00, 0x000001dfa95d7210, 0x000001dfa95d9fa0, 0x000001dfa95d8140,
0x000001dfa95d8650, 0x000001dfa95daed0, 0x000001dfa95d8b60, 0x000001dfa95da9c0,
0x000001dfa95d7720, 0x000001dfa95db3e0, 0x000001dfa95db8f0, 0x000001dfa95dbe00,
0x000001dfa95dc310, 0x000001dfa95d9070, 0x000001dfa95dcd30, 0x000001dfa95d9580,
0x000001dfa95ddc60, 0x000001dfa95dd240, 0x000001dfa95dd750, 0x000001dfa95de170,
0x000001dfa95de680, 0x000001dfa9f49ba0, 0x000001dfa9f46e10, 0x000001dfa9f47830,
0x000001dfa9f47320, 0x000001dfa9f4afe0, 0x000001dfa9f4a5c0, 0x000001dfa9f49690,
0x000001dfa9f49180, 0x000001dfa9f4a0b0, 0x000001dfa9f47d40, 0x000001dfa9f4aad0,
0x000001dfa9f4b4f0, 0x000001dfa9f4ba00, 0x000001dfa9f48250, 0x000001dfa9f4bf10,
0x000001dfa9f4c420, 0x000001dfa9f48c70, 0x000001dfa9f4c930, 0x000001dfa9f4e280,
0x000001dfa9f4dd70, 0x000001dfa9f4d350, 0x000001dfa9f4e790, 0x000001dfa9f4ce40,
0x000001dfa9f4d860, 0x000001dfa77de6c0, 0x000001dfa77df5f0, 0x000001dfa77e0520,
0x000001dfa77dd790, 0x000001dfa77dd280, 0x000001dfa77debd0, 0x000001dfa77e0f40,
0x000001dfa77de1b0, 0x000001dfa77e1450, 0x000001dfa77e0010, 0x000001dfa77ddca0,
0x000001dfa77e0a30, 0x000001dfa77e2380, 0x000001dfa77e1960, 0x000001dfa77e1e70,
0x000001dfa77e2890, 0x000001dfa77df0e0, 0x000001dfa77e32b0, 0x000001dfa77e41e0,
0x000001dfa77e37c0, 0x000001dfa77e2da0, 0x000001dfa77e3cd0, 0x000001dfa77e46f0,
0x000001dfa77e4c00, 0x000001dfab6b86a0, 0x000001dfab6b8190, 0x000001dfab6ba500,
0x000001dfab6b90c0, 0x000001dfab6b8bb0, 0x000001dfab6baf20, 0x000001dfab6b95d0,
0x000001dfab6b9ae0, 0x000001dfab6b9ff0, 0x000001dfab6b7770, 0x000001dfab6baa10,
0x000001dfab6b7c80, 0x000001dfaa1bc3a0, 0x000001dfaa1bdcf0, 0x000001dfaa1bcdc0,
0x000001dfaa1baf60, 0x000001dfaa1bd2d0, 0x000001dfaa1bb470, 0x000001dfaa1bd7e0,
0x000001dfaa1bc8b0, 0x000001dfaa1bb980, 0x000001dfaa1be200, 0x000001dfaa1bf640,
0x000001dfaa1be710, 0x000001dfaa1bec20, 0x000001dfaa1bf130, 0x000001dfaa1bbe90,
0x000001dfaa1bfb50, 0x000001dfaa1c0f90, 0x000001dfaa1c23d0, 0x000001dfaa1c0570,
0x000001dfaa1c0a80, 0x000001dfaa1c0060, 0x000001dfaa1c14a0, 0x000001dfaa1c19b0,
0x000001dfaa1c1ec0, 0x000001dfaa1c28e0, 0x000001dfaa818dc0, 0x000001dfaa8188b0,
0x000001dfaa8192d0, 0x000001dfaa817e90, 0x000001dfaa8183a0, 0x000001dfaa8197e0,
0x000001dfaa819cf0, 0x000001dfaa816f60, 0x000001dfaa81ac20, 0x000001dfaa81d9b0,
0x000001dfaa81b640, 0x000001dfaa81c060, 0x000001dfaa81c570, 0x000001dfaa81ca80
}

Java Threads: ( => current thread )
  0x000001dfe8db1380 JavaThread "main" [_thread_blocked, id=9084, stack(0x000000d592a00000,0x000000d592b00000)]
  0x000001df872d4f10 JavaThread "Reference Handler" daemon [_thread_blocked, id=6212, stack(0x000000d593100000,0x000000d593200000)]
  0x000001df872d7560 JavaThread "Finalizer" daemon [_thread_blocked, id=21104, stack(0x000000d593200000,0x000000d593300000)]
  0x000001df872eb280 JavaThread "Signal Dispatcher" daemon [_thread_blocked, id=1924, stack(0x000000d593300000,0x000000d593400000)]
  0x000001df872ed870 JavaThread "Attach Listener" daemon [_thread_blocked, id=17928, stack(0x000000d593400000,0x000000d593500000)]
  0x000001df872f4090 JavaThread "Service Thread" daemon [_thread_blocked, id=24608, stack(0x000000d593500000,0x000000d593600000)]
  0x000001df872f4570 JavaThread "Monitor Deflation Thread" daemon [_thread_blocked, id=26940, stack(0x000000d593600000,0x000000d593700000)]
  0x000001df87307940 JavaThread "C2 CompilerThread0" daemon [_thread_blocked, id=16224, stack(0x000000d593700000,0x000000d593800000)]
  0x000001df87308fa0 JavaThread "C1 CompilerThread0" daemon [_thread_blocked, id=21540, stack(0x000000d593800000,0x000000d593900000)]
  0x000001df87334600 JavaThread "Sweeper thread" daemon [_thread_blocked, id=13724, stack(0x000000d593900000,0x000000d593a00000)]
  0x000001df872be910 JavaThread "Common-Cleaner" daemon [_thread_blocked, id=9592, stack(0x000000d593a00000,0x000000d593b00000)]
  0x000001df874bd880 JavaThread "Notification Thread" daemon [_thread_blocked, id=26596, stack(0x000000d593b00000,0x000000d593c00000)]
  0x000001dfa7f85110 JavaThread "Daemon health stats" [_thread_blocked, id=12056, stack(0x000000d593d00000,0x000000d593e00000)]
  0x000001dfa80dc7e0 JavaThread "Incoming local TCP Connector on port 56689" [_thread_in_native, id=15152, stack(0x000000d594200000,0x000000d594300000)]
  0x000001dfa80bbca0 JavaThread "Daemon periodic checks" [_thread_blocked, id=26676, stack(0x000000d594300000,0x000000d594400000)]
  0x000001dfa7573a00 JavaThread "Daemon" [_thread_blocked, id=21800, stack(0x000000d594400000,0x000000d594500000)]
  0x000001dfa84aadd0 JavaThread "Handler for socket connection from /127.0.0.1:56689 to /127.0.0.1:56690" [_thread_in_native, id=23492, stack(0x000000d594500000,0x000000d594600000)]
  0x000001dfa838d4d0 JavaThread "Cancel handler" [_thread_blocked, id=22064, stack(0x000000d594600000,0x000000d594700000)]
  0x000001dfa838a740 JavaThread "Daemon worker" [_thread_blocked, id=26068, stack(0x000000d594700000,0x000000d594800000)]
  0x000001dfa838ac50 JavaThread "Asynchronous log dispatcher for DefaultDaemonConnection: socket connection from /127.0.0.1:56689 to /127.0.0.1:56690" [_thread_blocked, id=16680, stack(0x000000d594800000,0x000000d594900000)]
  0x000001dfa838d9e0 JavaThread "Stdin handler" [_thread_blocked, id=9024, stack(0x000000d594900000,0x000000d594a00000)]
  0x000001dfa838c090 JavaThread "Daemon client event forwarder" [_thread_blocked, id=9720, stack(0x000000d594a00000,0x000000d594b00000)]
  0x000001dfa838b160 JavaThread "Cache worker for journal cache (C:\Users\HP\.gradle\caches\journal-1)" [_thread_blocked, id=25760, stack(0x000000d594e00000,0x000000d594f00000)]
  0x000001dfa838b670 JavaThread "File lock request listener" [_thread_in_native, id=29252, stack(0x000000d594f00000,0x000000d595000000)]
  0x000001dfa838def0 JavaThread "Cache worker for file hash cache (C:\Users\HP\.gradle\caches\8.14.1\fileHashes)" [_thread_blocked, id=504, stack(0x000000d595000000,0x000000d595100000)]
  0x000001dfa838c5a0 JavaThread "Cache worker for file hash cache (D:\Hisabkitab\android\.gradle\8.14.1\fileHashes)" [_thread_blocked, id=13980, stack(0x000000d595200000,0x000000d595300000)]
  0x000001dfa838cab0 JavaThread "Cache worker for Build Output Cleanup Cache (D:\Hisabkitab\android\.gradle\buildOutputCleanup)" [_thread_blocked, id=25704, stack(0x000000d595300000,0x000000d595400000)]
  0x000001dfa838cfc0 JavaThread "File watcher server" daemon [_thread_in_native, id=15736, stack(0x000000d595500000,0x000000d595600000)]
  0x000001dfa95d6d00 JavaThread "File watcher consumer" daemon [_thread_blocked, id=26724, stack(0x000000d595600000,0x000000d595700000)]
  0x000001dfa95d7210 JavaThread "jar transforms" [_thread_blocked, id=24100, stack(0x000000d595800000,0x000000d595900000)]
  0x000001dfa95d9fa0 JavaThread "Cache worker for checksums cache (D:\Hisabkitab\android\.gradle\8.14.1\checksums)" [_thread_blocked, id=8400, stack(0x000000d595900000,0x000000d595a00000)]
  0x000001dfa95d8140 JavaThread "Cache worker for file content cache (C:\Users\HP\.gradle\caches\8.14.1\fileContent)" [_thread_blocked, id=14980, stack(0x000000d595100000,0x000000d595200000)]
  0x000001dfa95d8650 JavaThread "Cache worker for cache directory md-supplier (C:\Users\HP\.gradle\caches\8.14.1\md-supplier)" [_thread_blocked, id=23840, stack(0x000000d595a00000,0x000000d595b00000)]
  0x000001dfa95daed0 JavaThread "Cache worker for cache directory md-rule (C:\Users\HP\.gradle\caches\8.14.1\md-rule)" [_thread_blocked, id=23344, stack(0x000000d595b00000,0x000000d595c00000)]
  0x000001dfa95d8b60 JavaThread "Cache worker for Build Output Cleanup Cache (D:\Hisabkitab\node_modules\@react-native\gradle-plugin\.gradle\buildOutputCleanup)" [_thread_blocked, id=28488, stack(0x000000d595c00000,0x000000d595d00000)]
  0x000001dfa95da9c0 JavaThread "Unconstrained build operations" [_thread_blocked, id=5272, stack(0x000000d595d00000,0x000000d595e00000)]
  0x000001dfa95d7720 JavaThread "Unconstrained build operations Thread 2" [_thread_blocked, id=22740, stack(0x000000d595e00000,0x000000d595f00000)]
  0x000001dfa95db3e0 JavaThread "Unconstrained build operations Thread 3" [_thread_blocked, id=1356, stack(0x000000d595f00000,0x000000d596000000)]
  0x000001dfa95db8f0 JavaThread "Unconstrained build operations Thread 4" [_thread_blocked, id=25728, stack(0x000000d596000000,0x000000d596100000)]
  0x000001dfa95dbe00 JavaThread "Unconstrained build operations Thread 5" [_thread_blocked, id=16332, stack(0x000000d596100000,0x000000d596200000)]
  0x000001dfa95dc310 JavaThread "Unconstrained build operations Thread 6" [_thread_blocked, id=1380, stack(0x000000d596200000,0x000000d596300000)]
  0x000001dfa95d9070 JavaThread "Unconstrained build operations Thread 7" [_thread_blocked, id=12280, stack(0x000000d592800000,0x000000d592900000)]
  0x000001dfa95dcd30 JavaThread "Unconstrained build operations Thread 8" [_thread_blocked, id=2736, stack(0x000000d596300000,0x000000d596400000)]
  0x000001dfa95d9580 JavaThread "Unconstrained build operations Thread 9" [_thread_blocked, id=27112, stack(0x000000d596400000,0x000000d596500000)]
  0x000001dfa95ddc60 JavaThread "Unconstrained build operations Thread 10" [_thread_blocked, id=27328, stack(0x000000d596500000,0x000000d596600000)]
  0x000001dfa95dd240 JavaThread "Unconstrained build operations Thread 11" [_thread_blocked, id=2056, stack(0x000000d596600000,0x000000d596700000)]
  0x000001dfa95dd750 JavaThread "Unconstrained build operations Thread 12" [_thread_blocked, id=21788, stack(0x000000d596700000,0x000000d596800000)]
  0x000001dfa95de170 JavaThread "Unconstrained build operations Thread 13" [_thread_blocked, id=25132, stack(0x000000d596800000,0x000000d596900000)]
  0x000001dfa95de680 JavaThread "Unconstrained build operations Thread 14" [_thread_blocked, id=25140, stack(0x000000d596900000,0x000000d596a00000)]
  0x000001dfa9f49ba0 JavaThread "Unconstrained build operations Thread 15" [_thread_blocked, id=7212, stack(0x000000d596a00000,0x000000d596b00000)]
  0x000001dfa9f46e10 JavaThread "Unconstrained build operations Thread 16" [_thread_blocked, id=26308, stack(0x000000d596b00000,0x000000d596c00000)]
  0x000001dfa9f47830 JavaThread "Unconstrained build operations Thread 17" [_thread_blocked, id=7324, stack(0x000000d596c00000,0x000000d596d00000)]
  0x000001dfa9f47320 JavaThread "Unconstrained build operations Thread 18" [_thread_blocked, id=27924, stack(0x000000d596d00000,0x000000d596e00000)]
  0x000001dfa9f4afe0 JavaThread "Unconstrained build operations Thread 19" [_thread_blocked, id=2288, stack(0x000000d596e00000,0x000000d596f00000)]
  0x000001dfa9f4a5c0 JavaThread "Unconstrained build operations Thread 20" [_thread_blocked, id=2468, stack(0x000000d596f00000,0x000000d597000000)]
  0x000001dfa9f49690 JavaThread "Unconstrained build operations Thread 21" [_thread_blocked, id=9848, stack(0x000000d597000000,0x000000d597100000)]
  0x000001dfa9f49180 JavaThread "Unconstrained build operations Thread 22" [_thread_blocked, id=13920, stack(0x000000d597100000,0x000000d597200000)]
  0x000001dfa9f4a0b0 JavaThread "Unconstrained build operations Thread 23" [_thread_blocked, id=16500, stack(0x000000d597200000,0x000000d597300000)]
  0x000001dfa9f47d40 JavaThread "Unconstrained build operations Thread 24" [_thread_blocked, id=2168, stack(0x000000d597300000,0x000000d597400000)]
  0x000001dfa9f4aad0 JavaThread "Unconstrained build operations Thread 25" [_thread_blocked, id=9896, stack(0x000000d597400000,0x000000d597500000)]
  0x000001dfa9f4b4f0 JavaThread "Unconstrained build operations Thread 26" [_thread_blocked, id=28368, stack(0x000000d597500000,0x000000d597600000)]
  0x000001dfa9f4ba00 JavaThread "Unconstrained build operations Thread 27" [_thread_blocked, id=29524, stack(0x000000d597600000,0x000000d597700000)]
  0x000001dfa9f48250 JavaThread "build event listener" [_thread_blocked, id=29080, stack(0x000000d597900000,0x000000d597a00000)]
  0x000001dfa9f4bf10 JavaThread "Memory manager" [_thread_blocked, id=12460, stack(0x000000d597a00000,0x000000d597b00000)]
  0x000001dfa9f4c420 JavaThread "ForkJoinPool.commonPool-worker-1" daemon [_thread_blocked, id=13328, stack(0x000000d597c00000,0x000000d597d00000)]
  0x000001dfa9f48c70 JavaThread "ForkJoinPool.commonPool-worker-2" daemon [_thread_blocked, id=400, stack(0x000000d597d00000,0x000000d597e00000)]
  0x000001dfa9f4c930 JavaThread "ForkJoinPool.commonPool-worker-3" daemon [_thread_blocked, id=7608, stack(0x000000d597e00000,0x000000d597f00000)]
  0x000001dfa9f4e280 JavaThread "ForkJoinPool.commonPool-worker-4" daemon [_thread_blocked, id=1456, stack(0x000000d597f00000,0x000000d598000000)]
  0x000001dfa9f4dd70 JavaThread "ForkJoinPool.commonPool-worker-5" daemon [_thread_blocked, id=7116, stack(0x000000d598000000,0x000000d598100000)]
  0x000001dfa9f4d350 JavaThread "ForkJoinPool.commonPool-worker-6" daemon [_thread_blocked, id=15104, stack(0x000000d598100000,0x000000d598200000)]
  0x000001dfa9f4e790 JavaThread "ForkJoinPool.commonPool-worker-7" daemon [_thread_blocked, id=23032, stack(0x000000d598200000,0x000000d598300000)]
  0x000001dfa9f4ce40 JavaThread "Exec process" [_thread_blocked, id=16212, stack(0x000000d598300000,0x000000d598400000)]
  0x000001dfa9f4d860 JavaThread "Exec process Thread 2" [_thread_blocked, id=16832, stack(0x000000d598400000,0x000000d598500000)]
  0x000001dfa77de6c0 JavaThread "Exec process Thread 3" [_thread_blocked, id=16092, stack(0x000000d598500000,0x000000d598600000)]
  0x000001dfa77df5f0 JavaThread "included builds" [_thread_blocked, id=10884, stack(0x000000d598600000,0x000000d598700000)]
  0x000001dfa77e0520 JavaThread "Execution worker" [_thread_blocked, id=10052, stack(0x000000d598700000,0x000000d598800000)]
  0x000001dfa77dd790 JavaThread "Execution worker Thread 2" [_thread_blocked, id=2076, stack(0x000000d598800000,0x000000d598900000)]
  0x000001dfa77dd280 JavaThread "Execution worker Thread 3" [_thread_blocked, id=23620, stack(0x000000d598900000,0x000000d598a00000)]
  0x000001dfa77debd0 JavaThread "Execution worker Thread 4" [_thread_blocked, id=100, stack(0x000000d598a00000,0x000000d598b00000)]
  0x000001dfa77e0f40 JavaThread "Execution worker Thread 5" [_thread_blocked, id=6892, stack(0x000000d598b00000,0x000000d598c00000)]
  0x000001dfa77de1b0 JavaThread "Execution worker Thread 6" [_thread_blocked, id=28556, stack(0x000000d598c00000,0x000000d598d00000)]
  0x000001dfa77e1450 JavaThread "Execution worker Thread 7" [_thread_blocked, id=10336, stack(0x000000d598d00000,0x000000d598e00000)]
  0x000001dfa77e0010 JavaThread "Cache worker for execution history cache (D:\Hisabkitab\node_modules\@react-native\gradle-plugin\.gradle\8.14.1\executionHistory)" [_thread_blocked, id=22172, stack(0x000000d598e00000,0x000000d598f00000)]
  0x000001dfa77ddca0 JavaThread "Unconstrained build operations Thread 28" [_thread_blocked, id=17920, stack(0x000000d597b00000,0x000000d597c00000)]
  0x000001dfa77e0a30 JavaThread "Unconstrained build operations Thread 29" [_thread_blocked, id=7444, stack(0x000000d598f00000,0x000000d599000000)]
  0x000001dfa77e2380 JavaThread "Unconstrained build operations Thread 30" [_thread_blocked, id=10716, stack(0x000000d599000000,0x000000d599100000)]
  0x000001dfa77e1960 JavaThread "Unconstrained build operations Thread 31" [_thread_blocked, id=14744, stack(0x000000d599100000,0x000000d599200000)]
  0x000001dfa77e1e70 JavaThread "Unconstrained build operations Thread 32" [_thread_blocked, id=22132, stack(0x000000d599200000,0x000000d599300000)]
  0x000001dfa77e2890 JavaThread "Unconstrained build operations Thread 33" [_thread_blocked, id=11420, stack(0x000000d599300000,0x000000d599400000)]
  0x000001dfa77df0e0 JavaThread "Unconstrained build operations Thread 34" [_thread_blocked, id=23568, stack(0x000000d599400000,0x000000d599500000)]
  0x000001dfa77e32b0 JavaThread "Unconstrained build operations Thread 35" [_thread_blocked, id=6628, stack(0x000000d599500000,0x000000d599600000)]
  0x000001dfa77e41e0 JavaThread "Unconstrained build operations Thread 36" [_thread_blocked, id=3776, stack(0x000000d599600000,0x000000d599700000)]
  0x000001dfa77e37c0 JavaThread "Unconstrained build operations Thread 37" [_thread_blocked, id=20088, stack(0x000000d599700000,0x000000d599800000)]
  0x000001dfa77e2da0 JavaThread "Unconstrained build operations Thread 38" [_thread_blocked, id=11412, stack(0x000000d599800000,0x000000d599900000)]
  0x000001dfa77e3cd0 JavaThread "Unconstrained build operations Thread 39" [_thread_blocked, id=21420, stack(0x000000d599900000,0x000000d599a00000)]
  0x000001dfa77e46f0 JavaThread "Unconstrained build operations Thread 40" [_thread_blocked, id=26640, stack(0x000000d599a00000,0x000000d599b00000)]
  0x000001dfa77e4c00 JavaThread "Unconstrained build operations Thread 41" [_thread_blocked, id=29484, stack(0x000000d599b00000,0x000000d599c00000)]
  0x000001dfab6b86a0 JavaThread "Unconstrained build operations Thread 42" [_thread_blocked, id=19732, stack(0x000000d599c00000,0x000000d599d00000)]
  0x000001dfab6b8190 JavaThread "Unconstrained build operations Thread 43" [_thread_blocked, id=7948, stack(0x000000d599d00000,0x000000d599e00000)]
  0x000001dfab6ba500 JavaThread "Unconstrained build operations Thread 44" [_thread_blocked, id=5132, stack(0x000000d599e00000,0x000000d599f00000)]
  0x000001dfab6b90c0 JavaThread "Unconstrained build operations Thread 45" [_thread_blocked, id=3972, stack(0x000000d599f00000,0x000000d59a000000)]
  0x000001dfab6b8bb0 JavaThread "Unconstrained build operations Thread 46" [_thread_blocked, id=5152, stack(0x000000d59a000000,0x000000d59a100000)]
  0x000001dfab6baf20 JavaThread "Unconstrained build operations Thread 47" [_thread_blocked, id=17620, stack(0x000000d59a100000,0x000000d59a200000)]
  0x000001dfab6b95d0 JavaThread "Unconstrained build operations Thread 48" [_thread_blocked, id=29068, stack(0x000000d59a200000,0x000000d59a300000)]
  0x000001dfab6b9ae0 JavaThread "Unconstrained build operations Thread 49" [_thread_blocked, id=29152, stack(0x000000d59a300000,0x000000d59a400000)]
  0x000001dfab6b9ff0 JavaThread "Unconstrained build operations Thread 50" [_thread_blocked, id=23268, stack(0x000000d59a400000,0x000000d59a500000)]
  0x000001dfab6b7770 JavaThread "Unconstrained build operations Thread 51" [_thread_blocked, id=20956, stack(0x000000d59a500000,0x000000d59a600000)]
  0x000001dfab6baa10 JavaThread "Unconstrained build operations Thread 52" [_thread_blocked, id=15524, stack(0x000000d59a600000,0x000000d59a700000)]
  0x000001dfab6b7c80 JavaThread "Unconstrained build operations Thread 53" [_thread_blocked, id=26992, stack(0x000000d59a700000,0x000000d59a800000)]
  0x000001dfaa1bc3a0 JavaThread "Unconstrained build operations Thread 54" [_thread_blocked, id=29600, stack(0x000000d59a800000,0x000000d59a900000)]
  0x000001dfaa1bdcf0 JavaThread "Unconstrained build operations Thread 55" [_thread_blocked, id=21152, stack(0x000000d59a900000,0x000000d59aa00000)]
  0x000001dfaa1bcdc0 JavaThread "Unconstrained build operations Thread 56" [_thread_blocked, id=9788, stack(0x000000d59aa00000,0x000000d59ab00000)]
  0x000001dfaa1baf60 JavaThread "Unconstrained build operations Thread 57" [_thread_blocked, id=5728, stack(0x000000d59ab00000,0x000000d59ac00000)]
  0x000001dfaa1bd2d0 JavaThread "Unconstrained build operations Thread 58" [_thread_blocked, id=11740, stack(0x000000d59ac00000,0x000000d59ad00000)]
  0x000001dfaa1bb470 JavaThread "Unconstrained build operations Thread 59" [_thread_blocked, id=22860, stack(0x000000d59ad00000,0x000000d59ae00000)]
  0x000001dfaa1bd7e0 JavaThread "Unconstrained build operations Thread 60" [_thread_blocked, id=21196, stack(0x000000d59ae00000,0x000000d59af00000)]
  0x000001dfaa1bc8b0 JavaThread "Unconstrained build operations Thread 61" [_thread_blocked, id=20664, stack(0x000000d59af00000,0x000000d59b000000)]
  0x000001dfaa1bb980 JavaThread "Unconstrained build operations Thread 62" [_thread_blocked, id=8384, stack(0x000000d59b000000,0x000000d59b100000)]
  0x000001dfaa1be200 JavaThread "Unconstrained build operations Thread 63" [_thread_blocked, id=19996, stack(0x000000d59b100000,0x000000d59b200000)]
  0x000001dfaa1bf640 JavaThread "Unconstrained build operations Thread 64" [_thread_blocked, id=13968, stack(0x000000d59b200000,0x000000d59b300000)]
  0x000001dfaa1be710 JavaThread "Unconstrained build operations Thread 65" [_thread_blocked, id=20620, stack(0x000000d59b300000,0x000000d59b400000)]
  0x000001dfaa1bec20 JavaThread "Unconstrained build operations Thread 66" [_thread_blocked, id=22996, stack(0x000000d59b400000,0x000000d59b500000)]
  0x000001dfaa1bf130 JavaThread "Unconstrained build operations Thread 67" [_thread_blocked, id=27472, stack(0x000000d59b500000,0x000000d59b600000)]
  0x000001dfaa1bbe90 JavaThread "Unconstrained build operations Thread 68" [_thread_blocked, id=22308, stack(0x000000d59b600000,0x000000d59b700000)]
  0x000001dfaa1bfb50 JavaThread "Unconstrained build operations Thread 69" [_thread_blocked, id=29412, stack(0x000000d59b700000,0x000000d59b800000)]
  0x000001dfaa1c0f90 JavaThread "Unconstrained build operations Thread 70" [_thread_blocked, id=6336, stack(0x000000d59b800000,0x000000d59b900000)]
  0x000001dfaa1c23d0 JavaThread "Unconstrained build operations Thread 71" [_thread_blocked, id=24992, stack(0x000000d59b900000,0x000000d59ba00000)]
  0x000001dfaa1c0570 JavaThread "Unconstrained build operations Thread 72" [_thread_blocked, id=23904, stack(0x000000d59ba00000,0x000000d59bb00000)]
  0x000001dfaa1c0a80 JavaThread "Unconstrained build operations Thread 73" [_thread_blocked, id=23184, stack(0x000000d59bb00000,0x000000d59bc00000)]
  0x000001dfaa1c0060 JavaThread "Unconstrained build operations Thread 74" [_thread_blocked, id=1884, stack(0x000000d59bc00000,0x000000d59bd00000)]
  0x000001dfaa1c14a0 JavaThread "Unconstrained build operations Thread 75" [_thread_blocked, id=23884, stack(0x000000d59bd00000,0x000000d59be00000)]
  0x000001dfaa1c19b0 JavaThread "Unconstrained build operations Thread 76" [_thread_blocked, id=5392, stack(0x000000d59be00000,0x000000d59bf00000)]
  0x000001dfaa1c1ec0 JavaThread "Unconstrained build operations Thread 77" [_thread_blocked, id=16044, stack(0x000000d59bf00000,0x000000d59c000000)]
  0x000001dfaa1c28e0 JavaThread "jar transforms Thread 2" [_thread_blocked, id=18144, stack(0x000000d59c000000,0x000000d59c100000)]
  0x000001dfaa818dc0 JavaThread "jar transforms Thread 3" [_thread_blocked, id=27620, stack(0x000000d59c100000,0x000000d59c200000)]
  0x000001dfaa8188b0 JavaThread "Unconstrained build operations Thread 78" [_thread_blocked, id=5520, stack(0x000000d59c200000,0x000000d59c300000)]
  0x000001dfaa8192d0 JavaThread "Unconstrained build operations Thread 79" [_thread_blocked, id=5216, stack(0x000000d59c300000,0x000000d59c400000)]
  0x000001dfaa817e90 JavaThread "Unconstrained build operations Thread 80" [_thread_blocked, id=29568, stack(0x000000d59c400000,0x000000d59c500000)]
  0x000001dfaa8183a0 JavaThread "jar transforms Thread 4" [_thread_blocked, id=6392, stack(0x000000d59c500000,0x000000d59c600000)]
  0x000001dfaa8197e0 JavaThread "jar transforms Thread 5" [_thread_blocked, id=9644, stack(0x000000d59c600000,0x000000d59c700000)]
  0x000001dfaa819cf0 JavaThread "jar transforms Thread 6" [_thread_blocked, id=5556, stack(0x000000d59c700000,0x000000d59c800000)]
  0x000001dfaa816f60 JavaThread "Problems report writer" [_thread_blocked, id=16576, stack(0x000000d592700000,0x000000d592800000)]
  0x000001dfaa81ac20 JavaThread "build event listener" [_thread_blocked, id=25160, stack(0x000000d592900000,0x000000d592a00000)]
  0x000001dfaa81d9b0 JavaThread "jar transforms Thread 7" [_thread_blocked, id=10652, stack(0x000000d59c900000,0x000000d59ca00000)]
  0x000001dfaa81b640 JavaThread "jar transforms Thread 8" [_thread_blocked, id=23532, stack(0x000000d59ca00000,0x000000d59cb00000)]
  0x000001dfaa81c060 JavaThread "Exec process" [_thread_blocked, id=10992, stack(0x000000d59c800000,0x000000d59c900000)]
  0x000001dfaa81c570 JavaThread "Exec process Thread 2" [_thread_blocked, id=18248, stack(0x000000d59cb00000,0x000000d59cc00000)]
  0x000001dfaa81ca80 JavaThread "Exec process Thread 3" [_thread_blocked, id=16912, stack(0x000000d59cc00000,0x000000d59cd00000)]

Other Threads:
=>0x000001df872ccc00 VMThread "VM Thread" [stack: 0x000000d593000000,0x000000d593100000] [id=20276]
  0x000001dfe8db1e50 WatcherThread [stack: 0x000000d593c00000,0x000000d593d00000] [id=10352]
  0x000001dfe8e0e6d0 GCTaskThread "GC Thread#0" [stack: 0x000000d592b00000,0x000000d592c00000] [id=2228]
  0x000001df875abc60 GCTaskThread "GC Thread#1" [stack: 0x000000d593e00000,0x000000d593f00000] [id=27068]
  0x000001df879472f0 GCTaskThread "GC Thread#2" [stack: 0x000000d593f00000,0x000000d594000000] [id=22736]
  0x000001dfa70baa60 GCTaskThread "GC Thread#3" [stack: 0x000000d594000000,0x000000d594100000] [id=14348]
  0x000001dfa70bad20 GCTaskThread "GC Thread#4" [stack: 0x000000d594100000,0x000000d594200000] [id=17732]
  0x000001dfa817da10 GCTaskThread "GC Thread#5" [stack: 0x000000d594b00000,0x000000d594c00000] [id=1860]
  0x000001dfa7298300 GCTaskThread "GC Thread#6" [stack: 0x000000d594c00000,0x000000d594d00000] [id=6580]
  0x000001dfa7187150 GCTaskThread "GC Thread#7" [stack: 0x000000d594d00000,0x000000d594e00000] [id=25312]
  0x000001dfe8e1f3d0 ConcurrentGCThread "G1 Main Marker" [stack: 0x000000d592c00000,0x000000d592d00000] [id=17972]
  0x000001dfe8e1fba0 ConcurrentGCThread "G1 Conc#0" [stack: 0x000000d592d00000,0x000000d592e00000] [id=21372]
  0x000001dfa7bb2950 ConcurrentGCThread "G1 Conc#1" [stack: 0x000000d595400000,0x000000d595500000] [id=144]
  0x000001df871880f0 ConcurrentGCThread "G1 Refine#0" [stack: 0x000000d592e00000,0x000000d592f00000] [id=9028]
  0x000001dfa978e670 ConcurrentGCThread "G1 Refine#1" [stack: 0x000000d595700000,0x000000d595800000] [id=14124]
  0x000001df871887d0 ConcurrentGCThread "G1 Service" [stack: 0x000000d592f00000,0x000000d593000000] [id=19488]

Threads with active compile tasks:
C2 CompilerThread0    99368 15119       4       org.gradle.internal.instantiation.generator.AbstractClassGenerator::inspectType (602 bytes)
C1 CompilerThread0    99368 15287       2       org.gradle.util.internal.GUtil::toEnum (153 bytes)

VM state: at safepoint (normal execution)

VM Mutex/Monitor currently owned by a thread:  ([mutex/lock_event])
[0x000001dfe69ab860] Threads_lock - owner thread: 0x000001df872ccc00
[0x000001dfe8daef70] Heap_lock - owner thread: 0x000001dfa838a740

Heap address: 0x0000000080000000, size: 2048 MB, Compressed Oops mode: 32-bit

CDS archive(s) mapped at: [0x000001df88000000-0x000001df88bb0000-0x000001df88bb0000), size 12255232, SharedBaseAddress: 0x000001df88000000, ArchiveRelocationMode: 1.
Compressed class space mapped at: 0x000001df89000000-0x000001dfa3000000, reserved size: 436207616
Narrow klass base: 0x000001df88000000, Narrow klass shift: 0, Narrow klass range: 0x100000000

GC Precious Log:
 CPUs: 8 total, 8 available
 Memory: 6017M
 Large Page Support: Disabled
 NUMA Support: Disabled
 Compressed Oops: Enabled (32-bit)
 Heap Region Size: 1M
 Heap Min Capacity: 8M
 Heap Initial Capacity: 96M
 Heap Max Capacity: 2G
 Pre-touch: Disabled
 Parallel Workers: 8
 Concurrent Workers: 2
 Concurrent Refinement Workers: 8
 Periodic GC: Disabled

Heap:
 garbage-first heap   total 311296K, used 171944K [0x0000000080000000, 0x0000000100000000)
  region size 1024K, 6 young (6144K), 6 survivors (6144K)
 Metaspace       used 112541K, committed 113792K, reserved 557056K
  class space    used 15700K, committed 16256K, reserved 425984K

Heap Regions: E=young(eden), S=young(survivor), O=old, HS=humongous(starts), HC=humongous(continues), CS=collection set, F=free, OA=open archive, CA=closed archive, TAMS=top-at-mark-start (previous, next)
|   0|0x0000000080000000, 0x0000000080100000, 0x0000000080100000|100%|HS|  |TAMS 0x0000000080100000, 0x0000000080100000| Complete 
|   1|0x0000000080100000, 0x0000000080200000, 0x0000000080200000|100%|HC|  |TAMS 0x0000000080200000, 0x0000000080200000| Complete 
|   2|0x0000000080200000, 0x0000000080300000, 0x0000000080300000|100%|HC|  |TAMS 0x0000000080300000, 0x0000000080300000| Complete 
|   3|0x0000000080300000, 0x0000000080400000, 0x0000000080400000|100%| O|  |TAMS 0x0000000080400000, 0x0000000080400000| Untracked 
|   4|0x0000000080400000, 0x0000000080500000, 0x0000000080500000|100%| O|  |TAMS 0x0000000080500000, 0x0000000080500000| Untracked 
|   5|0x0000000080500000, 0x0000000080600000, 0x0000000080600000|100%| O|  |TAMS 0x0000000080600000, 0x0000000080600000| Untracked 
|   6|0x0000000080600000, 0x0000000080700000, 0x0000000080700000|100%|HS|  |TAMS 0x0000000080700000, 0x0000000080700000| Complete 
|   7|0x0000000080700000, 0x0000000080800000, 0x0000000080800000|100%| O|  |TAMS 0x0000000080800000, 0x0000000080800000| Untracked 
|   8|0x0000000080800000, 0x0000000080900000, 0x0000000080900000|100%| O|  |TAMS 0x0000000080900000, 0x0000000080900000| Untracked 
|   9|0x0000000080900000, 0x0000000080a00000, 0x0000000080a00000|100%| O|  |TAMS 0x0000000080a00000, 0x0000000080a00000| Untracked 
|  10|0x0000000080a00000, 0x0000000080b00000, 0x0000000080b00000|100%| O|  |TAMS 0x0000000080b00000, 0x0000000080b00000| Untracked 
|  11|0x0000000080b00000, 0x0000000080c00000, 0x0000000080c00000|100%| O|  |TAMS 0x0000000080c00000, 0x0000000080c00000| Untracked 
|  12|0x0000000080c00000, 0x0000000080d00000, 0x0000000080d00000|100%| O|  |TAMS 0x0000000080d00000, 0x0000000080d00000| Untracked 
|  13|0x0000000080d00000, 0x0000000080e00000, 0x0000000080e00000|100%| O|  |TAMS 0x0000000080e00000, 0x0000000080e00000| Untracked 
|  14|0x0000000080e00000, 0x0000000080f00000, 0x0000000080f00000|100%| O|  |TAMS 0x0000000080f00000, 0x0000000080f00000| Untracked 
|  15|0x0000000080f00000, 0x0000000081000000, 0x0000000081000000|100%| O|  |TAMS 0x0000000081000000, 0x0000000081000000| Untracked 
|  16|0x0000000081000000, 0x0000000081100000, 0x0000000081100000|100%| O|  |TAMS 0x0000000081100000, 0x0000000081100000| Untracked 
|  17|0x0000000081100000, 0x0000000081200000, 0x0000000081200000|100%| O|  |TAMS 0x0000000081200000, 0x0000000081200000| Untracked 
|  18|0x0000000081200000, 0x0000000081300000, 0x0000000081300000|100%| O|  |TAMS 0x0000000081300000, 0x0000000081300000| Untracked 
|  19|0x0000000081300000, 0x0000000081400000, 0x0000000081400000|100%| O|  |TAMS 0x0000000081400000, 0x0000000081400000| Untracked 
|  20|0x0000000081400000, 0x0000000081500000, 0x0000000081500000|100%| O|  |TAMS 0x0000000081500000, 0x0000000081500000| Untracked 
|  21|0x0000000081500000, 0x0000000081600000, 0x0000000081600000|100%| O|  |TAMS 0x0000000081600000, 0x0000000081600000| Untracked 
|  22|0x0000000081600000, 0x0000000081700000, 0x0000000081700000|100%| O|  |TAMS 0x0000000081700000, 0x0000000081700000| Untracked 
|  23|0x0000000081700000, 0x0000000081800000, 0x0000000081800000|100%| O|  |TAMS 0x0000000081800000, 0x0000000081800000| Untracked 
|  24|0x0000000081800000, 0x0000000081900000, 0x0000000081900000|100%| O|  |TAMS 0x0000000081900000, 0x0000000081900000| Untracked 
|  25|0x0000000081900000, 0x0000000081a00000, 0x0000000081a00000|100%| O|  |TAMS 0x0000000081a00000, 0x0000000081a00000| Untracked 
|  26|0x0000000081a00000, 0x0000000081b00000, 0x0000000081b00000|100%| O|  |TAMS 0x0000000081b00000, 0x0000000081b00000| Untracked 
|  27|0x0000000081b00000, 0x0000000081c00000, 0x0000000081c00000|100%| O|  |TAMS 0x0000000081c00000, 0x0000000081c00000| Untracked 
|  28|0x0000000081c00000, 0x0000000081d00000, 0x0000000081d00000|100%| O|  |TAMS 0x0000000081d00000, 0x0000000081d00000| Untracked 
|  29|0x0000000081d00000, 0x0000000081e00000, 0x0000000081e00000|100%| O|  |TAMS 0x0000000081e00000, 0x0000000081e00000| Untracked 
|  30|0x0000000081e00000, 0x0000000081f00000, 0x0000000081f00000|100%| O|  |TAMS 0x0000000081f00000, 0x0000000081f00000| Untracked 
|  31|0x0000000081f00000, 0x0000000082000000, 0x0000000082000000|100%| O|  |TAMS 0x0000000082000000, 0x0000000082000000| Untracked 
|  32|0x0000000082000000, 0x0000000082100000, 0x0000000082100000|100%| O|  |TAMS 0x0000000082100000, 0x0000000082100000| Untracked 
|  33|0x0000000082100000, 0x0000000082200000, 0x0000000082200000|100%| O|  |TAMS 0x0000000082200000, 0x0000000082200000| Untracked 
|  34|0x0000000082200000, 0x0000000082300000, 0x0000000082300000|100%| O|  |TAMS 0x0000000082300000, 0x0000000082300000| Untracked 
|  35|0x0000000082300000, 0x0000000082400000, 0x0000000082400000|100%| O|  |TAMS 0x0000000082400000, 0x0000000082400000| Untracked 
|  36|0x0000000082400000, 0x0000000082500000, 0x0000000082500000|100%| O|  |TAMS 0x0000000082500000, 0x0000000082500000| Untracked 
|  37|0x0000000082500000, 0x0000000082600000, 0x0000000082600000|100%| O|  |TAMS 0x0000000082600000, 0x0000000082600000| Untracked 
|  38|0x0000000082600000, 0x0000000082700000, 0x0000000082700000|100%| O|  |TAMS 0x0000000082700000, 0x0000000082700000| Untracked 
|  39|0x0000000082700000, 0x0000000082800000, 0x0000000082800000|100%| O|  |TAMS 0x0000000082800000, 0x0000000082800000| Untracked 
|  40|0x0000000082800000, 0x0000000082900000, 0x0000000082900000|100%| O|  |TAMS 0x0000000082900000, 0x0000000082900000| Untracked 
|  41|0x0000000082900000, 0x0000000082a00000, 0x0000000082a00000|100%| O|  |TAMS 0x0000000082a00000, 0x0000000082a00000| Untracked 
|  42|0x0000000082a00000, 0x0000000082b00000, 0x0000000082b00000|100%|HS|  |TAMS 0x0000000082b00000, 0x0000000082b00000| Complete 
|  43|0x0000000082b00000, 0x0000000082c00000, 0x0000000082c00000|100%|HC|  |TAMS 0x0000000082c00000, 0x0000000082c00000| Complete 
|  44|0x0000000082c00000, 0x0000000082d00000, 0x0000000082d00000|100%|HC|  |TAMS 0x0000000082d00000, 0x0000000082d00000| Complete 
|  45|0x0000000082d00000, 0x0000000082e00000, 0x0000000082e00000|100%|HS|  |TAMS 0x0000000082e00000, 0x0000000082e00000| Complete 
|  46|0x0000000082e00000, 0x0000000082f00000, 0x0000000082f00000|100%|HC|  |TAMS 0x0000000082f00000, 0x0000000082f00000| Complete 
|  47|0x0000000082f00000, 0x0000000083000000, 0x0000000083000000|100%|HC|  |TAMS 0x0000000083000000, 0x0000000083000000| Complete 
|  48|0x0000000083000000, 0x0000000083100000, 0x0000000083100000|100%| O|  |TAMS 0x0000000083100000, 0x0000000083100000| Untracked 
|  49|0x0000000083100000, 0x0000000083100000, 0x0000000083200000|  0%| F|  |TAMS 0x0000000083100000, 0x0000000083100000| Untracked 
|  50|0x0000000083200000, 0x0000000083300000, 0x0000000083300000|100%| O|  |TAMS 0x0000000083300000, 0x0000000083300000| Untracked 
|  51|0x0000000083300000, 0x0000000083400000, 0x0000000083400000|100%| O|  |TAMS 0x0000000083400000, 0x0000000083400000| Untracked 
|  52|0x0000000083400000, 0x0000000083500000, 0x0000000083500000|100%| O|  |TAMS 0x0000000083500000, 0x0000000083500000| Untracked 
|  53|0x0000000083500000, 0x0000000083600000, 0x0000000083600000|100%| O|  |TAMS 0x0000000083600000, 0x0000000083600000| Untracked 
|  54|0x0000000083600000, 0x0000000083700000, 0x0000000083700000|100%| O|  |TAMS 0x0000000083700000, 0x0000000083700000| Untracked 
|  55|0x0000000083700000, 0x0000000083800000, 0x0000000083800000|100%| O|  |TAMS 0x0000000083800000, 0x0000000083800000| Untracked 
|  56|0x0000000083800000, 0x0000000083900000, 0x0000000083900000|100%| O|  |TAMS 0x0000000083900000, 0x0000000083900000| Untracked 
|  57|0x0000000083900000, 0x0000000083900000, 0x0000000083a00000|  0%| F|  |TAMS 0x0000000083900000, 0x0000000083900000| Untracked 
|  58|0x0000000083a00000, 0x0000000083a00000, 0x0000000083b00000|  0%| F|  |TAMS 0x0000000083a00000, 0x0000000083a00000| Untracked 
|  59|0x0000000083b00000, 0x0000000083c00000, 0x0000000083c00000|100%| O|  |TAMS 0x0000000083c00000, 0x0000000083c00000| Untracked 
|  60|0x0000000083c00000, 0x0000000083d00000, 0x0000000083d00000|100%| O|  |TAMS 0x0000000083d00000, 0x0000000083d00000| Untracked 
|  61|0x0000000083d00000, 0x0000000083e00000, 0x0000000083e00000|100%| O|  |TAMS 0x0000000083e00000, 0x0000000083e00000| Untracked 
|  62|0x0000000083e00000, 0x0000000083f00000, 0x0000000083f00000|100%| O|  |TAMS 0x0000000083f00000, 0x0000000083f00000| Untracked 
|  63|0x0000000083f00000, 0x0000000084000000, 0x0000000084000000|100%| O|  |TAMS 0x0000000084000000, 0x0000000084000000| Untracked 
|  64|0x0000000084000000, 0x0000000084100000, 0x0000000084100000|100%| O|  |TAMS 0x0000000084100000, 0x0000000084100000| Untracked 
|  65|0x0000000084100000, 0x0000000084200000, 0x0000000084200000|100%| O|  |TAMS 0x0000000084200000, 0x0000000084200000| Untracked 
|  66|0x0000000084200000, 0x0000000084300000, 0x0000000084300000|100%| O|  |TAMS 0x0000000084300000, 0x0000000084300000| Untracked 
|  67|0x0000000084300000, 0x0000000084400000, 0x0000000084400000|100%| O|  |TAMS 0x0000000084400000, 0x0000000084400000| Untracked 
|  68|0x0000000084400000, 0x0000000084500000, 0x0000000084500000|100%| O|  |TAMS 0x0000000084500000, 0x0000000084500000| Untracked 
|  69|0x0000000084500000, 0x0000000084600000, 0x0000000084600000|100%| O|  |TAMS 0x0000000084600000, 0x0000000084600000| Untracked 
|  70|0x0000000084600000, 0x0000000084700000, 0x0000000084700000|100%| O|  |TAMS 0x0000000084700000, 0x0000000084700000| Untracked 
|  71|0x0000000084700000, 0x0000000084800000, 0x0000000084800000|100%| O|  |TAMS 0x0000000084800000, 0x0000000084800000| Untracked 
|  72|0x0000000084800000, 0x0000000084900000, 0x0000000084900000|100%|HS|  |TAMS 0x0000000084900000, 0x0000000084900000| Complete 
|  73|0x0000000084900000, 0x0000000084a00000, 0x0000000084a00000|100%|HS|  |TAMS 0x0000000084a00000, 0x0000000084a00000| Complete 
|  74|0x0000000084a00000, 0x0000000084b00000, 0x0000000084b00000|100%|HS|  |TAMS 0x0000000084b00000, 0x0000000084b00000| Complete 
|  75|0x0000000084b00000, 0x0000000084c00000, 0x0000000084c00000|100%|HS|  |TAMS 0x0000000084c00000, 0x0000000084c00000| Complete 
|  76|0x0000000084c00000, 0x0000000084d00000, 0x0000000084d00000|100%|HS|  |TAMS 0x0000000084d00000, 0x0000000084d00000| Complete 
|  77|0x0000000084d00000, 0x0000000084e00000, 0x0000000084e00000|100%|HS|  |TAMS 0x0000000084e00000, 0x0000000084e00000| Complete 
|  78|0x0000000084e00000, 0x0000000084f00000, 0x0000000084f00000|100%| O|  |TAMS 0x0000000084f00000, 0x0000000084f00000| Untracked 
|  79|0x0000000084f00000, 0x0000000085000000, 0x0000000085000000|100%| O|  |TAMS 0x0000000085000000, 0x0000000085000000| Untracked 
|  80|0x0000000085000000, 0x0000000085100000, 0x0000000085100000|100%| O|  |TAMS 0x0000000085100000, 0x0000000085100000| Untracked 
|  81|0x0000000085100000, 0x0000000085200000, 0x0000000085200000|100%| O|  |TAMS 0x0000000085200000, 0x0000000085200000| Untracked 
|  82|0x0000000085200000, 0x0000000085300000, 0x0000000085300000|100%| O|  |TAMS 0x0000000085300000, 0x0000000085300000| Untracked 
|  83|0x0000000085300000, 0x0000000085400000, 0x0000000085400000|100%| O|  |TAMS 0x0000000085400000, 0x0000000085400000| Untracked 
|  84|0x0000000085400000, 0x0000000085500000, 0x0000000085500000|100%| O|  |TAMS 0x0000000085500000, 0x0000000085500000| Untracked 
|  85|0x0000000085500000, 0x0000000085600000, 0x0000000085600000|100%| O|  |TAMS 0x0000000085600000, 0x0000000085600000| Untracked 
|  86|0x0000000085600000, 0x0000000085700000, 0x0000000085700000|100%| O|  |TAMS 0x0000000085700000, 0x0000000085700000| Untracked 
|  87|0x0000000085700000, 0x0000000085800000, 0x0000000085800000|100%| O|  |TAMS 0x0000000085800000, 0x0000000085800000| Untracked 
|  88|0x0000000085800000, 0x0000000085900000, 0x0000000085900000|100%|HS|  |TAMS 0x0000000085900000, 0x0000000085900000| Complete 
|  89|0x0000000085900000, 0x0000000085a00000, 0x0000000085a00000|100%|HC|  |TAMS 0x0000000085a00000, 0x0000000085a00000| Complete 
|  90|0x0000000085a00000, 0x0000000085b00000, 0x0000000085b00000|100%|HC|  |TAMS 0x0000000085b00000, 0x0000000085b00000| Complete 
|  91|0x0000000085b00000, 0x0000000085c00000, 0x0000000085c00000|100%| O|  |TAMS 0x0000000085c00000, 0x0000000085c00000| Untracked 
|  92|0x0000000085c00000, 0x0000000085d00000, 0x0000000085d00000|100%|HS|  |TAMS 0x0000000085d00000, 0x0000000085d00000| Complete 
|  93|0x0000000085d00000, 0x0000000085e00000, 0x0000000085e00000|100%| O|  |TAMS 0x0000000085e00000, 0x0000000085e00000| Untracked 
|  94|0x0000000085e00000, 0x0000000085f00000, 0x0000000085f00000|100%| O|  |TAMS 0x0000000085f00000, 0x0000000085f00000| Untracked 
|  95|0x0000000085f00000, 0x0000000086000000, 0x0000000086000000|100%| O|  |TAMS 0x0000000086000000, 0x0000000086000000| Untracked 
|  96|0x0000000086000000, 0x0000000086100000, 0x0000000086100000|100%| O|  |TAMS 0x0000000086100000, 0x0000000086100000| Untracked 
|  97|0x0000000086100000, 0x0000000086200000, 0x0000000086200000|100%| O|  |TAMS 0x0000000086200000, 0x0000000086200000| Untracked 
|  98|0x0000000086200000, 0x0000000086300000, 0x0000000086300000|100%| O|  |TAMS 0x0000000086300000, 0x0000000086300000| Untracked 
|  99|0x0000000086300000, 0x0000000086400000, 0x0000000086400000|100%| O|  |TAMS 0x0000000086400000, 0x0000000086400000| Untracked 
| 100|0x0000000086400000, 0x0000000086500000, 0x0000000086500000|100%| O|  |TAMS 0x0000000086500000, 0x0000000086500000| Untracked 
| 101|0x0000000086500000, 0x0000000086600000, 0x0000000086600000|100%| O|  |TAMS 0x0000000086600000, 0x0000000086600000| Untracked 
| 102|0x0000000086600000, 0x0000000086700000, 0x0000000086700000|100%| O|  |TAMS 0x0000000086700000, 0x0000000086700000| Untracked 
| 103|0x0000000086700000, 0x0000000086800000, 0x0000000086800000|100%| O|  |TAMS 0x0000000086800000, 0x0000000086800000| Untracked 
| 104|0x0000000086800000, 0x0000000086900000, 0x0000000086900000|100%| O|  |TAMS 0x0000000086900000, 0x0000000086900000| Untracked 
| 105|0x0000000086900000, 0x0000000086a00000, 0x0000000086a00000|100%| O|  |TAMS 0x0000000086a00000, 0x0000000086a00000| Untracked 
| 106|0x0000000086a00000, 0x0000000086b00000, 0x0000000086b00000|100%| O|  |TAMS 0x0000000086b00000, 0x0000000086b00000| Untracked 
| 107|0x0000000086b00000, 0x0000000086c00000, 0x0000000086c00000|100%| O|  |TAMS 0x0000000086c00000, 0x0000000086c00000| Untracked 
| 108|0x0000000086c00000, 0x0000000086d00000, 0x0000000086d00000|100%| O|  |TAMS 0x0000000086d00000, 0x0000000086d00000| Untracked 
| 109|0x0000000086d00000, 0x0000000086e00000, 0x0000000086e00000|100%| O|  |TAMS 0x0000000086e00000, 0x0000000086e00000| Untracked 
| 110|0x0000000086e00000, 0x0000000086f00000, 0x0000000086f00000|100%| O|  |TAMS 0x0000000086f00000, 0x0000000086f00000| Untracked 
| 111|0x0000000086f00000, 0x0000000087000000, 0x0000000087000000|100%| O|  |TAMS 0x0000000087000000, 0x0000000087000000| Untracked 
| 112|0x0000000087000000, 0x0000000087100000, 0x0000000087100000|100%| O|  |TAMS 0x0000000087100000, 0x0000000087100000| Untracked 
| 113|0x0000000087100000, 0x0000000087200000, 0x0000000087200000|100%| O|  |TAMS 0x0000000087200000, 0x0000000087200000| Untracked 
| 114|0x0000000087200000, 0x0000000087300000, 0x0000000087300000|100%| O|  |TAMS 0x0000000087300000, 0x0000000087300000| Untracked 
| 115|0x0000000087300000, 0x0000000087400000, 0x0000000087400000|100%| O|  |TAMS 0x0000000087400000, 0x0000000087400000| Untracked 
| 116|0x0000000087400000, 0x0000000087500000, 0x0000000087500000|100%| O|  |TAMS 0x0000000087500000, 0x0000000087500000| Untracked 
| 117|0x0000000087500000, 0x0000000087600000, 0x0000000087600000|100%| O|  |TAMS 0x0000000087600000, 0x0000000087600000| Untracked 
| 118|0x0000000087600000, 0x0000000087700000, 0x0000000087700000|100%| O|  |TAMS 0x0000000087700000, 0x0000000087700000| Untracked 
| 119|0x0000000087700000, 0x0000000087800000, 0x0000000087800000|100%| O|  |TAMS 0x0000000087800000, 0x0000000087800000| Untracked 
| 120|0x0000000087800000, 0x0000000087900000, 0x0000000087900000|100%| O|  |TAMS 0x0000000087900000, 0x0000000087900000| Untracked 
| 121|0x0000000087900000, 0x0000000087a00000, 0x0000000087a00000|100%| O|  |TAMS 0x0000000087a00000, 0x0000000087a00000| Untracked 
| 122|0x0000000087a00000, 0x0000000087b00000, 0x0000000087b00000|100%| O|  |TAMS 0x0000000087b00000, 0x0000000087b00000| Untracked 
| 123|0x0000000087b00000, 0x0000000087c00000, 0x0000000087c00000|100%| O|  |TAMS 0x0000000087c00000, 0x0000000087c00000| Untracked 
| 124|0x0000000087c00000, 0x0000000087d00000, 0x0000000087d00000|100%| O|  |TAMS 0x0000000087d00000, 0x0000000087d00000| Untracked 
| 125|0x0000000087d00000, 0x0000000087e00000, 0x0000000087e00000|100%|HS|  |TAMS 0x0000000087e00000, 0x0000000087e00000| Complete 
| 126|0x0000000087e00000, 0x0000000087f00000, 0x0000000087f00000|100%|HS|  |TAMS 0x0000000087f00000, 0x0000000087f00000| Complete 
| 127|0x0000000087f00000, 0x0000000088000000, 0x0000000088000000|100%|HS|  |TAMS 0x0000000088000000, 0x0000000088000000| Complete 
| 128|0x0000000088000000, 0x0000000088100000, 0x0000000088100000|100%| O|  |TAMS 0x0000000088100000, 0x0000000088100000| Untracked 
| 129|0x0000000088100000, 0x0000000088200000, 0x0000000088200000|100%| O|  |TAMS 0x0000000088200000, 0x0000000088200000| Untracked 
| 130|0x0000000088200000, 0x0000000088300000, 0x0000000088300000|100%| O|  |TAMS 0x0000000088300000, 0x0000000088300000| Untracked 
| 131|0x0000000088300000, 0x0000000088400000, 0x0000000088400000|100%| O|  |TAMS 0x0000000088400000, 0x0000000088400000| Untracked 
| 132|0x0000000088400000, 0x0000000088400000, 0x0000000088500000|  0%| F|  |TAMS 0x0000000088400000, 0x0000000088400000| Untracked 
| 133|0x0000000088500000, 0x0000000088500000, 0x0000000088600000|  0%| F|  |TAMS 0x0000000088500000, 0x0000000088500000| Untracked 
| 134|0x0000000088600000, 0x0000000088700000, 0x0000000088700000|100%| O|  |TAMS 0x0000000088700000, 0x0000000088700000| Untracked 
| 135|0x0000000088700000, 0x0000000088800000, 0x0000000088800000|100%| O|  |TAMS 0x0000000088800000, 0x0000000088800000| Untracked 
| 136|0x0000000088800000, 0x0000000088900000, 0x0000000088900000|100%| O|  |TAMS 0x0000000088900000, 0x0000000088900000| Untracked 
| 137|0x0000000088900000, 0x0000000088a00000, 0x0000000088a00000|100%| O|  |TAMS 0x0000000088a00000, 0x0000000088a00000| Untracked 
| 138|0x0000000088a00000, 0x0000000088b00000, 0x0000000088b00000|100%| O|  |TAMS 0x0000000088b00000, 0x0000000088b00000| Untracked 
| 139|0x0000000088b00000, 0x0000000088c00000, 0x0000000088c00000|100%| O|  |TAMS 0x0000000088c00000, 0x0000000088c00000| Untracked 
| 140|0x0000000088c00000, 0x0000000088d00000, 0x0000000088d00000|100%| O|  |TAMS 0x0000000088d00000, 0x0000000088d00000| Untracked 
| 141|0x0000000088d00000, 0x0000000088e00000, 0x0000000088e00000|100%| O|  |TAMS 0x0000000088e00000, 0x0000000088e00000| Untracked 
| 142|0x0000000088e00000, 0x0000000088f00000, 0x0000000088f00000|100%| O|  |TAMS 0x0000000088f00000, 0x0000000088f00000| Untracked 
| 143|0x0000000088f00000, 0x0000000089000000, 0x0000000089000000|100%| O|  |TAMS 0x0000000089000000, 0x0000000089000000| Untracked 
| 144|0x0000000089000000, 0x0000000089100000, 0x0000000089100000|100%| O|  |TAMS 0x0000000089100000, 0x0000000089100000| Untracked 
| 145|0x0000000089100000, 0x0000000089200000, 0x0000000089200000|100%| O|  |TAMS 0x0000000089200000, 0x0000000089200000| Untracked 
| 146|0x0000000089200000, 0x0000000089300000, 0x0000000089300000|100%| O|  |TAMS 0x0000000089300000, 0x0000000089300000| Untracked 
| 147|0x0000000089300000, 0x0000000089400000, 0x0000000089400000|100%| O|  |TAMS 0x0000000089400000, 0x0000000089400000| Untracked 
| 148|0x0000000089400000, 0x0000000089500000, 0x0000000089500000|100%| O|  |TAMS 0x000000008944be00, 0x0000000089500000| Untracked 
| 149|0x0000000089500000, 0x0000000089600000, 0x0000000089600000|100%|HS|  |TAMS 0x0000000089600000, 0x0000000089600000| Complete 
| 150|0x0000000089600000, 0x0000000089700000, 0x0000000089700000|100%|HS|  |TAMS 0x0000000089700000, 0x0000000089700000| Complete 
| 151|0x0000000089700000, 0x0000000089800000, 0x0000000089800000|100%|HS|  |TAMS 0x0000000089800000, 0x0000000089800000| Complete 
| 152|0x0000000089800000, 0x0000000089900000, 0x0000000089900000|100%| O|  |TAMS 0x0000000089800000, 0x0000000089900000| Untracked 
| 153|0x0000000089900000, 0x0000000089a00000, 0x0000000089a00000|100%| O|  |TAMS 0x0000000089900000, 0x0000000089a00000| Untracked 
| 154|0x0000000089a00000, 0x0000000089b00000, 0x0000000089b00000|100%| O|  |TAMS 0x0000000089a00000, 0x0000000089b00000| Untracked 
| 155|0x0000000089b00000, 0x0000000089c00000, 0x0000000089c00000|100%| O|  |TAMS 0x0000000089b00000, 0x0000000089c00000| Untracked 
| 156|0x0000000089c00000, 0x0000000089d00000, 0x0000000089d00000|100%| O|  |TAMS 0x0000000089c00000, 0x0000000089d00000| Untracked 
| 157|0x0000000089d00000, 0x0000000089e00000, 0x0000000089e00000|100%| O|  |TAMS 0x0000000089d00000, 0x0000000089e00000| Untracked 
| 158|0x0000000089e00000, 0x0000000089f00000, 0x0000000089f00000|100%| O|  |TAMS 0x0000000089e00000, 0x0000000089f00000| Untracked 
| 159|0x0000000089f00000, 0x000000008a000000, 0x000000008a000000|100%| O|  |TAMS 0x0000000089f00000, 0x000000008a000000| Untracked 
| 160|0x000000008a000000, 0x000000008a100000, 0x000000008a100000|100%| O|  |TAMS 0x000000008a000000, 0x000000008a100000| Untracked 
| 161|0x000000008a100000, 0x000000008a200000, 0x000000008a200000|100%| O|  |TAMS 0x000000008a100000, 0x000000008a200000| Untracked 
| 162|0x000000008a200000, 0x000000008a300000, 0x000000008a300000|100%| O|  |TAMS 0x000000008a200000, 0x000000008a300000| Untracked 
| 163|0x000000008a300000, 0x000000008a400000, 0x000000008a400000|100%| O|  |TAMS 0x000000008a300000, 0x000000008a400000| Untracked 
| 164|0x000000008a400000, 0x000000008a500000, 0x000000008a500000|100%| O|  |TAMS 0x000000008a400000, 0x000000008a500000| Untracked 
| 165|0x000000008a500000, 0x000000008a600000, 0x000000008a600000|100%| O|  |TAMS 0x000000008a500000, 0x000000008a600000| Untracked 
| 166|0x000000008a600000, 0x000000008a700000, 0x000000008a700000|100%| O|  |TAMS 0x000000008a600000, 0x000000008a700000| Untracked 
| 167|0x000000008a700000, 0x000000008a77ac00, 0x000000008a800000| 47%| O|  |TAMS 0x000000008a700000, 0x000000008a77ac00| Untracked 
| 168|0x000000008a800000, 0x000000008a800000, 0x000000008a900000|  0%| F|  |TAMS 0x000000008a800000, 0x000000008a800000| Untracked 
| 169|0x000000008a900000, 0x000000008a900000, 0x000000008aa00000|  0%| F|  |TAMS 0x000000008a900000, 0x000000008a900000| Untracked 
| 170|0x000000008aa00000, 0x000000008aa00000, 0x000000008ab00000|  0%| F|  |TAMS 0x000000008aa00000, 0x000000008aa00000| Untracked 
| 171|0x000000008ab00000, 0x000000008ab00000, 0x000000008ac00000|  0%| F|  |TAMS 0x000000008ab00000, 0x000000008ab00000| Untracked 
| 172|0x000000008ac00000, 0x000000008ac00000, 0x000000008ad00000|  0%| F|  |TAMS 0x000000008ac00000, 0x000000008ac00000| Untracked 
| 173|0x000000008ad00000, 0x000000008ad00000, 0x000000008ae00000|  0%| F|  |TAMS 0x000000008ad00000, 0x000000008ad00000| Untracked 
| 174|0x000000008ae00000, 0x000000008ae00000, 0x000000008af00000|  0%| F|  |TAMS 0x000000008ae00000, 0x000000008ae00000| Untracked 
| 175|0x000000008af00000, 0x000000008af00000, 0x000000008b000000|  0%| F|  |TAMS 0x000000008af00000, 0x000000008af00000| Untracked 
| 176|0x000000008b000000, 0x000000008b000000, 0x000000008b100000|  0%| F|  |TAMS 0x000000008b000000, 0x000000008b000000| Untracked 
| 177|0x000000008b100000, 0x000000008b100000, 0x000000008b200000|  0%| F|  |TAMS 0x000000008b100000, 0x000000008b100000| Untracked 
| 178|0x000000008b200000, 0x000000008b200000, 0x000000008b300000|  0%| F|  |TAMS 0x000000008b200000, 0x000000008b200000| Untracked 
| 179|0x000000008b300000, 0x000000008b300000, 0x000000008b400000|  0%| F|  |TAMS 0x000000008b300000, 0x000000008b300000| Untracked 
| 180|0x000000008b400000, 0x000000008b400000, 0x000000008b500000|  0%| F|  |TAMS 0x000000008b400000, 0x000000008b400000| Untracked 
| 181|0x000000008b500000, 0x000000008b500000, 0x000000008b600000|  0%| F|  |TAMS 0x000000008b500000, 0x000000008b500000| Untracked 
| 182|0x000000008b600000, 0x000000008b600000, 0x000000008b700000|  0%| F|  |TAMS 0x000000008b600000, 0x000000008b600000| Untracked 
| 183|0x000000008b700000, 0x000000008b700000, 0x000000008b800000|  0%| F|  |TAMS 0x000000008b700000, 0x000000008b700000| Untracked 
| 184|0x000000008b800000, 0x000000008b800000, 0x000000008b900000|  0%| F|  |TAMS 0x000000008b800000, 0x000000008b800000| Untracked 
| 185|0x000000008b900000, 0x000000008b900000, 0x000000008ba00000|  0%| F|  |TAMS 0x000000008b900000, 0x000000008b900000| Untracked 
| 186|0x000000008ba00000, 0x000000008ba00000, 0x000000008bb00000|  0%| F|  |TAMS 0x000000008ba00000, 0x000000008ba00000| Untracked 
| 187|0x000000008bb00000, 0x000000008bb00000, 0x000000008bc00000|  0%| F|  |TAMS 0x000000008bb00000, 0x000000008bb00000| Untracked 
| 188|0x000000008bc00000, 0x000000008bc00000, 0x000000008bd00000|  0%| F|  |TAMS 0x000000008bc00000, 0x000000008bc00000| Untracked 
| 189|0x000000008bd00000, 0x000000008bd00000, 0x000000008be00000|  0%| F|  |TAMS 0x000000008bd00000, 0x000000008bd00000| Untracked 
| 190|0x000000008be00000, 0x000000008be00000, 0x000000008bf00000|  0%| F|  |TAMS 0x000000008be00000, 0x000000008be00000| Untracked 
| 191|0x000000008bf00000, 0x000000008bf00000, 0x000000008c000000|  0%| F|  |TAMS 0x000000008bf00000, 0x000000008bf00000| Untracked 
| 192|0x000000008c000000, 0x000000008c000000, 0x000000008c100000|  0%| F|  |TAMS 0x000000008c000000, 0x000000008c000000| Untracked 
| 193|0x000000008c100000, 0x000000008c100000, 0x000000008c200000|  0%| F|  |TAMS 0x000000008c100000, 0x000000008c100000| Untracked 
| 194|0x000000008c200000, 0x000000008c200000, 0x000000008c300000|  0%| F|  |TAMS 0x000000008c200000, 0x000000008c200000| Untracked 
| 195|0x000000008c300000, 0x000000008c300000, 0x000000008c400000|  0%| F|  |TAMS 0x000000008c300000, 0x000000008c300000| Untracked 
| 196|0x000000008c400000, 0x000000008c400000, 0x000000008c500000|  0%| F|  |TAMS 0x000000008c400000, 0x000000008c400000| Untracked 
| 197|0x000000008c500000, 0x000000008c500000, 0x000000008c600000|  0%| F|  |TAMS 0x000000008c500000, 0x000000008c500000| Untracked 
| 198|0x000000008c600000, 0x000000008c600000, 0x000000008c700000|  0%| F|  |TAMS 0x000000008c600000, 0x000000008c600000| Untracked 
| 199|0x000000008c700000, 0x000000008c700000, 0x000000008c800000|  0%| F|  |TAMS 0x000000008c700000, 0x000000008c700000| Untracked 
| 200|0x000000008c800000, 0x000000008c800000, 0x000000008c900000|  0%| F|  |TAMS 0x000000008c800000, 0x000000008c800000| Untracked 
| 201|0x000000008c900000, 0x000000008c900000, 0x000000008ca00000|  0%| F|  |TAMS 0x000000008c900000, 0x000000008c900000| Untracked 
| 202|0x000000008ca00000, 0x000000008ca00000, 0x000000008cb00000|  0%| F|  |TAMS 0x000000008ca00000, 0x000000008ca00000| Untracked 
| 203|0x000000008cb00000, 0x000000008cb00000, 0x000000008cc00000|  0%| F|  |TAMS 0x000000008cb00000, 0x000000008cb00000| Untracked 
| 204|0x000000008cc00000, 0x000000008cc00000, 0x000000008cd00000|  0%| F|  |TAMS 0x000000008cc00000, 0x000000008cc00000| Untracked 
| 205|0x000000008cd00000, 0x000000008cd00000, 0x000000008ce00000|  0%| F|  |TAMS 0x000000008cd00000, 0x000000008cd00000| Untracked 
| 206|0x000000008ce00000, 0x000000008ce00000, 0x000000008cf00000|  0%| F|  |TAMS 0x000000008ce00000, 0x000000008ce00000| Untracked 
| 207|0x000000008cf00000, 0x000000008cf00000, 0x000000008d000000|  0%| F|  |TAMS 0x000000008cf00000, 0x000000008cf00000| Untracked 
| 208|0x000000008d000000, 0x000000008d000000, 0x000000008d100000|  0%| F|  |TAMS 0x000000008d000000, 0x000000008d000000| Untracked 
| 209|0x000000008d100000, 0x000000008d100000, 0x000000008d200000|  0%| F|  |TAMS 0x000000008d100000, 0x000000008d100000| Untracked 
| 210|0x000000008d200000, 0x000000008d200000, 0x000000008d300000|  0%| F|  |TAMS 0x000000008d200000, 0x000000008d200000| Untracked 
| 211|0x000000008d300000, 0x000000008d300000, 0x000000008d400000|  0%| F|  |TAMS 0x000000008d300000, 0x000000008d300000| Untracked 
| 212|0x000000008d400000, 0x000000008d400000, 0x000000008d500000|  0%| F|  |TAMS 0x000000008d400000, 0x000000008d400000| Untracked 
| 213|0x000000008d500000, 0x000000008d500000, 0x000000008d600000|  0%| F|  |TAMS 0x000000008d500000, 0x000000008d500000| Untracked 
| 214|0x000000008d600000, 0x000000008d600000, 0x000000008d700000|  0%| F|  |TAMS 0x000000008d600000, 0x000000008d600000| Untracked 
| 215|0x000000008d700000, 0x000000008d700000, 0x000000008d800000|  0%| F|  |TAMS 0x000000008d700000, 0x000000008d700000| Untracked 
| 216|0x000000008d800000, 0x000000008d800000, 0x000000008d900000|  0%| F|  |TAMS 0x000000008d800000, 0x000000008d800000| Untracked 
| 217|0x000000008d900000, 0x000000008d96f7b8, 0x000000008da00000| 43%| S|CS|TAMS 0x000000008d900000, 0x000000008d900000| Complete 
| 218|0x000000008da00000, 0x000000008db00000, 0x000000008db00000|100%| S|CS|TAMS 0x000000008da00000, 0x000000008da00000| Complete 
| 219|0x000000008db00000, 0x000000008dc00000, 0x000000008dc00000|100%| S|CS|TAMS 0x000000008db00000, 0x000000008db00000| Complete 
| 220|0x000000008dc00000, 0x000000008dd00000, 0x000000008dd00000|100%| S|CS|TAMS 0x000000008dc00000, 0x000000008dc00000| Complete 
| 221|0x000000008dd00000, 0x000000008de00000, 0x000000008de00000|100%| S|CS|TAMS 0x000000008dd00000, 0x000000008dd00000| Complete 
| 222|0x000000008de00000, 0x000000008df00000, 0x000000008df00000|100%| S|CS|TAMS 0x000000008de00000, 0x000000008de00000| Complete 
| 223|0x000000008df00000, 0x000000008df00000, 0x000000008e000000|  0%| F|  |TAMS 0x000000008df00000, 0x000000008df00000| Untracked 
| 224|0x000000008e000000, 0x000000008e000000, 0x000000008e100000|  0%| F|  |TAMS 0x000000008e000000, 0x000000008e000000| Untracked 
| 225|0x000000008e100000, 0x000000008e100000, 0x000000008e200000|  0%| F|  |TAMS 0x000000008e100000, 0x000000008e100000| Untracked 
| 226|0x000000008e200000, 0x000000008e200000, 0x000000008e300000|  0%| F|  |TAMS 0x000000008e200000, 0x000000008e200000| Untracked 
| 227|0x000000008e300000, 0x000000008e300000, 0x000000008e400000|  0%| F|  |TAMS 0x000000008e300000, 0x000000008e300000| Untracked 
| 228|0x000000008e400000, 0x000000008e400000, 0x000000008e500000|  0%| F|  |TAMS 0x000000008e400000, 0x000000008e400000| Untracked 
| 229|0x000000008e500000, 0x000000008e500000, 0x000000008e600000|  0%| F|  |TAMS 0x000000008e500000, 0x000000008e500000| Untracked 
| 230|0x000000008e600000, 0x000000008e600000, 0x000000008e700000|  0%| F|  |TAMS 0x000000008e600000, 0x000000008e600000| Untracked 
| 231|0x000000008e700000, 0x000000008e700000, 0x000000008e800000|  0%| F|  |TAMS 0x000000008e700000, 0x000000008e700000| Untracked 
| 232|0x000000008e800000, 0x000000008e800000, 0x000000008e900000|  0%| F|  |TAMS 0x000000008e800000, 0x000000008e800000| Untracked 
| 233|0x000000008e900000, 0x000000008e900000, 0x000000008ea00000|  0%| F|  |TAMS 0x000000008e900000, 0x000000008e900000| Untracked 
| 234|0x000000008ea00000, 0x000000008ea00000, 0x000000008eb00000|  0%| F|  |TAMS 0x000000008ea00000, 0x000000008ea00000| Untracked 
| 235|0x000000008eb00000, 0x000000008eb00000, 0x000000008ec00000|  0%| F|  |TAMS 0x000000008eb00000, 0x000000008eb00000| Untracked 
| 236|0x000000008ec00000, 0x000000008ec00000, 0x000000008ed00000|  0%| F|  |TAMS 0x000000008ec00000, 0x000000008ec00000| Untracked 
| 237|0x000000008ed00000, 0x000000008ed00000, 0x000000008ee00000|  0%| F|  |TAMS 0x000000008ed00000, 0x000000008ed00000| Untracked 
| 238|0x000000008ee00000, 0x000000008ee00000, 0x000000008ef00000|  0%| F|  |TAMS 0x000000008ee00000, 0x000000008ee00000| Untracked 
| 239|0x000000008ef00000, 0x000000008ef00000, 0x000000008f000000|  0%| F|  |TAMS 0x000000008ef00000, 0x000000008ef00000| Untracked 
| 240|0x000000008f000000, 0x000000008f000000, 0x000000008f100000|  0%| F|  |TAMS 0x000000008f000000, 0x000000008f000000| Untracked 
| 241|0x000000008f100000, 0x000000008f100000, 0x000000008f200000|  0%| F|  |TAMS 0x000000008f100000, 0x000000008f100000| Untracked 
| 242|0x000000008f200000, 0x000000008f200000, 0x000000008f300000|  0%| F|  |TAMS 0x000000008f200000, 0x000000008f200000| Untracked 
| 243|0x000000008f300000, 0x000000008f300000, 0x000000008f400000|  0%| F|  |TAMS 0x000000008f300000, 0x000000008f300000| Untracked 
| 244|0x000000008f400000, 0x000000008f400000, 0x000000008f500000|  0%| F|  |TAMS 0x000000008f400000, 0x000000008f400000| Untracked 
| 245|0x000000008f500000, 0x000000008f500000, 0x000000008f600000|  0%| F|  |TAMS 0x000000008f500000, 0x000000008f500000| Untracked 
| 246|0x000000008f600000, 0x000000008f600000, 0x000000008f700000|  0%| F|  |TAMS 0x000000008f600000, 0x000000008f600000| Untracked 
| 247|0x000000008f700000, 0x000000008f700000, 0x000000008f800000|  0%| F|  |TAMS 0x000000008f700000, 0x000000008f700000| Untracked 
| 248|0x000000008f800000, 0x000000008f800000, 0x000000008f900000|  0%| F|  |TAMS 0x000000008f800000, 0x000000008f800000| Untracked 
| 249|0x000000008f900000, 0x000000008f900000, 0x000000008fa00000|  0%| F|  |TAMS 0x000000008f900000, 0x000000008f900000| Untracked 
| 250|0x000000008fa00000, 0x000000008fa00000, 0x000000008fb00000|  0%| F|  |TAMS 0x000000008fa00000, 0x000000008fa00000| Untracked 
| 251|0x000000008fb00000, 0x000000008fb00000, 0x000000008fc00000|  0%| F|  |TAMS 0x000000008fb00000, 0x000000008fb00000| Untracked 
| 252|0x000000008fc00000, 0x000000008fc00000, 0x000000008fd00000|  0%| F|  |TAMS 0x000000008fc00000, 0x000000008fc00000| Untracked 
| 253|0x000000008fd00000, 0x000000008fd00000, 0x000000008fe00000|  0%| F|  |TAMS 0x000000008fd00000, 0x000000008fd00000| Untracked 
| 254|0x000000008fe00000, 0x000000008fe00000, 0x000000008ff00000|  0%| F|  |TAMS 0x000000008fe00000, 0x000000008fe00000| Untracked 
| 255|0x000000008ff00000, 0x000000008ff00000, 0x0000000090000000|  0%| F|  |TAMS 0x000000008ff00000, 0x000000008ff00000| Untracked 
| 256|0x0000000090000000, 0x0000000090000000, 0x0000000090100000|  0%| F|  |TAMS 0x0000000090000000, 0x0000000090000000| Untracked 
| 257|0x0000000090100000, 0x0000000090100000, 0x0000000090200000|  0%| F|  |TAMS 0x0000000090100000, 0x0000000090100000| Untracked 
| 258|0x0000000090200000, 0x0000000090200000, 0x0000000090300000|  0%| F|  |TAMS 0x0000000090200000, 0x0000000090200000| Untracked 
| 259|0x0000000090300000, 0x0000000090300000, 0x0000000090400000|  0%| F|  |TAMS 0x0000000090300000, 0x0000000090300000| Untracked 
| 260|0x0000000090400000, 0x0000000090400000, 0x0000000090500000|  0%| F|  |TAMS 0x0000000090400000, 0x0000000090400000| Untracked 
| 261|0x0000000090500000, 0x0000000090500000, 0x0000000090600000|  0%| F|  |TAMS 0x0000000090500000, 0x0000000090500000| Untracked 
| 262|0x0000000090600000, 0x0000000090600000, 0x0000000090700000|  0%| F|  |TAMS 0x0000000090600000, 0x0000000090600000| Untracked 
| 263|0x0000000090700000, 0x0000000090700000, 0x0000000090800000|  0%| F|  |TAMS 0x0000000090700000, 0x0000000090700000| Untracked 
| 264|0x0000000090800000, 0x0000000090800000, 0x0000000090900000|  0%| F|  |TAMS 0x0000000090800000, 0x0000000090800000| Untracked 
| 265|0x0000000090900000, 0x0000000090900000, 0x0000000090a00000|  0%| F|  |TAMS 0x0000000090900000, 0x0000000090900000| Untracked 
| 266|0x0000000090a00000, 0x0000000090a00000, 0x0000000090b00000|  0%| F|  |TAMS 0x0000000090a00000, 0x0000000090a00000| Untracked 
| 267|0x0000000090b00000, 0x0000000090b00000, 0x0000000090c00000|  0%| F|  |TAMS 0x0000000090b00000, 0x0000000090b00000| Untracked 
| 268|0x0000000090c00000, 0x0000000090c00000, 0x0000000090d00000|  0%| F|  |TAMS 0x0000000090c00000, 0x0000000090c00000| Untracked 
| 269|0x0000000090d00000, 0x0000000090d00000, 0x0000000090e00000|  0%| F|  |TAMS 0x0000000090d00000, 0x0000000090d00000| Untracked 
| 270|0x0000000090e00000, 0x0000000090e00000, 0x0000000090f00000|  0%| F|  |TAMS 0x0000000090e00000, 0x0000000090e00000| Untracked 
| 271|0x0000000090f00000, 0x0000000090f00000, 0x0000000091000000|  0%| F|  |TAMS 0x0000000090f00000, 0x0000000090f00000| Untracked 
| 272|0x0000000091000000, 0x0000000091000000, 0x0000000091100000|  0%| F|  |TAMS 0x0000000091000000, 0x0000000091000000| Untracked 
| 273|0x0000000091100000, 0x0000000091100000, 0x0000000091200000|  0%| F|  |TAMS 0x0000000091100000, 0x0000000091100000| Untracked 
| 274|0x0000000091200000, 0x0000000091200000, 0x0000000091300000|  0%| F|  |TAMS 0x0000000091200000, 0x0000000091200000| Untracked 
| 275|0x0000000091300000, 0x0000000091300000, 0x0000000091400000|  0%| F|  |TAMS 0x0000000091300000, 0x0000000091300000| Untracked 
| 276|0x0000000091400000, 0x0000000091400000, 0x0000000091500000|  0%| F|  |TAMS 0x0000000091400000, 0x0000000091400000| Untracked 
| 277|0x0000000091500000, 0x0000000091500000, 0x0000000091600000|  0%| F|  |TAMS 0x0000000091500000, 0x0000000091500000| Untracked 
| 278|0x0000000091600000, 0x0000000091600000, 0x0000000091700000|  0%| F|  |TAMS 0x0000000091600000, 0x0000000091600000| Untracked 
| 279|0x0000000091700000, 0x0000000091700000, 0x0000000091800000|  0%| F|  |TAMS 0x0000000091700000, 0x0000000091700000| Untracked 
| 280|0x0000000091800000, 0x0000000091800000, 0x0000000091900000|  0%| F|  |TAMS 0x0000000091800000, 0x0000000091800000| Untracked 
| 281|0x0000000091900000, 0x0000000091900000, 0x0000000091a00000|  0%| F|  |TAMS 0x0000000091900000, 0x0000000091900000| Untracked 
| 282|0x0000000091a00000, 0x0000000091a00000, 0x0000000091b00000|  0%| F|  |TAMS 0x0000000091a00000, 0x0000000091a00000| Untracked 
| 283|0x0000000091b00000, 0x0000000091b00000, 0x0000000091c00000|  0%| F|  |TAMS 0x0000000091b00000, 0x0000000091b00000| Untracked 
| 284|0x0000000091c00000, 0x0000000091c00000, 0x0000000091d00000|  0%| F|  |TAMS 0x0000000091c00000, 0x0000000091c00000| Untracked 
| 285|0x0000000091d00000, 0x0000000091d00000, 0x0000000091e00000|  0%| F|  |TAMS 0x0000000091d00000, 0x0000000091d00000| Untracked 
| 286|0x0000000091e00000, 0x0000000091e00000, 0x0000000091f00000|  0%| F|  |TAMS 0x0000000091e00000, 0x0000000091e00000| Untracked 
| 287|0x0000000091f00000, 0x0000000091f00000, 0x0000000092000000|  0%| F|  |TAMS 0x0000000091f00000, 0x0000000091f00000| Untracked 
| 288|0x0000000092000000, 0x0000000092000000, 0x0000000092100000|  0%| F|  |TAMS 0x0000000092000000, 0x0000000092000000| Untracked 
| 289|0x0000000092100000, 0x0000000092100000, 0x0000000092200000|  0%| F|  |TAMS 0x0000000092100000, 0x0000000092100000| Untracked 
| 290|0x0000000092200000, 0x0000000092200000, 0x0000000092300000|  0%| F|  |TAMS 0x0000000092200000, 0x0000000092200000| Untracked 
| 291|0x0000000092300000, 0x0000000092300000, 0x0000000092400000|  0%| F|  |TAMS 0x0000000092300000, 0x0000000092300000| Untracked 
| 292|0x0000000092400000, 0x0000000092400000, 0x0000000092500000|  0%| F|  |TAMS 0x0000000092400000, 0x0000000092400000| Untracked 
| 293|0x0000000092500000, 0x0000000092500000, 0x0000000092600000|  0%| F|  |TAMS 0x0000000092500000, 0x0000000092500000| Untracked 
| 294|0x0000000092600000, 0x0000000092600000, 0x0000000092700000|  0%| F|  |TAMS 0x0000000092600000, 0x0000000092600000| Untracked 
| 295|0x0000000092700000, 0x0000000092700000, 0x0000000092800000|  0%| F|  |TAMS 0x0000000092700000, 0x0000000092700000| Untracked 
| 296|0x0000000092800000, 0x0000000092800000, 0x0000000092900000|  0%| F|  |TAMS 0x0000000092800000, 0x0000000092800000| Untracked 
| 297|0x0000000092900000, 0x0000000092900000, 0x0000000092a00000|  0%| F|  |TAMS 0x0000000092900000, 0x0000000092900000| Untracked 
| 298|0x0000000092a00000, 0x0000000092a00000, 0x0000000092b00000|  0%| F|  |TAMS 0x0000000092a00000, 0x0000000092a00000| Untracked 
| 299|0x0000000092b00000, 0x0000000092b00000, 0x0000000092c00000|  0%| F|  |TAMS 0x0000000092b00000, 0x0000000092b00000| Untracked 
| 300|0x0000000092c00000, 0x0000000092c00000, 0x0000000092d00000|  0%| F|  |TAMS 0x0000000092c00000, 0x0000000092c00000| Untracked 
| 301|0x0000000092d00000, 0x0000000092d00000, 0x0000000092e00000|  0%| F|  |TAMS 0x0000000092d00000, 0x0000000092d00000| Untracked 
| 302|0x0000000092e00000, 0x0000000092e00000, 0x0000000092f00000|  0%| F|  |TAMS 0x0000000092e00000, 0x0000000092e00000| Untracked 
| 303|0x0000000092f00000, 0x0000000092f00000, 0x0000000093000000|  0%| F|  |TAMS 0x0000000092f00000, 0x0000000092f00000| Untracked 

Card table byte_map: [0x000001df80400000,0x000001df80800000] _byte_map_base: 0x000001df80000000

Marking Bits (Prev, Next): (CMBitMap*) 0x000001dfe8e0eae0, (CMBitMap*) 0x000001dfe8e0eaa0
 Prev Bits: [0x000001df82c00000, 0x000001df84c00000)
 Next Bits: [0x000001df80c00000, 0x000001df82c00000)

Polling page: 0x000001dfe6be0000

Metaspace:

Usage:
  Non-class:     94.57 MB used.
      Class:     15.33 MB used.
       Both:    109.90 MB used.

Virtual space:
  Non-class space:      128.00 MB reserved,      95.25 MB ( 74%) committed,  2 nodes.
      Class space:      416.00 MB reserved,      15.88 MB (  4%) committed,  1 nodes.
             Both:      544.00 MB reserved,     111.12 MB ( 20%) committed. 

Chunk freelists:
   Non-Class:  224.00 KB
       Class:  128.00 KB
        Both:  352.00 KB

MaxMetaspaceSize: 512.00 MB
CompressedClassSpaceSize: 416.00 MB
Initial GC threshold: 21.00 MB
Current GC threshold: 177.81 MB
CDS: on
MetaspaceReclaimPolicy: balanced
 - commit_granule_bytes: 65536.
 - commit_granule_words: 8192.
 - virtual_space_node_default_size: 8388608.
 - enlarge_chunks_in_place: 1.
 - new_chunks_are_fully_committed: 0.
 - uncommit_free_chunks: 1.
 - use_allocation_guard: 0.
 - handle_deallocations: 1.


Internal statistics:

num_allocs_failed_limit: 12.
num_arena_births: 1510.
num_arena_deaths: 0.
num_vsnodes_births: 3.
num_vsnodes_deaths: 0.
num_space_committed: 1778.
num_space_uncommitted: 0.
num_chunks_returned_to_freelist: 12.
num_chunks_taken_from_freelist: 6765.
num_chunk_merges: 9.
num_chunk_splits: 4328.
num_chunks_enlarged: 2664.
num_inconsistent_stats: 0.

CodeHeap 'non-profiled nmethods': size=120000Kb used=8859Kb max_used=8859Kb free=111140Kb
 bounds [0x000001dff83c0000, 0x000001dff8c70000, 0x000001dfff8f0000]
CodeHeap 'profiled nmethods': size=120000Kb used=25456Kb max_used=25456Kb free=94543Kb
 bounds [0x000001dff08f0000, 0x000001dff21d0000, 0x000001dff7e20000]
CodeHeap 'non-nmethods': size=5760Kb used=2455Kb max_used=2515Kb free=3304Kb
 bounds [0x000001dff7e20000, 0x000001dff80a0000, 0x000001dff83c0000]
 total_blobs=13919 nmethods=12927 adapters=903
 compilation: enabled
              stopped_count=0, restarted_count=0
 full_count=0

Compilation events (20 events):
Event: 98.157 Thread 0x000001df87308fa0 nmethod 15277 0x000001dff21c8b90 code [0x000001dff21c9020, 0x000001dff21ca878]
Event: 98.157 Thread 0x000001df87308fa0 15279       2       org.gradle.internal.reflect.validation.ReplayingTypeValidationContext::replay (17 bytes)
Event: 98.158 Thread 0x000001df87308fa0 nmethod 15279 0x000001dff21cb610 code [0x000001dff21cb7c0, 0x000001dff21cba18]
Event: 98.158 Thread 0x000001df87308fa0 15280       2       org.gradle.internal.reflect.validation.ReplayingTypeValidationContext$$Lambda$729/0x000001df8959a888::<init> (15 bytes)
Event: 98.158 Thread 0x000001df87308fa0 nmethod 15280 0x000001dff21cbb90 code [0x000001dff21cbd20, 0x000001dff21cbed8]
Event: 98.158 Thread 0x000001df87308fa0 15276       2       org.gradle.internal.reflect.annotations.impl.DefaultTypeAnnotationMetadataStore$$Lambda$712/0x000001df89591a20::apply (12 bytes)
Event: 98.158 Thread 0x000001df87308fa0 nmethod 15276 0x000001dff21cbf90 code [0x000001dff21cc140, 0x000001dff21cc2a8]
Event: 98.171 Thread 0x000001df87308fa0 15281       2       org.gradle.initialization.MixInLegacyTypesClassLoader$TransformingAdapter::isStatic (13 bytes)
Event: 98.171 Thread 0x000001df87308fa0 nmethod 15281 0x000001dff21cc390 code [0x000001dff21cc520, 0x000001dff21cc638]
Event: 98.186 Thread 0x000001df87308fa0 15282       2       org.gradle.api.internal.project.taskfactory.TaskIdentity::getIdentityPath (8 bytes)
Event: 98.187 Thread 0x000001df87308fa0 nmethod 15282 0x000001dff21cc710 code [0x000001dff21cc8c0, 0x000001dff21cca48]
Event: 98.187 Thread 0x000001df87308fa0 15283       2       org.gradle.api.specs.AndSpec::<init> (6 bytes)
Event: 98.187 Thread 0x000001df87308fa0 nmethod 15283 0x000001dff21ccb10 code [0x000001dff21ccca0, 0x000001dff21ccdc8]
Event: 98.189 Thread 0x000001df87308fa0 15284       2       org.gradle.api.internal.provider.sources.SystemPropertyValueSource$Parameters_Decorated::getPropertyName (34 bytes)
Event: 98.190 Thread 0x000001df87308fa0 nmethod 15284 0x000001dff21cce90 code [0x000001dff21cd040, 0x000001dff21cd298]
Event: 98.191 Thread 0x000001df87308fa0 15285       2       org.gradle.api.internal.provider.DefaultListProperty$$Lambda$691/0x000001df8957c1f8::get (4 bytes)
Event: 98.191 Thread 0x000001df87308fa0 nmethod 15285 0x000001dff21cd410 code [0x000001dff21cd5a0, 0x000001dff21cd7f8]
Event: 98.191 Thread 0x000001df87308fa0 15286       2       com.google.common.collect.ImmutableList$Builder::build (5 bytes)
Event: 98.191 Thread 0x000001df87308fa0 nmethod 15286 0x000001dff21cd910 code [0x000001dff21cdaa0, 0x000001dff21cdbc8]
Event: 98.192 Thread 0x000001df87308fa0 15287       2       org.gradle.util.internal.GUtil::toEnum (153 bytes)

GC Heap History (20 events):
Event: 92.818 GC heap after
{Heap after GC invocations=55 (full 0):
 garbage-first heap   total 194560K, used 148891K [0x0000000080000000, 0x0000000100000000)
  region size 1024K, 3 young (3072K), 3 survivors (3072K)
 Metaspace       used 107093K, committed 108224K, reserved 557056K
  class space    used 14825K, committed 15360K, reserved 425984K
}
Event: 93.050 GC heap before
{Heap before GC invocations=55 (full 0):
 garbage-first heap   total 194560K, used 164251K [0x0000000080000000, 0x0000000100000000)
  region size 1024K, 19 young (19456K), 3 survivors (3072K)
 Metaspace       used 107114K, committed 108288K, reserved 557056K
  class space    used 14825K, committed 15360K, reserved 425984K
}
Event: 93.058 GC heap after
{Heap after GC invocations=56 (full 0):
 garbage-first heap   total 194560K, used 151881K [0x0000000080000000, 0x0000000100000000)
  region size 1024K, 3 young (3072K), 3 survivors (3072K)
 Metaspace       used 107114K, committed 108288K, reserved 557056K
  class space    used 14825K, committed 15360K, reserved 425984K
}
Event: 93.190 GC heap before
{Heap before GC invocations=56 (full 0):
 garbage-first heap   total 194560K, used 165193K [0x0000000080000000, 0x0000000100000000)
  region size 1024K, 17 young (17408K), 3 survivors (3072K)
 Metaspace       used 107116K, committed 108288K, reserved 557056K
  class space    used 14825K, committed 15360K, reserved 425984K
}
Event: 93.195 GC heap after
{Heap after GC invocations=57 (full 0):
 garbage-first heap   total 194560K, used 152663K [0x0000000080000000, 0x0000000100000000)
  region size 1024K, 3 young (3072K), 3 survivors (3072K)
 Metaspace       used 107116K, committed 108288K, reserved 557056K
  class space    used 14825K, committed 15360K, reserved 425984K
}
Event: 93.305 GC heap before
{Heap before GC invocations=57 (full 0):
 garbage-first heap   total 194560K, used 165975K [0x0000000080000000, 0x0000000100000000)
  region size 1024K, 17 young (17408K), 3 survivors (3072K)
 Metaspace       used 107116K, committed 108288K, reserved 557056K
  class space    used 14825K, committed 15360K, reserved 425984K
}
Event: 93.310 GC heap after
{Heap after GC invocations=58 (full 0):
 garbage-first heap   total 194560K, used 153284K [0x0000000080000000, 0x0000000100000000)
  region size 1024K, 3 young (3072K), 3 survivors (3072K)
 Metaspace       used 107116K, committed 108288K, reserved 557056K
  class space    used 14825K, committed 15360K, reserved 425984K
}
Event: 93.390 GC heap before
{Heap before GC invocations=58 (full 0):
 garbage-first heap   total 194560K, used 165572K [0x0000000080000000, 0x0000000100000000)
  region size 1024K, 16 young (16384K), 3 survivors (3072K)
 Metaspace       used 107116K, committed 108288K, reserved 557056K
  class space    used 14825K, committed 15360K, reserved 425984K
}
Event: 93.394 GC heap after
{Heap after GC invocations=59 (full 0):
 garbage-first heap   total 194560K, used 153370K [0x0000000080000000, 0x0000000100000000)
  region size 1024K, 2 young (2048K), 2 survivors (2048K)
 Metaspace       used 107116K, committed 108288K, reserved 557056K
  class space    used 14825K, committed 15360K, reserved 425984K
}
Event: 93.502 GC heap before
{Heap before GC invocations=59 (full 0):
 garbage-first heap   total 194560K, used 166682K [0x0000000080000000, 0x0000000100000000)
  region size 1024K, 16 young (16384K), 2 survivors (2048K)
 Metaspace       used 107116K, committed 108288K, reserved 557056K
  class space    used 14825K, committed 15360K, reserved 425984K
}
Event: 93.506 GC heap after
{Heap after GC invocations=60 (full 0):
 garbage-first heap   total 258048K, used 153903K [0x0000000080000000, 0x0000000100000000)
  region size 1024K, 2 young (2048K), 2 survivors (2048K)
 Metaspace       used 107116K, committed 108288K, reserved 557056K
  class space    used 14825K, committed 15360K, reserved 425984K
}
Event: 93.952 GC heap before
{Heap before GC invocations=60 (full 0):
 garbage-first heap   total 258048K, used 211247K [0x0000000080000000, 0x0000000100000000)
  region size 1024K, 59 young (60416K), 2 survivors (2048K)
 Metaspace       used 107116K, committed 108288K, reserved 557056K
  class space    used 14825K, committed 15360K, reserved 425984K
}
Event: 93.958 GC heap after
{Heap after GC invocations=61 (full 0):
 garbage-first heap   total 258048K, used 155332K [0x0000000080000000, 0x0000000100000000)
  region size 1024K, 4 young (4096K), 4 survivors (4096K)
 Metaspace       used 107116K, committed 108288K, reserved 557056K
  class space    used 14825K, committed 15360K, reserved 425984K
}
Event: 94.880 GC heap before
{Heap before GC invocations=61 (full 0):
 garbage-first heap   total 258048K, used 186052K [0x0000000080000000, 0x0000000100000000)
  region size 1024K, 32 young (32768K), 4 survivors (4096K)
 Metaspace       used 107600K, committed 108800K, reserved 557056K
  class space    used 14913K, committed 15488K, reserved 425984K
}
Event: 94.899 GC heap after
{Heap after GC invocations=62 (full 0):
 garbage-first heap   total 258048K, used 164617K [0x0000000080000000, 0x0000000100000000)
  region size 1024K, 8 young (8192K), 8 survivors (8192K)
 Metaspace       used 107600K, committed 108800K, reserved 557056K
  class space    used 14913K, committed 15488K, reserved 425984K
}
Event: 96.371 GC heap before
{Heap before GC invocations=63 (full 0):
 garbage-first heap   total 311296K, used 206601K [0x0000000080000000, 0x0000000100000000)
  region size 1024K, 50 young (51200K), 8 survivors (8192K)
 Metaspace       used 108489K, committed 109632K, reserved 557056K
  class space    used 15080K, committed 15616K, reserved 425984K
}
Event: 96.391 GC heap after
{Heap after GC invocations=64 (full 0):
 garbage-first heap   total 311296K, used 170092K [0x0000000080000000, 0x0000000100000000)
  region size 1024K, 5 young (5120K), 5 survivors (5120K)
 Metaspace       used 108489K, committed 109632K, reserved 557056K
  class space    used 15080K, committed 15616K, reserved 425984K
}
Event: 96.590 GC heap before
{Heap before GC invocations=64 (full 0):
 garbage-first heap   total 311296K, used 180332K [0x0000000080000000, 0x0000000100000000)
  region size 1024K, 15 young (15360K), 5 survivors (5120K)
 Metaspace       used 108881K, committed 110080K, reserved 557056K
  class space    used 15167K, committed 15744K, reserved 425984K
}
Event: 96.606 GC heap after
{Heap after GC invocations=65 (full 0):
 garbage-first heap   total 311296K, used 167520K [0x0000000080000000, 0x0000000100000000)
  region size 1024K, 2 young (2048K), 2 survivors (2048K)
 Metaspace       used 108881K, committed 110080K, reserved 557056K
  class space    used 15167K, committed 15744K, reserved 425984K
}
Event: 98.194 GC heap before
{Heap before GC invocations=65 (full 0):
 garbage-first heap   total 311296K, used 248416K [0x0000000080000000, 0x0000000100000000)
  region size 1024K, 81 young (82944K), 2 survivors (2048K)
 Metaspace       used 112541K, committed 113792K, reserved 557056K
  class space    used 15700K, committed 16256K, reserved 425984K
}

Dll operation events (15 events):
Event: 0.020 Loaded shared library C:\Program Files\Microsoft\jdk-17.0.15.6-hotspot\bin\java.dll
Event: 0.045 Loaded shared library C:\Program Files\Microsoft\jdk-17.0.15.6-hotspot\bin\jsvml.dll
Event: 0.169 Loaded shared library C:\Program Files\Microsoft\jdk-17.0.15.6-hotspot\bin\zip.dll
Event: 0.176 Loaded shared library C:\Program Files\Microsoft\jdk-17.0.15.6-hotspot\bin\instrument.dll
Event: 0.185 Loaded shared library C:\Program Files\Microsoft\jdk-17.0.15.6-hotspot\bin\net.dll
Event: 0.188 Loaded shared library C:\Program Files\Microsoft\jdk-17.0.15.6-hotspot\bin\nio.dll
Event: 0.192 Loaded shared library C:\Program Files\Microsoft\jdk-17.0.15.6-hotspot\bin\zip.dll
Event: 0.828 Loaded shared library C:\Program Files\Microsoft\jdk-17.0.15.6-hotspot\bin\jimage.dll
Event: 1.222 Loaded shared library C:\Program Files\Microsoft\jdk-17.0.15.6-hotspot\bin\verify.dll
Event: 1.419 Loaded shared library C:\Users\HP\.gradle\native\1def1411415f61bf3af743bc5b6707747c0891f09f0c88961ee8f79bc544acac\windows-amd64\native-platform.dll
Event: 1.465 Loaded shared library C:\Users\HP\.gradle\native\0.2.7\x86_64-windows-gnu\gradle-fileevents.dll
Event: 4.147 Loaded shared library C:\Program Files\Microsoft\jdk-17.0.15.6-hotspot\bin\management.dll
Event: 4.154 Loaded shared library C:\Program Files\Microsoft\jdk-17.0.15.6-hotspot\bin\management_ext.dll
Event: 4.672 Loaded shared library C:\Program Files\Microsoft\jdk-17.0.15.6-hotspot\bin\extnet.dll
Event: 5.105 Loaded shared library C:\Program Files\Microsoft\jdk-17.0.15.6-hotspot\bin\sunmscapi.dll

Deoptimization events (20 events):
Event: 98.027 Thread 0x000001dfa838a740 Uncommon trap: trap_request=0xffffff45 fr.pc=0x000001dff84e7624 relative=0x0000000000000104
Event: 98.027 Thread 0x000001dfa838a740 Uncommon trap: reason=unstable_if action=reinterpret pc=0x000001dff84e7624 method=org.objectweb.asm.Type.getOpcode(I)I @ 136 c2
Event: 98.027 Thread 0x000001dfa838a740 DEOPT PACKING pc=0x000001dff84e7624 sp=0x000000d5947f5cb0
Event: 98.027 Thread 0x000001dfa838a740 DEOPT UNPACKING pc=0x000001dff7e769a3 sp=0x000000d5947f5c40 mode 2
Event: 98.027 Thread 0x000001dfa838a740 Uncommon trap: trap_request=0xffffff45 fr.pc=0x000001dff87a24dc relative=0x000000000000039c
Event: 98.027 Thread 0x000001dfa838a740 Uncommon trap: reason=unstable_if action=reinterpret pc=0x000001dff87a24dc method=org.objectweb.asm.MethodWriter.visitVarInsn(II)V @ 224 c2
Event: 98.027 Thread 0x000001dfa838a740 DEOPT PACKING pc=0x000001dff87a24dc sp=0x000000d5947f5ce0
Event: 98.027 Thread 0x000001dfa838a740 DEOPT UNPACKING pc=0x000001dff7e769a3 sp=0x000000d5947f5c88 mode 2
Event: 98.027 Thread 0x000001dfa838a740 Uncommon trap: trap_request=0xffffff45 fr.pc=0x000001dff85850c4 relative=0x0000000000003564
Event: 98.027 Thread 0x000001dfa838a740 Uncommon trap: reason=unstable_if action=reinterpret pc=0x000001dff85850c4 method=org.objectweb.asm.Type.getTypeInternal(Ljava/lang/String;II)Lorg/objectweb/asm/Type; @ 5 c2
Event: 98.027 Thread 0x000001dfa838a740 DEOPT PACKING pc=0x000001dff85850c4 sp=0x000000d5947f5e50
Event: 98.027 Thread 0x000001dfa838a740 DEOPT UNPACKING pc=0x000001dff7e769a3 sp=0x000000d5947f5c80 mode 2
Event: 98.028 Thread 0x000001dfa838a740 Uncommon trap: trap_request=0xffffff45 fr.pc=0x000001dff8402290 relative=0x0000000000000930
Event: 98.028 Thread 0x000001dfa838a740 Uncommon trap: reason=unstable_if action=reinterpret pc=0x000001dff8402290 method=org.objectweb.asm.Frame.accept(Lorg/objectweb/asm/MethodWriter;)V @ 32 c2
Event: 98.028 Thread 0x000001dfa838a740 DEOPT PACKING pc=0x000001dff8402290 sp=0x000000d5947f5dd0
Event: 98.028 Thread 0x000001dfa838a740 DEOPT UNPACKING pc=0x000001dff7e769a3 sp=0x000000d5947f5d80 mode 2
Event: 98.031 Thread 0x000001dfa838a740 Uncommon trap: trap_request=0xffffff45 fr.pc=0x000001dff882bb44 relative=0x00000000000001a4
Event: 98.031 Thread 0x000001dfa838a740 Uncommon trap: reason=unstable_if action=reinterpret pc=0x000001dff882bb44 method=org.objectweb.asm.Type.getTypeInternal(Ljava/lang/String;II)Lorg/objectweb/asm/Type; @ 5 c2
Event: 98.031 Thread 0x000001dfa838a740 DEOPT PACKING pc=0x000001dff882bb44 sp=0x000000d5947f5b50
Event: 98.031 Thread 0x000001dfa838a740 DEOPT UNPACKING pc=0x000001dff7e769a3 sp=0x000000d5947f5ae8 mode 2

Classes loaded (20 events):
Event: 94.578 Loading class java/lang/ProcessImplCustomizer
Event: 94.579 Loading class java/lang/ProcessImplCustomizer done
Event: 94.579 Loading class java/lang/ProcessImplCustomizer
Event: 94.579 Loading class java/lang/ProcessImplCustomizer done
Event: 94.858 Loading class jdk/internal/loader/URLClassPath$JarLoader$3
Event: 94.859 Loading class jdk/internal/loader/URLClassPath$JarLoader$3 done
Event: 94.872 Loading class jdk/internal/reflect/UnsafeQualifiedStaticCharacterFieldAccessorImpl
Event: 94.873 Loading class jdk/internal/reflect/UnsafeQualifiedStaticCharacterFieldAccessorImpl done
Event: 95.179 Loading class java/io/FilterReader
Event: 95.180 Loading class java/io/FilterReader done
Event: 96.234 Loading class java/util/AbstractList$RandomAccessSubList
Event: 96.236 Loading class java/util/AbstractList$SubList
Event: 96.237 Loading class java/util/AbstractList$SubList done
Event: 96.237 Loading class java/util/AbstractList$RandomAccessSubList done
Event: 96.237 Loading class java/util/AbstractList$SubList$1
Event: 96.237 Loading class java/util/AbstractList$SubList$1 done
Event: 96.237 Loading class java/util/AbstractList$ListItr
Event: 96.238 Loading class java/util/AbstractList$ListItr done
Event: 97.225 Loading class java/io/NotSerializableException
Event: 97.225 Loading class java/io/NotSerializableException done

Classes unloaded (0 events):
No events

Classes redefined (0 events):
No events

Internal exceptions (20 events):
Event: 95.343 Thread 0x000001dfa838a740 Exception <a 'java/lang/ClassNotFoundException'{0x000000008e9f0ab8}: org/gradle/api/tasks/compile/JavaCompileBeanInfo> (0x000000008e9f0ab8) 
thrown [s\src\hotspot\share\classfile\systemDictionary.cpp, line 256]
Event: 95.344 Thread 0x000001dfa838a740 Exception <a 'java/lang/ClassNotFoundException'{0x000000008e8020e0}: org/gradle/api/tasks/compile/AbstractCompileBeanInfo> (0x000000008e8020e0) 
thrown [s\src\hotspot\share\classfile\systemDictionary.cpp, line 256]
Event: 95.345 Thread 0x000001dfa838a740 Exception <a 'java/lang/ClassNotFoundException'{0x000000008e810958}: org/gradle/api/tasks/SourceTaskBeanInfo> (0x000000008e810958) 
thrown [s\src\hotspot\share\classfile\systemDictionary.cpp, line 256]
Event: 95.346 Thread 0x000001dfa838a740 Exception <a 'java/lang/ClassNotFoundException'{0x000000008e81f438}: org/gradle/api/tasks/SourceTaskCustomizer> (0x000000008e81f438) 
thrown [s\src\hotspot\share\classfile\systemDictionary.cpp, line 256]
Event: 95.349 Thread 0x000001dfa838a740 Exception <a 'java/lang/ClassNotFoundException'{0x000000008e8549e8}: org/gradle/api/tasks/compile/AbstractCompileCustomizer> (0x000000008e8549e8) 
thrown [s\src\hotspot\share\classfile\systemDictionary.cpp, line 256]
Event: 95.354 Thread 0x000001dfa838a740 Exception <a 'java/lang/ClassNotFoundException'{0x000000008e880ee8}: org/gradle/api/tasks/compile/JavaCompileCustomizer> (0x000000008e880ee8) 
thrown [s\src\hotspot\share\classfile\systemDictionary.cpp, line 256]
Event: 95.356 Thread 0x000001dfa838a740 Exception <a 'java/lang/ClassNotFoundException'{0x000000008e8ab540}: org/gradle/api/tasks/compile/JavaCompile_DecoratedCustomizer> (0x000000008e8ab540) 
thrown [s\src\hotspot\share\classfile\systemDictionary.cpp, line 256]
Event: 96.037 Thread 0x000001dfa838a740 Exception <a 'java/lang/ClassNotFoundException'{0x000000009245e310}: com/android/build/gradle/tasks/ExternalNativeBuildJsonTask_DecoratedBeanInfo> (0x000000009245e310) 
thrown [s\src\hotspot\share\classfile\systemDictionary.cpp, line 256]
Event: 96.040 Thread 0x000001dfa838a740 Exception <a 'java/lang/ClassNotFoundException'{0x000000009246fb10}: com/android/build/gradle/tasks/ExternalNativeBuildJsonTaskBeanInfo> (0x000000009246fb10) 
thrown [s\src\hotspot\share\classfile\systemDictionary.cpp, line 256]
Event: 96.041 Thread 0x000001dfa838a740 Exception <a 'java/lang/ClassNotFoundException'{0x0000000092481bb0}: com/android/build/gradle/internal/tasks/UnsafeOutputsTaskBeanInfo> (0x0000000092481bb0) 
thrown [s\src\hotspot\share\classfile\systemDictionary.cpp, line 256]
Event: 96.042 Thread 0x000001dfa838a740 Exception <a 'java/lang/ClassNotFoundException'{0x0000000092493a08}: com/android/build/gradle/internal/tasks/AndroidVariantTaskBeanInfo> (0x0000000092493a08) 
thrown [s\src\hotspot\share\classfile\systemDictionary.cpp, line 256]
Event: 96.044 Thread 0x000001dfa838a740 Exception <a 'java/lang/ClassNotFoundException'{0x00000000924a5ba0}: com/android/build/gradle/internal/tasks/BaseTaskBeanInfo> (0x00000000924a5ba0) 
thrown [s\src\hotspot\share\classfile\systemDictionary.cpp, line 256]
Event: 96.045 Thread 0x000001dfa838a740 Exception <a 'java/lang/ClassNotFoundException'{0x00000000924b7d40}: com/android/build/gradle/internal/tasks/BaseTaskCustomizer> (0x00000000924b7d40) 
thrown [s\src\hotspot\share\classfile\systemDictionary.cpp, line 256]
Event: 96.047 Thread 0x000001dfa838a740 Exception <a 'java/lang/ClassNotFoundException'{0x00000000924d9618}: com/android/build/gradle/internal/tasks/AndroidVariantTaskCustomizer> (0x00000000924d9618) 
thrown [s\src\hotspot\share\classfile\systemDictionary.cpp, line 256]
Event: 96.051 Thread 0x000001dfa838a740 Exception <a 'java/lang/ClassNotFoundException'{0x00000000924fa6a8}: com/android/build/gradle/internal/tasks/UnsafeOutputsTaskCustomizer> (0x00000000924fa6a8) 
thrown [s\src\hotspot\share\classfile\systemDictionary.cpp, line 256]
Event: 96.053 Thread 0x000001dfa838a740 Exception <a 'java/lang/ClassNotFoundException'{0x0000000092319008}: com/android/build/gradle/tasks/ExternalNativeBuildJsonTaskCustomizer> (0x0000000092319008) 
thrown [s\src\hotspot\share\classfile\systemDictionary.cpp, line 256]
Event: 96.055 Thread 0x000001dfa838a740 Exception <a 'java/lang/ClassNotFoundException'{0x00000000923415b0}: com/android/build/gradle/tasks/ExternalNativeBuildJsonTask_DecoratedCustomizer> (0x00000000923415b0) 
thrown [s\src\hotspot\share\classfile\systemDictionary.cpp, line 256]
Event: 96.134 Thread 0x000001dfa838a740 Exception <a 'java/lang/NoSuchMethodError'{0x0000000092107708}: static Lcom/android/build/gradle/internal/cxx/prefab/PrefabPackagePublication;.<clinit>()V> (0x0000000092107708) 
thrown [s\src\hotspot\share\prims\jni.cpp, line 1112]
Event: 96.139 Thread 0x000001dfa838a740 Exception <a 'java/lang/NoSuchMethodError'{0x0000000092131058}: static Lcom/android/build/gradle/internal/cxx/prefab/PrefabModulePublication;.<clinit>()V> (0x0000000092131058) 
thrown [s\src\hotspot\share\prims\jni.cpp, line 1112]
Event: 96.141 Thread 0x000001dfa838a740 Exception <a 'java/lang/NoSuchMethodError'{0x000000009214a650}: static Lcom/android/build/gradle/internal/cxx/prefab/PrefabAbiPublication;.<clinit>()V> (0x000000009214a650) 
thrown [s\src\hotspot\share\prims\jni.cpp, line 1112]

VM Operations (20 events):
Event: 95.251 Executing VM operation: CollectForMetadataAllocation done
Event: 95.294 Executing VM operation: HandshakeAllThreads
Event: 95.294 Executing VM operation: HandshakeAllThreads done
Event: 95.391 Executing VM operation: G1PauseRemark
Event: 95.468 Executing VM operation: G1PauseRemark done
Event: 95.603 Executing VM operation: G1PauseCleanup
Event: 95.622 Executing VM operation: G1PauseCleanup done
Event: 96.072 Executing VM operation: HandshakeAllThreads
Event: 96.073 Executing VM operation: HandshakeAllThreads done
Event: 96.240 Executing VM operation: HandshakeAllThreads
Event: 96.241 Executing VM operation: HandshakeAllThreads done
Event: 96.371 Executing VM operation: G1CollectForAllocation
Event: 96.391 Executing VM operation: G1CollectForAllocation done
Event: 96.590 Executing VM operation: G1CollectForAllocation
Event: 96.606 Executing VM operation: G1CollectForAllocation done
Event: 97.227 Executing VM operation: HandshakeAllThreads
Event: 97.227 Executing VM operation: HandshakeAllThreads done
Event: 98.032 Executing VM operation: ICBufferFull
Event: 98.033 Executing VM operation: ICBufferFull done
Event: 98.194 Executing VM operation: G1CollectForAllocation

Memory protections (0 events):
No events

Nmethod flushes (20 events):
Event: 88.780 Thread 0x000001df87334600 flushing  nmethod 0x000001dff1e7aa90
Event: 88.780 Thread 0x000001df87334600 flushing  nmethod 0x000001dff1e8d390
Event: 88.780 Thread 0x000001df87334600 flushing  nmethod 0x000001dff1ed0c90
Event: 88.780 Thread 0x000001df87334600 flushing  nmethod 0x000001dff1ee4d10
Event: 88.780 Thread 0x000001df87334600 flushing  nmethod 0x000001dff1f03310
Event: 88.780 Thread 0x000001df87334600 flushing  nmethod 0x000001dff1f03c90
Event: 88.781 Thread 0x000001df87334600 flushing  nmethod 0x000001dff1f5b410
Event: 88.781 Thread 0x000001df87334600 flushing  nmethod 0x000001dff1f5bd90
Event: 88.781 Thread 0x000001df87334600 flushing  nmethod 0x000001dff1f5c390
Event: 88.781 Thread 0x000001df87334600 flushing  nmethod 0x000001dff1f5eb10
Event: 88.781 Thread 0x000001df87334600 flushing  nmethod 0x000001dff1f88190
Event: 88.782 Thread 0x000001df87334600 flushing  nmethod 0x000001dff2021b90
Event: 88.782 Thread 0x000001df87334600 flushing  nmethod 0x000001dff2026890
Event: 88.782 Thread 0x000001df87334600 flushing  nmethod 0x000001dff2032f10
Event: 88.782 Thread 0x000001df87334600 flushing  nmethod 0x000001dff203a890
Event: 88.783 Thread 0x000001df87334600 flushing  nmethod 0x000001dff207f490
Event: 88.783 Thread 0x000001df87334600 flushing  nmethod 0x000001dff2090c10
Event: 88.783 Thread 0x000001df87334600 flushing  nmethod 0x000001dff20a1690
Event: 88.783 Thread 0x000001df87334600 flushing  nmethod 0x000001dff20a2a90
Event: 88.784 Thread 0x000001df87334600 flushing  nmethod 0x000001dff2102b90

Events (20 events):
Event: 53.360 Thread 0x000001dfa838a740 Thread added: 0x000001dfaa818dc0
Event: 54.299 Thread 0x000001dfa77e0f40 Thread added: 0x000001dfaa8188b0
Event: 54.299 Thread 0x000001dfa77e0f40 Thread added: 0x000001dfaa8192d0
Event: 54.299 Thread 0x000001dfa77e0f40 Thread added: 0x000001dfaa817e90
Event: 55.932 Thread 0x000001dfa838a740 Thread added: 0x000001dfaa8183a0
Event: 56.392 Thread 0x000001dfa838a740 Thread added: 0x000001dfaa8197e0
Event: 56.409 Thread 0x000001dfa838a740 Thread added: 0x000001dfaa819cf0
Event: 64.366 Thread 0x000001dfa838a740 Thread added: 0x000001dfaa816f60
Event: 65.364 Thread 0x000001dfa838a740 Thread added: 0x000001dfaa81ac20
Event: 71.647 Thread 0x000001df87308fa0 Thread added: 0x000001df875da2e0
Event: 73.382 Thread 0x000001df875da2e0 Thread exited: 0x000001df875da2e0
Event: 77.962 Thread 0x000001df87308fa0 Thread added: 0x000001df875dbd70
Event: 78.549 Thread 0x000001dfa838a740 Thread added: 0x000001dfaa81d9b0
Event: 78.621 Thread 0x000001dfa838a740 Thread added: 0x000001dfaa81b640
Event: 86.263 Thread 0x000001df875dbd70 Thread exited: 0x000001df875dbd70
Event: 86.537 Thread 0x000001dfa838a740 Thread added: 0x000001dfaa81c060
Event: 86.686 Thread 0x000001dfaa81c060 Thread added: 0x000001dfaa81c570
Event: 86.686 Thread 0x000001dfaa81c060 Thread added: 0x000001dfaa81ca80
Event: 92.688 Thread 0x000001df87308fa0 Thread added: 0x000001df875dbd70
Event: 94.578 Thread 0x000001df875dbd70 Thread exited: 0x000001df875dbd70


Dynamic libraries:
0x00007ff6aab50000 - 0x00007ff6aab5e000 	C:\Program Files\Microsoft\jdk-17.0.15.6-hotspot\bin\java.exe
0x00007ffeef5a0000 - 0x00007ffeef808000 	C:\WINDOWS\SYSTEM32\ntdll.dll
0x00007ffeee730000 - 0x00007ffeee7f9000 	C:\WINDOWS\System32\KERNEL32.DLL
0x00007ffeecbd0000 - 0x00007ffeecfbd000 	C:\WINDOWS\System32\KERNELBASE.dll
0x00007ffeec9b0000 - 0x00007ffeecafb000 	C:\WINDOWS\System32\ucrtbase.dll
0x00007ffea2310000 - 0x00007ffea232d000 	C:\Program Files\Microsoft\jdk-17.0.15.6-hotspot\bin\VCRUNTIME140.dll
0x00007ffeb71b0000 - 0x00007ffeb71c7000 	C:\Program Files\Microsoft\jdk-17.0.15.6-hotspot\bin\jli.dll
0x00007ffeee0a0000 - 0x00007ffeee26c000 	C:\WINDOWS\System32\USER32.dll
0x00007ffed6550000 - 0x00007ffed67ea000 	C:\WINDOWS\WinSxS\amd64_microsoft.windows.common-controls_6595b64144ccf1df_6.0.26100.4484_none_3e0e6d4ce32ef3b3\COMCTL32.dll
0x00007ffeee270000 - 0x00007ffeee319000 	C:\WINDOWS\System32\msvcrt.dll
0x00007ffeef4f0000 - 0x00007ffeef51b000 	C:\WINDOWS\System32\GDI32.dll
0x00007ffeed200000 - 0x00007ffeed337000 	C:\WINDOWS\System32\gdi32full.dll
0x00007ffeec6f0000 - 0x00007ffeec793000 	C:\WINDOWS\System32\msvcp_win.dll
0x00007ffeecba0000 - 0x00007ffeecbc7000 	C:\WINDOWS\System32\win32u.dll
0x00007ffeef520000 - 0x00007ffeef54f000 	C:\WINDOWS\System32\IMM32.DLL
0x00007ffee6dc0000 - 0x00007ffee6dcc000 	C:\Program Files\Microsoft\jdk-17.0.15.6-hotspot\bin\vcruntime140_1.dll
0x00007ffe7ef10000 - 0x00007ffe7ef9d000 	C:\Program Files\Microsoft\jdk-17.0.15.6-hotspot\bin\msvcp140.dll
0x00007ffe7d780000 - 0x00007ffe7e3f2000 	C:\Program Files\Microsoft\jdk-17.0.15.6-hotspot\bin\server\jvm.dll
0x00007ffeedcc0000 - 0x00007ffeedd74000 	C:\WINDOWS\System32\ADVAPI32.dll
0x00007ffeed7e0000 - 0x00007ffeed886000 	C:\WINDOWS\System32\sechost.dll
0x00007ffeed4e0000 - 0x00007ffeed5f8000 	C:\WINDOWS\System32\RPCRT4.dll
0x00007ffeedfa0000 - 0x00007ffeee014000 	C:\WINDOWS\System32\WS2_32.dll
0x00007ffeec540000 - 0x00007ffeec59e000 	C:\WINDOWS\SYSTEM32\POWRPROF.dll
0x00007ffee56e0000 - 0x00007ffee56eb000 	C:\WINDOWS\SYSTEM32\VERSION.dll
0x00007ffee51d0000 - 0x00007ffee5205000 	C:\WINDOWS\SYSTEM32\WINMM.dll
0x00007ffeec520000 - 0x00007ffeec534000 	C:\WINDOWS\SYSTEM32\UMPDC.dll
0x00007ffeeb490000 - 0x00007ffeeb4ab000 	C:\WINDOWS\SYSTEM32\kernel.appcore.dll
0x00007ffed3be0000 - 0x00007ffed3bea000 	C:\Program Files\Microsoft\jdk-17.0.15.6-hotspot\bin\jimage.dll
0x00007ffee1f30000 - 0x00007ffee2171000 	C:\WINDOWS\SYSTEM32\DBGHELP.DLL
0x00007ffeee330000 - 0x00007ffeee6b6000 	C:\WINDOWS\System32\combase.dll
0x00007ffeedbb0000 - 0x00007ffeedc90000 	C:\WINDOWS\System32\OLEAUT32.dll
0x00007ffed4a10000 - 0x00007ffed4a53000 	C:\WINDOWS\SYSTEM32\dbgcore.DLL
0x00007ffeecb00000 - 0x00007ffeecb99000 	C:\WINDOWS\System32\bcryptPrimitives.dll
0x00007ffee1b60000 - 0x00007ffee1b6e000 	C:\Program Files\Microsoft\jdk-17.0.15.6-hotspot\bin\instrument.dll
0x00007ffe7ea30000 - 0x00007ffe7ea55000 	C:\Program Files\Microsoft\jdk-17.0.15.6-hotspot\bin\java.dll
0x00007ffe7e950000 - 0x00007ffe7ea26000 	C:\Program Files\Microsoft\jdk-17.0.15.6-hotspot\bin\jsvml.dll
0x00007ffeee800000 - 0x00007ffeeef4a000 	C:\WINDOWS\System32\SHELL32.dll
0x00007ffeed080000 - 0x00007ffeed1f4000 	C:\WINDOWS\System32\wintypes.dll
0x00007ffeea370000 - 0x00007ffeeabcb000 	C:\WINDOWS\SYSTEM32\windows.storage.dll
0x00007ffeef3e0000 - 0x00007ffeef4d5000 	C:\WINDOWS\System32\SHCORE.dll
0x00007ffeedd80000 - 0x00007ffeeddea000 	C:\WINDOWS\System32\shlwapi.dll
0x00007ffeec600000 - 0x00007ffeec62f000 	C:\WINDOWS\SYSTEM32\profapi.dll
0x00007ffe81cb0000 - 0x00007ffe81cc8000 	C:\Program Files\Microsoft\jdk-17.0.15.6-hotspot\bin\zip.dll
0x00007ffe95ed0000 - 0x00007ffe95eea000 	C:\Program Files\Microsoft\jdk-17.0.15.6-hotspot\bin\net.dll
0x00007ffee53d0000 - 0x00007ffee54ee000 	C:\WINDOWS\SYSTEM32\WINHTTP.dll
0x00007ffeeba20000 - 0x00007ffeeba8a000 	C:\WINDOWS\system32\mswsock.dll
0x00007ffe87c50000 - 0x00007ffe87c66000 	C:\Program Files\Microsoft\jdk-17.0.15.6-hotspot\bin\nio.dll
0x00007ffeb71d0000 - 0x00007ffeb71e0000 	C:\Program Files\Microsoft\jdk-17.0.15.6-hotspot\bin\verify.dll
0x00007ffe88440000 - 0x00007ffe88467000 	C:\Users\HP\.gradle\native\1def1411415f61bf3af743bc5b6707747c0891f09f0c88961ee8f79bc544acac\windows-amd64\native-platform.dll
0x00007ffe7ea70000 - 0x00007ffe7eae8000 	C:\Users\HP\.gradle\native\0.2.7\x86_64-windows-gnu\gradle-fileevents.dll
0x00007ffea2300000 - 0x00007ffea230a000 	C:\Program Files\Microsoft\jdk-17.0.15.6-hotspot\bin\management.dll
0x00007ffea22f0000 - 0x00007ffea22fb000 	C:\Program Files\Microsoft\jdk-17.0.15.6-hotspot\bin\management_ext.dll
0x00007ffeef4e0000 - 0x00007ffeef4e8000 	C:\WINDOWS\System32\PSAPI.DLL
0x00007ffeeaf10000 - 0x00007ffeeaf43000 	C:\WINDOWS\SYSTEM32\IPHLPAPI.DLL
0x00007ffeee710000 - 0x00007ffeee71a000 	C:\WINDOWS\System32\NSI.dll
0x00007ffee56f0000 - 0x00007ffee570f000 	C:\WINDOWS\SYSTEM32\dhcpcsvc6.DLL
0x00007ffee51a0000 - 0x00007ffee51c5000 	C:\WINDOWS\SYSTEM32\dhcpcsvc.DLL
0x00007ffeeafb0000 - 0x00007ffeeb0d6000 	C:\WINDOWS\SYSTEM32\DNSAPI.dll
0x00007ffea22e0000 - 0x00007ffea22e9000 	C:\Program Files\Microsoft\jdk-17.0.15.6-hotspot\bin\extnet.dll
0x00007ffeebcd0000 - 0x00007ffeebceb000 	C:\WINDOWS\SYSTEM32\CRYPTSP.dll
0x00007ffeeb3f0000 - 0x00007ffeeb42b000 	C:\WINDOWS\system32\rsaenh.dll
0x00007ffeebac0000 - 0x00007ffeebaeb000 	C:\WINDOWS\SYSTEM32\USERENV.dll
0x00007ffeec5d0000 - 0x00007ffeec5f6000 	C:\WINDOWS\SYSTEM32\bcrypt.dll
0x00007ffeebcf0000 - 0x00007ffeebcfc000 	C:\WINDOWS\SYSTEM32\CRYPTBASE.dll
0x00007ffee1b50000 - 0x00007ffee1b5e000 	C:\Program Files\Microsoft\jdk-17.0.15.6-hotspot\bin\sunmscapi.dll
0x00007ffeec830000 - 0x00007ffeec9a7000 	C:\WINDOWS\System32\CRYPT32.dll
0x00007ffeebe70000 - 0x00007ffeebea0000 	C:\WINDOWS\SYSTEM32\ncrypt.dll
0x00007ffeebe20000 - 0x00007ffeebe5f000 	C:\WINDOWS\SYSTEM32\NTASN1.dll
0x00007ffed7cf0000 - 0x00007ffed7cf8000 	C:\WINDOWS\system32\wshunix.dll

dbghelp: loaded successfully - version: 4.0.5 - missing functions: none
symbol engine: initialized successfully - sym options: 0x614 - pdb path: .;C:\Program Files\Microsoft\jdk-17.0.15.6-hotspot\bin;C:\WINDOWS\SYSTEM32;C:\WINDOWS\WinSxS\amd64_microsoft.windows.common-controls_6595b64144ccf1df_6.0.26100.4484_none_3e0e6d4ce32ef3b3;C:\Program Files\Microsoft\jdk-17.0.15.6-hotspot\bin\server;C:\Users\HP\.gradle\native\1def1411415f61bf3af743bc5b6707747c0891f09f0c88961ee8f79bc544acac\windows-amd64;C:\Users\HP\.gradle\native\0.2.7\x86_64-windows-gnu

VM Arguments:
jvm_args: --add-opens=java.base/java.lang=ALL-UNNAMED --add-opens=java.base/java.lang.invoke=ALL-UNNAMED --add-opens=java.base/java.util=ALL-UNNAMED --add-opens=java.prefs/java.util.prefs=ALL-UNNAMED --add-exports=jdk.compiler/com.sun.tools.javac.api=ALL-UNNAMED --add-exports=jdk.compiler/com.sun.tools.javac.util=ALL-UNNAMED --add-opens=java.base/java.util=ALL-UNNAMED --add-opens=java.prefs/java.util.prefs=ALL-UNNAMED --add-opens=java.base/java.nio.charset=ALL-UNNAMED --add-opens=java.base/java.net=ALL-UNNAMED --add-opens=java.base/java.util.concurrent.atomic=ALL-UNNAMED --add-opens=java.xml/javax.xml.namespace=ALL-UNNAMED -XX:MaxMetaspaceSize=512m -Xmx2048m -Dfile.encoding=windows-1252 -Duser.country=US -Duser.language=en -Duser.variant -javaagent:C:\Users\HP\.gradle\wrapper\dists\gradle-8.14.1-bin\baw1sv0jfoi8rxs14qo3h49cs\gradle-8.14.1\lib\agents\gradle-instrumentation-agent-8.14.1.jar 
java_command: org.gradle.launcher.daemon.bootstrap.GradleDaemon 8.14.1
java_class_path (initial): C:\Users\HP\.gradle\wrapper\dists\gradle-8.14.1-bin\baw1sv0jfoi8rxs14qo3h49cs\gradle-8.14.1\lib\gradle-daemon-main-8.14.1.jar
Launcher Type: SUN_STANDARD

[Global flags]
     intx CICompilerCount                          = 4                                         {product} {ergonomic}
   size_t CompressedClassSpaceSize                 = 436207616                                 {product} {ergonomic}
     uint ConcGCThreads                            = 2                                         {product} {ergonomic}
     uint G1ConcRefinementThreads                  = 8                                         {product} {ergonomic}
   size_t G1HeapRegionSize                         = 1048576                                   {product} {ergonomic}
    uintx GCDrainStackTargetSize                   = 64                                        {product} {ergonomic}
   size_t InitialHeapSize                          = 100663296                                 {product} {ergonomic}
   size_t MarkStackSize                            = 4194304                                   {product} {ergonomic}
   size_t MaxHeapSize                              = 2147483648                                {product} {command line}
   size_t MaxMetaspaceSize                         = 536870912                                 {product} {command line}
   size_t MaxNewSize                               = 1287651328                                {product} {ergonomic}
   size_t MinHeapDeltaBytes                        = 1048576                                   {product} {ergonomic}
   size_t MinHeapSize                              = 8388608                                   {product} {ergonomic}
    uintx NonNMethodCodeHeapSize                   = 5839372                                {pd product} {ergonomic}
    uintx NonProfiledCodeHeapSize                  = 122909434                              {pd product} {ergonomic}
    uintx ProfiledCodeHeapSize                     = 122909434                              {pd product} {ergonomic}
    uintx ReservedCodeCacheSize                    = 251658240                              {pd product} {ergonomic}
     bool SegmentedCodeCache                       = true                                      {product} {ergonomic}
   size_t SoftMaxHeapSize                          = 2147483648                             {manageable} {ergonomic}
     bool UseCompressedClassPointers               = true                           {product lp64_product} {ergonomic}
     bool UseCompressedOops                        = true                           {product lp64_product} {ergonomic}
     bool UseG1GC                                  = true                                      {product} {ergonomic}
     bool UseLargePagesIndividualAllocation        = false                                  {pd product} {ergonomic}

Logging:
Log output configuration:
 #0: stdout all=warning uptime,level,tags
 #1: stderr all=off uptime,level,tags

Environment Variables:
JAVA_HOME=C:\Program Files\Microsoft\jdk-17.0.15.6-hotspot
PATH=D:\Hisabkitab\node_modules\.bin;D:\Hisabkitab\node_modules\.bin;D:\node_modules\.bin;C:\Users\HP\AppData\Roaming\npm\node_modules\npm\node_modules\@npmcli\run-script\lib\node-gyp-bin;C:\Program Files\Microsoft\jdk-17.0.15.6-hotspot\bin;C:\Program Files\Common Files\Oracle\Java\javapath;C:\Program Files (x86)\Common Files\Oracle\Java\javapath;C:\Program Files\Python310\Scripts\;C:\Program Files\Python310\;C:\WINDOWS\system32;C:\WINDOWS;C:\WINDOWS\System32\Wbem;C:\WINDOWS\System32\WindowsPowerShell\v1.0\;C:\WINDOWS\System32\OpenSSH\;C:\Program Files (x86)\Microsoft SQL Server\160\Tools\Binn\;C:\Program Files\Microsoft SQL Server\160\Tools\Binn\;C:\Program Files\Microsoft SQL Server\Client SDK\ODBC\170\Tools\Binn\;C:\Program Files\Microsoft SQL Server\160\DTS\Binn\;C:\ProgramData\chocolatey\bin;C:\Program Files (x86)\Yarn\bin\;C:\Program Files\Git\cmd;C:\apache-maven-3.9.1\bin;C:\Program Files\Java\jdk-20\bin;C:\Users\HP\AppData\Roaming\Python\Python310\Scripts;C:\MinGW\bin;C:\Program Files\Android\Android Studio1\bin;C:\Users\HP\AppData\Local\Android\Sdk\platform-tools;C:\composer;C:\Program Files\nodejs\;C:\Program Files\Microsoft\jdk-17.0.15.6-hotspot\bin;C:\Users\HP\AppData\Local\Microsoft\WindowsApps;C:\Users\HP\AppData\Local\Programs\Microsoft VS Code\bin;C:\Users\HP\AppData\Local\Yarn\bin;C:\Users\HP\AppData\Local\GitHubDesktop\bin;C:\Program Files\JetBrains\IntelliJ IDEA Community Edition 2023.1.1\bin;;C:\Program Files\Android\Android Studio1\bin;C:\wamp64\bin\php\php8.1.31;C:\Users\HP\AppData\Roaming\Composer\vendor\bin;C:\Users\HP\AppData\Roaming\npm;C:\Program Files\Microsoft\jdk-17.0.15.6-hotspot\bin;
USERNAME=HP
LANG=en_US.UTF-8
OS=Windows_NT
PROCESSOR_IDENTIFIER=AMD64 Family 23 Model 24 Stepping 1, AuthenticAMD
TMP=C:\Users\HP\AppData\Local\Temp
TEMP=C:\Users\HP\AppData\Local\Temp



Periodic native trim disabled


---------------  S Y S T E M  ---------------

OS:
 Windows 11 , 64 bit Build 26100 (10.0.26100.4484)
OS uptime: 5 days 6:08 hours

CPU: total 8 (initial active 8) (8 cores per cpu, 2 threads per core) family 23 model 24 stepping 1 microcode 0x8108109, cx8, cmov, fxsr, ht, mmx, 3dnowpref, sse, sse2, sse3, ssse3, sse4a, sse4.1, sse4.2, popcnt, lzcnt, tsc, tscinvbit, avx, avx2, aes, clmul, bmi1, bmi2, adx, sha, fma, vzeroupper, clflush, clflushopt
Processor Information for the first 8 processors :
  Max Mhz: 2100, Current Mhz: 2100, Mhz Limit: 2100

Memory: 4k page, system-wide physical 6017M (410M free)
TotalPageFile size 24449M (AvailPageFile size 61M)
current process WorkingSet (physical memory assigned to process): 371M, peak: 446M
current process commit charge ("private bytes"): 666M, peak: 768M

vm_info: OpenJDK 64-Bit Server VM (17.0.15+6-LTS) for windows-amd64 JRE (17.0.15+6-LTS), built on Apr  9 2025 22:27:25 by "MicrosoftCorporation" with unknown MS VC++:1939

END.
