#
# There is insufficient memory for the Java Runtime Environment to continue.
# Native memory allocation (malloc) failed to allocate 1066096 bytes. Error detail: Chunk::new
# Possible reasons:
#   The system is out of physical RAM or swap space
#   This process is running with CompressedOops enabled, and the Java Heap may be blocking the growth of the native heap
# Possible solutions:
#   Reduce memory load on the system
#   Increase physical memory or swap space
#   Check if swap backing store is full
#   Decrease Java heap size (-Xmx/-Xms)
#   Decrease number of Java threads
#   Decrease Java thread stack sizes (-Xss)
#   Set larger code cache with -XX:ReservedCodeCacheSize=
#   JVM is running with Unscaled Compressed Oops mode in which the Java heap is
#     placed in the first 4GB address space. The Java Heap base address is the
#     maximum limit for the native heap growth. Please use -XX:HeapBaseMinAddress
#     to set the Java Heap base and to place the Java Heap above 4GB virtual address.
# This output file may be truncated or incomplete.
#
#  Out of Memory Error (arena.cpp:191), pid=21628, tid=12252
#
# JRE version: OpenJDK Runtime Environment Microsoft-11369865 (17.0.15+6) (build 17.0.15+6-LTS)
# Java VM: OpenJDK 64-Bit Server VM Microsoft-11369865 (17.0.15+6-LTS, mixed mode, sharing, tiered, compressed oops, compressed class ptrs, g1 gc, windows-amd64)
# No core dump will be written. Minidumps are not enabled by default on client versions of Windows
#

---------------  S U M M A R Y ------------

Command Line: --add-opens=java.base/java.lang=ALL-UNNAMED --add-opens=java.base/java.lang.invoke=ALL-UNNAMED --add-opens=java.base/java.util=ALL-UNNAMED --add-opens=java.prefs/java.util.prefs=ALL-UNNAMED --add-exports=jdk.compiler/com.sun.tools.javac.api=ALL-UNNAMED --add-exports=jdk.compiler/com.sun.tools.javac.util=ALL-UNNAMED --add-opens=java.base/java.util=ALL-UNNAMED --add-opens=java.prefs/java.util.prefs=ALL-UNNAMED --add-opens=java.base/java.nio.charset=ALL-UNNAMED --add-opens=java.base/java.net=ALL-UNNAMED --add-opens=java.base/java.util.concurrent.atomic=ALL-UNNAMED --add-opens=java.xml/javax.xml.namespace=ALL-UNNAMED -XX:MaxMetaspaceSize=512m -Xmx2048m -Dfile.encoding=windows-1252 -Duser.country=US -Duser.language=en -Duser.variant -javaagent:C:\Users\HP\.gradle\wrapper\dists\gradle-8.14.1-bin\baw1sv0jfoi8rxs14qo3h49cs\gradle-8.14.1\lib\agents\gradle-instrumentation-agent-8.14.1.jar org.gradle.launcher.daemon.bootstrap.GradleDaemon 8.14.1

Host: AMD Ryzen 5 3500U with Radeon Vega Mobile Gfx  , 8 cores, 5G,  Windows 11 , 64 bit Build 26100 (10.0.26100.4484)
Time: Sat Jul 19 00:46:45 2025 India Standard Time elapsed time: 135.857093 seconds (0d 0h 2m 15s)

---------------  T H R E A D  ---------------

Current thread (0x000001b5e05a56c0):  JavaThread "C2 CompilerThread1" daemon [_thread_in_native, id=12252, stack(0x00000040c8600000,0x00000040c8700000)]


Current CompileTask:
C2: 135857 29465   !   4       java.nio.file.FileTreeWalker::visit (204 bytes)

Stack: [0x00000040c8600000,0x00000040c8700000]
Native frames: (J=compiled Java code, j=interpreted, Vv=VM code, C=native code)
V  [jvm.dll+0x6887a9]
V  [jvm.dll+0x83f5a8]
V  [jvm.dll+0x841053]
V  [jvm.dll+0x8416c3]
V  [jvm.dll+0x2496ef]
V  [jvm.dll+0xad134]
V  [jvm.dll+0xad7cc]
V  [jvm.dll+0x36aedf]
V  [jvm.dll+0x1bce62]
V  [jvm.dll+0x21aa7c]
V  [jvm.dll+0x219d3f]
V  [jvm.dll+0x1a55f6]
V  [jvm.dll+0x22a39a]
V  [jvm.dll+0x2284db]
V  [jvm.dll+0x7f4e28]
V  [jvm.dll+0x7ef2dc]
V  [jvm.dll+0x687687]
C  [ucrtbase.dll+0x37b0]
C  [KERNEL32.DLL+0x2e8d7]
C  [ntdll.dll+0x3c34c]


---------------  P R O C E S S  ---------------

Threads class SMR info:
_java_thread_list=0x000001b5e1f33170, length=177, elements={
0x000001b597141ca0, 0x000001b5b4f91bf0, 0x000001b5b4f936d0, 0x000001b5b4faa960,
0x000001b5b4fad340, 0x000001b5b4fafc20, 0x000001b5b4fb04f0, 0x000001b5b4fb51c0,
0x000001b5b4fc1fa0, 0x000001b5b5660090, 0x000001b5b5739e70, 0x000001b5b5739960,
0x000001b5b5739450, 0x000001b5b573a890, 0x000001b5b573ada0, 0x000001b5b5738f40,
0x000001b5b573b2b0, 0x000001b5b573c1e0, 0x000001b5b5738a30, 0x000001b5b573b7c0,
0x000001b5b573bcd0, 0x000001b5d6960010, 0x000001b5d6960f40, 0x000001b5d6961450,
0x000001b5d6961960, 0x000001b5d6960520, 0x000001b5d6960a30, 0x000001b5d6961e70,
0x000001b5d6962890, 0x000001b5d6965b30, 0x000001b5d69637c0, 0x000001b5d6966040,
0x000001b5d6963cd0, 0x000001b5d69641e0, 0x000001b5d6966550, 0x000001b5d6964c00,
0x000001b5d6965110, 0x000001b5d7dc3e40, 0x000001b5d7dc4860, 0x000001b5d7dc4350,
0x000001b5d7dc1ad0, 0x000001b5d7dc3420, 0x000001b5d7dc15c0, 0x000001b5d7dc10b0,
0x000001b5d7dc4d70, 0x000001b5d7dc2f10, 0x000001b5d7dc5280, 0x000001b5d7dc1fe0,
0x000001b5d7dc24f0, 0x000001b5d7dc66c0, 0x000001b5d7dc5790, 0x000001b5d7dc5ca0,
0x000001b5d7dc61b0, 0x000001b5d7dc6bd0, 0x000001b5d7dc70e0, 0x000001b5d7dc3930,
0x000001b5d7dc7b00, 0x000001b5d7dc8520, 0x000001b5d7dc75f0, 0x000001b5d7dc8a30,
0x000001b5d7dc8010, 0x000001b5d8344550, 0x000001b5d8345480, 0x000001b5d8344f70,
0x000001b5d8347d00, 0x000001b5d8345ea0, 0x000001b5d83463b0, 0x000001b5d83472e0,
0x000001b5d8346dd0, 0x000001b5d83468c0, 0x000001b5d834b4b0, 0x000001b5d8348c30,
0x000001b5d8349140, 0x000001b5d8349b60, 0x000001b5d8349650, 0x000001b5d834afa0,
0x000001b5d834a070, 0x000001b5d834a580, 0x000001b5d834aa90, 0x000001b5d59a9a60,
0x000001b5d59a71e0, 0x000001b5d59a9f70, 0x000001b5d59a8620, 0x000001b5d59a9550,
0x000001b5d59a76f0, 0x000001b5d59a8110, 0x000001b5d59a8b30, 0x000001b5d59a7c00,
0x000001b5d59a9040, 0x000001b5d59aa480, 0x000001b5d59a6cd0, 0x000001b5d59ab8c0,
0x000001b5d59ad210, 0x000001b5d59adc30, 0x000001b5d59acd00, 0x000001b5d59ab3b0,
0x000001b5d59ae140, 0x000001b5d59ad720, 0x000001b5d59aa990, 0x000001b5d59ae650,
0x000001b5d59abdd0, 0x000001b5d59aaea0, 0x000001b5d59ac2e0, 0x000001b5d59ac7f0,
0x000001b5d9d4fe50, 0x000001b5d9d53600, 0x000001b5d9d52be0, 0x000001b5d9d51cb0,
0x000001b5d9d521c0, 0x000001b5d9d50d80, 0x000001b5d9d50360, 0x000001b5d9d54020,
0x000001b5d9d530f0, 0x000001b5d9d51290, 0x000001b5d9d517a0, 0x000001b5d9d526d0,
0x000001b5d9d53b10, 0x000001b5d9d50870, 0x000001b5d9d54530, 0x000001b5d9d56db0,
0x000001b5d9d54a40, 0x000001b5d9d54f50, 0x000001b5d9d568a0, 0x000001b5d9d56390,
0x000001b5d9d55970, 0x000001b5d9d55e80, 0x000001b5d9d572c0, 0x000001b5d9d577d0,
0x000001b5d9d55460, 0x000001b5d9caa1d0, 0x000001b5d9caa6e0, 0x000001b5d9caabf0,
0x000001b5d9ca8370, 0x000001b5d9cab100, 0x000001b5d9ca8d90, 0x000001b5d9cabb20,
0x000001b5d9cac030, 0x000001b5d9caca50, 0x000001b5d9cacf60, 0x000001b5d9cae3a0,
0x000001b5d9cad980, 0x000001b5d8ba1060, 0x000001b5d8ba1a80, 0x000001b5daadab50,
0x000001b5df93f0e0, 0x000001b5e0af8780, 0x000001b5d8ba1f90, 0x000001b5e1e229c0,
0x000001b5e0af8c90, 0x000001b5dfb240b0, 0x000001b5dfb22760, 0x000001b5dfb21830,
0x000001b5dfb23690, 0x000001b5dfb22250, 0x000001b5dfb23ba0, 0x000001b5dfb21d40,
0x000001b5dfb245c0, 0x000001b5d70bd430, 0x000001b5df942da0, 0x000001b5df93f5f0,
0x000001b5e27dfed0, 0x000001b5e27e03e0, 0x000001b5daada640, 0x000001b5e1e24820,
0x000001b5df941960, 0x000001b5e2da00a0, 0x000001b5e2d9c8f0, 0x000001b5e2d9ce00,
0x000001b5e2d9d310, 0x000001b5e27e08f0, 0x000001b5e27e0e00, 0x000001b5daadb060,
0x000001b5dfbbc070, 0x000001b5e38f49b0, 0x000001b5daadb570, 0x000001b5e27e1820,
0x000001b5e05a56c0
}

Java Threads: ( => current thread )
  0x000001b597141ca0 JavaThread "main" [_thread_blocked, id=13588, stack(0x00000040c8900000,0x00000040c8a00000)]
  0x000001b5b4f91bf0 JavaThread "Reference Handler" daemon [_thread_blocked, id=19648, stack(0x00000040c9000000,0x00000040c9100000)]
  0x000001b5b4f936d0 JavaThread "Finalizer" daemon [_thread_blocked, id=6200, stack(0x00000040c9100000,0x00000040c9200000)]
  0x000001b5b4faa960 JavaThread "Signal Dispatcher" daemon [_thread_blocked, id=15836, stack(0x00000040c9200000,0x00000040c9300000)]
  0x000001b5b4fad340 JavaThread "Attach Listener" daemon [_thread_blocked, id=19692, stack(0x00000040c9300000,0x00000040c9400000)]
  0x000001b5b4fafc20 JavaThread "Service Thread" daemon [_thread_blocked, id=18104, stack(0x00000040c9400000,0x00000040c9500000)]
  0x000001b5b4fb04f0 JavaThread "Monitor Deflation Thread" daemon [_thread_blocked, id=19668, stack(0x00000040c9500000,0x00000040c9600000)]
  0x000001b5b4fb51c0 JavaThread "C2 CompilerThread0" daemon [_thread_in_native, id=3484, stack(0x00000040c9600000,0x00000040c9700000)]
  0x000001b5b4fc1fa0 JavaThread "C1 CompilerThread0" daemon [_thread_blocked, id=20644, stack(0x00000040c9700000,0x00000040c9800000)]
  0x000001b5b5660090 JavaThread "Sweeper thread" daemon [_thread_blocked, id=10712, stack(0x00000040c9800000,0x00000040c9900000)]
  0x000001b5b5739e70 JavaThread "Common-Cleaner" daemon [_thread_blocked, id=20124, stack(0x00000040c9900000,0x00000040c9a00000)]
  0x000001b5b5739960 JavaThread "Notification Thread" daemon [_thread_blocked, id=6320, stack(0x00000040c9a00000,0x00000040c9b00000)]
  0x000001b5b5739450 JavaThread "Daemon health stats" [_thread_blocked, id=6336, stack(0x00000040ca000000,0x00000040ca100000)]
  0x000001b5b573a890 JavaThread "Incoming local TCP Connector on port 53184" [_thread_in_native, id=3080, stack(0x00000040ca100000,0x00000040ca200000)]
  0x000001b5b573ada0 JavaThread "Daemon periodic checks" [_thread_blocked, id=7492, stack(0x00000040ca200000,0x00000040ca300000)]
  0x000001b5b5738f40 JavaThread "Daemon" [_thread_blocked, id=18420, stack(0x00000040ca300000,0x00000040ca400000)]
  0x000001b5b573b2b0 JavaThread "Handler for socket connection from /127.0.0.1:53184 to /127.0.0.1:53185" [_thread_in_native, id=5180, stack(0x00000040ca400000,0x00000040ca500000)]
  0x000001b5b573c1e0 JavaThread "Cancel handler" [_thread_blocked, id=19228, stack(0x00000040ca500000,0x00000040ca600000)]
  0x000001b5b5738a30 JavaThread "Daemon worker" [_thread_blocked, id=19892, stack(0x00000040ca600000,0x00000040ca700000)]
  0x000001b5b573b7c0 JavaThread "Asynchronous log dispatcher for DefaultDaemonConnection: socket connection from /127.0.0.1:53184 to /127.0.0.1:53185" [_thread_blocked, id=1428, stack(0x00000040ca700000,0x00000040ca800000)]
  0x000001b5b573bcd0 JavaThread "Stdin handler" [_thread_blocked, id=6148, stack(0x00000040ca800000,0x00000040ca900000)]
  0x000001b5d6960010 JavaThread "Daemon client event forwarder" [_thread_blocked, id=1148, stack(0x00000040ca900000,0x00000040caa00000)]
  0x000001b5d6960f40 JavaThread "Cache worker for journal cache (C:\Users\HP\.gradle\caches\journal-1)" [_thread_blocked, id=18780, stack(0x00000040cad00000,0x00000040cae00000)]
  0x000001b5d6961450 JavaThread "File lock request listener" [_thread_in_native, id=20428, stack(0x00000040cae00000,0x00000040caf00000)]
  0x000001b5d6961960 JavaThread "Cache worker for file hash cache (C:\Users\HP\.gradle\caches\8.14.1\fileHashes)" [_thread_blocked, id=7720, stack(0x00000040caf00000,0x00000040cb000000)]
  0x000001b5d6960520 JavaThread "Cache worker for file hash cache (D:\Hisabkitab\android\.gradle\8.14.1\fileHashes)" [_thread_blocked, id=19508, stack(0x00000040cb000000,0x00000040cb100000)]
  0x000001b5d6960a30 JavaThread "Cache worker for Build Output Cleanup Cache (D:\Hisabkitab\android\.gradle\buildOutputCleanup)" [_thread_blocked, id=18156, stack(0x00000040cb100000,0x00000040cb200000)]
  0x000001b5d6961e70 JavaThread "File watcher server" daemon [_thread_in_native, id=20260, stack(0x00000040cb300000,0x00000040cb400000)]
  0x000001b5d6962890 JavaThread "File watcher consumer" daemon [_thread_blocked, id=20952, stack(0x00000040cb400000,0x00000040cb500000)]
  0x000001b5d6965b30 JavaThread "jar transforms" [_thread_blocked, id=20408, stack(0x00000040cb600000,0x00000040cb700000)]
  0x000001b5d69637c0 JavaThread "Cache worker for checksums cache (D:\Hisabkitab\android\.gradle\8.14.1\checksums)" [_thread_blocked, id=5140, stack(0x00000040cb700000,0x00000040cb800000)]
  0x000001b5d6966040 JavaThread "Cache worker for file content cache (C:\Users\HP\.gradle\caches\8.14.1\fileContent)" [_thread_blocked, id=17892, stack(0x00000040cb800000,0x00000040cb900000)]
  0x000001b5d6963cd0 JavaThread "Cache worker for cache directory md-supplier (C:\Users\HP\.gradle\caches\8.14.1\md-supplier)" [_thread_blocked, id=14344, stack(0x00000040cb900000,0x00000040cba00000)]
  0x000001b5d69641e0 JavaThread "Cache worker for cache directory md-rule (C:\Users\HP\.gradle\caches\8.14.1\md-rule)" [_thread_blocked, id=19248, stack(0x00000040cba00000,0x00000040cbb00000)]
  0x000001b5d6966550 JavaThread "Cache worker for Build Output Cleanup Cache (D:\Hisabkitab\node_modules\@react-native\gradle-plugin\.gradle\buildOutputCleanup)" [_thread_blocked, id=20596, stack(0x00000040cbb00000,0x00000040cbc00000)]
  0x000001b5d6964c00 JavaThread "Unconstrained build operations" [_thread_blocked, id=22180, stack(0x00000040cbc00000,0x00000040cbd00000)]
  0x000001b5d6965110 JavaThread "Unconstrained build operations Thread 2" [_thread_blocked, id=20400, stack(0x00000040cbd00000,0x00000040cbe00000)]
  0x000001b5d7dc3e40 JavaThread "Unconstrained build operations Thread 3" [_thread_blocked, id=1632, stack(0x00000040cbe00000,0x00000040cbf00000)]
  0x000001b5d7dc4860 JavaThread "Unconstrained build operations Thread 4" [_thread_blocked, id=21696, stack(0x00000040cbf00000,0x00000040cc000000)]
  0x000001b5d7dc4350 JavaThread "Unconstrained build operations Thread 5" [_thread_blocked, id=7748, stack(0x00000040cc000000,0x00000040cc100000)]
  0x000001b5d7dc1ad0 JavaThread "Unconstrained build operations Thread 6" [_thread_blocked, id=10580, stack(0x00000040cc100000,0x00000040cc200000)]
  0x000001b5d7dc3420 JavaThread "Unconstrained build operations Thread 7" [_thread_blocked, id=22096, stack(0x00000040cc300000,0x00000040cc400000)]
  0x000001b5d7dc15c0 JavaThread "Unconstrained build operations Thread 8" [_thread_blocked, id=21620, stack(0x00000040cc400000,0x00000040cc500000)]
  0x000001b5d7dc10b0 JavaThread "Unconstrained build operations Thread 9" [_thread_blocked, id=20388, stack(0x00000040cc500000,0x00000040cc600000)]
  0x000001b5d7dc4d70 JavaThread "Unconstrained build operations Thread 10" [_thread_blocked, id=19480, stack(0x00000040cc600000,0x00000040cc700000)]
  0x000001b5d7dc2f10 JavaThread "Unconstrained build operations Thread 11" [_thread_blocked, id=21116, stack(0x00000040cc700000,0x00000040cc800000)]
  0x000001b5d7dc5280 JavaThread "Unconstrained build operations Thread 12" [_thread_blocked, id=21196, stack(0x00000040cc800000,0x00000040cc900000)]
  0x000001b5d7dc1fe0 JavaThread "Unconstrained build operations Thread 13" [_thread_blocked, id=17560, stack(0x00000040cc900000,0x00000040cca00000)]
  0x000001b5d7dc24f0 JavaThread "Unconstrained build operations Thread 14" [_thread_blocked, id=13592, stack(0x00000040cca00000,0x00000040ccb00000)]
  0x000001b5d7dc66c0 JavaThread "Unconstrained build operations Thread 15" [_thread_blocked, id=17996, stack(0x00000040ccb00000,0x00000040ccc00000)]
  0x000001b5d7dc5790 JavaThread "Unconstrained build operations Thread 16" [_thread_blocked, id=20716, stack(0x00000040ccc00000,0x00000040ccd00000)]
  0x000001b5d7dc5ca0 JavaThread "Unconstrained build operations Thread 17" [_thread_blocked, id=20996, stack(0x00000040ccd00000,0x00000040cce00000)]
  0x000001b5d7dc61b0 JavaThread "Unconstrained build operations Thread 18" [_thread_blocked, id=3448, stack(0x00000040cce00000,0x00000040ccf00000)]
  0x000001b5d7dc6bd0 JavaThread "Unconstrained build operations Thread 19" [_thread_blocked, id=20096, stack(0x00000040ccf00000,0x00000040cd000000)]
  0x000001b5d7dc70e0 JavaThread "Unconstrained build operations Thread 20" [_thread_blocked, id=18084, stack(0x00000040cd000000,0x00000040cd100000)]
  0x000001b5d7dc3930 JavaThread "Unconstrained build operations Thread 21" [_thread_blocked, id=20560, stack(0x00000040cd100000,0x00000040cd200000)]
  0x000001b5d7dc7b00 JavaThread "Unconstrained build operations Thread 22" [_thread_blocked, id=22144, stack(0x00000040cd200000,0x00000040cd300000)]
  0x000001b5d7dc8520 JavaThread "Unconstrained build operations Thread 23" [_thread_blocked, id=2520, stack(0x00000040cd300000,0x00000040cd400000)]
  0x000001b5d7dc75f0 JavaThread "Unconstrained build operations Thread 24" [_thread_blocked, id=6656, stack(0x00000040cd400000,0x00000040cd500000)]
  0x000001b5d7dc8a30 JavaThread "Unconstrained build operations Thread 25" [_thread_blocked, id=20812, stack(0x00000040cd500000,0x00000040cd600000)]
  0x000001b5d7dc8010 JavaThread "Unconstrained build operations Thread 26" [_thread_blocked, id=4220, stack(0x00000040cd600000,0x00000040cd700000)]
  0x000001b5d8344550 JavaThread "Unconstrained build operations Thread 27" [_thread_blocked, id=19924, stack(0x00000040cd700000,0x00000040cd800000)]
  0x000001b5d8345480 JavaThread "build event listener" [_thread_blocked, id=20088, stack(0x00000040cd800000,0x00000040cd900000)]
  0x000001b5d8344f70 JavaThread "Memory manager" [_thread_blocked, id=21752, stack(0x00000040cd900000,0x00000040cda00000)]
  0x000001b5d8347d00 JavaThread "ForkJoinPool.commonPool-worker-1" daemon [_thread_blocked, id=22008, stack(0x00000040cda00000,0x00000040cdb00000)]
  0x000001b5d8345ea0 JavaThread "ForkJoinPool.commonPool-worker-2" daemon [_thread_blocked, id=20168, stack(0x00000040cdb00000,0x00000040cdc00000)]
  0x000001b5d83463b0 JavaThread "ForkJoinPool.commonPool-worker-4" daemon [_thread_blocked, id=7104, stack(0x00000040cdd00000,0x00000040cde00000)]
  0x000001b5d83472e0 JavaThread "ForkJoinPool.commonPool-worker-5" daemon [_thread_blocked, id=19576, stack(0x00000040cde00000,0x00000040cdf00000)]
  0x000001b5d8346dd0 JavaThread "ForkJoinPool.commonPool-worker-6" daemon [_thread_blocked, id=4764, stack(0x00000040cdf00000,0x00000040ce000000)]
  0x000001b5d83468c0 JavaThread "ForkJoinPool.commonPool-worker-7" daemon [_thread_blocked, id=344, stack(0x00000040ce000000,0x00000040ce100000)]
  0x000001b5d834b4b0 JavaThread "included builds" [_thread_in_Java, id=22292, stack(0x00000040cc200000,0x00000040cc300000)]
  0x000001b5d8348c30 JavaThread "Execution worker" [_thread_in_native, id=21668, stack(0x00000040ce400000,0x00000040ce500000)]
  0x000001b5d8349140 JavaThread "Execution worker Thread 2" [_thread_in_native, id=15572, stack(0x00000040ce500000,0x00000040ce600000)]
  0x000001b5d8349b60 JavaThread "Execution worker Thread 3" [_thread_in_Java, id=11596, stack(0x00000040ce600000,0x00000040ce700000)]
  0x000001b5d8349650 JavaThread "Execution worker Thread 4" [_thread_blocked, id=15772, stack(0x00000040ce700000,0x00000040ce800000)]
  0x000001b5d834afa0 JavaThread "Execution worker Thread 5" [_thread_in_Java, id=17688, stack(0x00000040ce800000,0x00000040ce900000)]
  0x000001b5d834a070 JavaThread "Execution worker Thread 6" [_thread_blocked, id=21540, stack(0x00000040ce900000,0x00000040cea00000)]
  0x000001b5d834a580 JavaThread "Execution worker Thread 7" [_thread_blocked, id=18896, stack(0x00000040cea00000,0x00000040ceb00000)]
  0x000001b5d834aa90 JavaThread "Cache worker for execution history cache (D:\Hisabkitab\node_modules\@react-native\gradle-plugin\.gradle\8.14.1\executionHistory)" [_thread_blocked, id=16620, stack(0x00000040ceb00000,0x00000040cec00000)]
  0x000001b5d59a9a60 JavaThread "Unconstrained build operations Thread 28" [_thread_blocked, id=9336, stack(0x00000040cec00000,0x00000040ced00000)]
  0x000001b5d59a71e0 JavaThread "Unconstrained build operations Thread 29" [_thread_blocked, id=5408, stack(0x00000040ced00000,0x00000040cee00000)]
  0x000001b5d59a9f70 JavaThread "Unconstrained build operations Thread 30" [_thread_blocked, id=15940, stack(0x00000040cee00000,0x00000040cef00000)]
  0x000001b5d59a8620 JavaThread "Unconstrained build operations Thread 31" [_thread_blocked, id=5200, stack(0x00000040cef00000,0x00000040cf000000)]
  0x000001b5d59a9550 JavaThread "Unconstrained build operations Thread 32" [_thread_blocked, id=9368, stack(0x00000040cf000000,0x00000040cf100000)]
  0x000001b5d59a76f0 JavaThread "Unconstrained build operations Thread 33" [_thread_in_native, id=6296, stack(0x00000040cf100000,0x00000040cf200000)]
  0x000001b5d59a8110 JavaThread "Unconstrained build operations Thread 34" [_thread_blocked, id=7692, stack(0x00000040cf200000,0x00000040cf300000)]
  0x000001b5d59a8b30 JavaThread "Unconstrained build operations Thread 35" [_thread_blocked, id=13612, stack(0x00000040cf300000,0x00000040cf400000)]
  0x000001b5d59a7c00 JavaThread "Unconstrained build operations Thread 36" [_thread_blocked, id=18668, stack(0x00000040cf400000,0x00000040cf500000)]
  0x000001b5d59a9040 JavaThread "Unconstrained build operations Thread 37" [_thread_blocked, id=12524, stack(0x00000040cf500000,0x00000040cf600000)]
  0x000001b5d59aa480 JavaThread "Unconstrained build operations Thread 38" [_thread_blocked, id=11068, stack(0x00000040cf600000,0x00000040cf700000)]
  0x000001b5d59a6cd0 JavaThread "Unconstrained build operations Thread 39" [_thread_blocked, id=16152, stack(0x00000040cf700000,0x00000040cf800000)]
  0x000001b5d59ab8c0 JavaThread "Unconstrained build operations Thread 40" [_thread_blocked, id=15636, stack(0x00000040cf800000,0x00000040cf900000)]
  0x000001b5d59ad210 JavaThread "Unconstrained build operations Thread 41" [_thread_blocked, id=13692, stack(0x00000040cf900000,0x00000040cfa00000)]
  0x000001b5d59adc30 JavaThread "Unconstrained build operations Thread 42" [_thread_blocked, id=14100, stack(0x00000040cfa00000,0x00000040cfb00000)]
  0x000001b5d59acd00 JavaThread "Unconstrained build operations Thread 43" [_thread_blocked, id=4952, stack(0x00000040cfb00000,0x00000040cfc00000)]
  0x000001b5d59ab3b0 JavaThread "Unconstrained build operations Thread 44" [_thread_blocked, id=16448, stack(0x00000040cfc00000,0x00000040cfd00000)]
  0x000001b5d59ae140 JavaThread "Unconstrained build operations Thread 45" [_thread_blocked, id=8472, stack(0x00000040cfd00000,0x00000040cfe00000)]
  0x000001b5d59ad720 JavaThread "Unconstrained build operations Thread 46" [_thread_blocked, id=14576, stack(0x00000040cfe00000,0x00000040cff00000)]
  0x000001b5d59aa990 JavaThread "Unconstrained build operations Thread 47" [_thread_blocked, id=20152, stack(0x00000040cff00000,0x00000040d0000000)]
  0x000001b5d59ae650 JavaThread "Unconstrained build operations Thread 48" [_thread_blocked, id=16288, stack(0x00000040d0000000,0x00000040d0100000)]
  0x000001b5d59abdd0 JavaThread "Unconstrained build operations Thread 49" [_thread_blocked, id=15876, stack(0x00000040d0100000,0x00000040d0200000)]
  0x000001b5d59aaea0 JavaThread "Unconstrained build operations Thread 50" [_thread_blocked, id=22440, stack(0x00000040d0200000,0x00000040d0300000)]
  0x000001b5d59ac2e0 JavaThread "Unconstrained build operations Thread 51" [_thread_blocked, id=19744, stack(0x00000040d0300000,0x00000040d0400000)]
  0x000001b5d59ac7f0 JavaThread "Unconstrained build operations Thread 52" [_thread_blocked, id=15824, stack(0x00000040d0400000,0x00000040d0500000)]
  0x000001b5d9d4fe50 JavaThread "Unconstrained build operations Thread 53" [_thread_blocked, id=22488, stack(0x00000040d0500000,0x00000040d0600000)]
  0x000001b5d9d53600 JavaThread "Unconstrained build operations Thread 54" [_thread_blocked, id=10532, stack(0x00000040d0600000,0x00000040d0700000)]
  0x000001b5d9d52be0 JavaThread "Unconstrained build operations Thread 55" [_thread_blocked, id=17664, stack(0x00000040d0700000,0x00000040d0800000)]
  0x000001b5d9d51cb0 JavaThread "Unconstrained build operations Thread 56" [_thread_blocked, id=18900, stack(0x00000040d0800000,0x00000040d0900000)]
  0x000001b5d9d521c0 JavaThread "Unconstrained build operations Thread 57" [_thread_blocked, id=6444, stack(0x00000040d0900000,0x00000040d0a00000)]
  0x000001b5d9d50d80 JavaThread "Unconstrained build operations Thread 58" [_thread_blocked, id=17532, stack(0x00000040d0a00000,0x00000040d0b00000)]
  0x000001b5d9d50360 JavaThread "Unconstrained build operations Thread 59" [_thread_blocked, id=21044, stack(0x00000040d0b00000,0x00000040d0c00000)]
  0x000001b5d9d54020 JavaThread "Unconstrained build operations Thread 60" [_thread_blocked, id=10800, stack(0x00000040d0c00000,0x00000040d0d00000)]
  0x000001b5d9d530f0 JavaThread "Unconstrained build operations Thread 61" [_thread_blocked, id=22412, stack(0x00000040d0d00000,0x00000040d0e00000)]
  0x000001b5d9d51290 JavaThread "Unconstrained build operations Thread 62" [_thread_blocked, id=7064, stack(0x00000040d0e00000,0x00000040d0f00000)]
  0x000001b5d9d517a0 JavaThread "Unconstrained build operations Thread 63" [_thread_blocked, id=3952, stack(0x00000040d0f00000,0x00000040d1000000)]
  0x000001b5d9d526d0 JavaThread "Unconstrained build operations Thread 64" [_thread_blocked, id=20084, stack(0x00000040d1000000,0x00000040d1100000)]
  0x000001b5d9d53b10 JavaThread "Unconstrained build operations Thread 65" [_thread_blocked, id=19628, stack(0x00000040d1100000,0x00000040d1200000)]
  0x000001b5d9d50870 JavaThread "Unconstrained build operations Thread 66" [_thread_blocked, id=19320, stack(0x00000040d1200000,0x00000040d1300000)]
  0x000001b5d9d54530 JavaThread "Unconstrained build operations Thread 67" [_thread_blocked, id=18880, stack(0x00000040d1300000,0x00000040d1400000)]
  0x000001b5d9d56db0 JavaThread "Unconstrained build operations Thread 68" [_thread_blocked, id=7992, stack(0x00000040d1400000,0x00000040d1500000)]
  0x000001b5d9d54a40 JavaThread "Unconstrained build operations Thread 69" [_thread_blocked, id=20624, stack(0x00000040d1500000,0x00000040d1600000)]
  0x000001b5d9d54f50 JavaThread "Unconstrained build operations Thread 70" [_thread_blocked, id=22140, stack(0x00000040d1600000,0x00000040d1700000)]
  0x000001b5d9d568a0 JavaThread "Unconstrained build operations Thread 71" [_thread_blocked, id=22280, stack(0x00000040d1700000,0x00000040d1800000)]
  0x000001b5d9d56390 JavaThread "Unconstrained build operations Thread 72" [_thread_blocked, id=21720, stack(0x00000040d1800000,0x00000040d1900000)]
  0x000001b5d9d55970 JavaThread "Unconstrained build operations Thread 73" [_thread_blocked, id=21724, stack(0x00000040d1900000,0x00000040d1a00000)]
  0x000001b5d9d55e80 JavaThread "Unconstrained build operations Thread 74" [_thread_blocked, id=14132, stack(0x00000040d1a00000,0x00000040d1b00000)]
  0x000001b5d9d572c0 JavaThread "Unconstrained build operations Thread 75" [_thread_blocked, id=18148, stack(0x00000040d1b00000,0x00000040d1c00000)]
  0x000001b5d9d577d0 JavaThread "Unconstrained build operations Thread 76" [_thread_blocked, id=21864, stack(0x00000040d1c00000,0x00000040d1d00000)]
  0x000001b5d9d55460 JavaThread "Unconstrained build operations Thread 77" [_thread_blocked, id=16748, stack(0x00000040d1d00000,0x00000040d1e00000)]
  0x000001b5d9caa1d0 JavaThread "jar transforms Thread 2" [_thread_blocked, id=4404, stack(0x00000040d1f00000,0x00000040d2000000)]
  0x000001b5d9caa6e0 JavaThread "jar transforms Thread 3" [_thread_blocked, id=21788, stack(0x00000040d2000000,0x00000040d2100000)]
  0x000001b5d9caabf0 JavaThread "Unconstrained build operations Thread 78" [_thread_blocked, id=22492, stack(0x00000040d2100000,0x00000040d2200000)]
  0x000001b5d9ca8370 JavaThread "Unconstrained build operations Thread 79" [_thread_blocked, id=21972, stack(0x00000040d2200000,0x00000040d2300000)]
  0x000001b5d9cab100 JavaThread "Unconstrained build operations Thread 80" [_thread_blocked, id=21984, stack(0x00000040d2300000,0x00000040d2400000)]
  0x000001b5d9ca8d90 JavaThread "jar transforms Thread 4" [_thread_blocked, id=18560, stack(0x00000040d2400000,0x00000040d2500000)]
  0x000001b5d9cabb20 JavaThread "jar transforms Thread 5" [_thread_blocked, id=17916, stack(0x00000040d2500000,0x00000040d2600000)]
  0x000001b5d9cac030 JavaThread "jar transforms Thread 6" [_thread_blocked, id=10072, stack(0x00000040d2600000,0x00000040d2700000)]
  0x000001b5d9caca50 JavaThread "Problems report writer" [_thread_blocked, id=12748, stack(0x00000040d2700000,0x00000040d2800000)]
  0x000001b5d9cacf60 JavaThread "build event listener" [_thread_blocked, id=15484, stack(0x00000040d1e00000,0x00000040d1f00000)]
  0x000001b5d9cae3a0 JavaThread "jar transforms Thread 7" [_thread_blocked, id=2560, stack(0x00000040d2800000,0x00000040d2900000)]
  0x000001b5d9cad980 JavaThread "jar transforms Thread 8" [_thread_blocked, id=22044, stack(0x00000040d2900000,0x00000040d2a00000)]
  0x000001b5d8ba1060 JavaThread "pool-3-thread-1" [_thread_blocked, id=20048, stack(0x00000040d2e00000,0x00000040d2f00000)]
  0x000001b5d8ba1a80 JavaThread "build event listener" [_thread_blocked, id=20236, stack(0x00000040d2f00000,0x00000040d3000000)]
  0x000001b5daadab50 JavaThread "Cache worker for execution history cache (D:\Hisabkitab\android\.gradle\8.14.1\executionHistory)" [_thread_blocked, id=21804, stack(0x00000040d3000000,0x00000040d3100000)]
  0x000001b5df93f0e0 JavaThread "WorkerExecutor Queue Thread 3" [_thread_in_native, id=3264, stack(0x00000040d3200000,0x00000040d3300000)]
  0x000001b5e0af8780 JavaThread "WorkerExecutor Queue Thread 4" [_thread_blocked, id=14624, stack(0x00000040d3400000,0x00000040d3500000)]
  0x000001b5d8ba1f90 JavaThread "WorkerExecutor Queue Thread 5" [_thread_in_native, id=20772, stack(0x00000040d3500000,0x00000040d3600000)]
  0x000001b5e1e229c0 JavaThread "WorkerExecutor Queue Thread 6" [_thread_blocked, id=6180, stack(0x00000040c8700000,0x00000040c8800000)]
  0x000001b5e0af8c90 JavaThread "WorkerExecutor Queue Thread 7" [_thread_blocked, id=12884, stack(0x00000040c8800000,0x00000040c8900000)]
  0x000001b5dfb240b0 JavaThread "Cache worker for Java compile cache (C:\Users\HP\.gradle\caches\8.14.1\javaCompile)" [_thread_blocked, id=11948, stack(0x00000040ce100000,0x00000040ce200000)]
  0x000001b5dfb22760 JavaThread "Build operations" [_thread_blocked, id=21032, stack(0x00000040ce200000,0x00000040ce300000)]
  0x000001b5dfb21830 JavaThread "Build operations Thread 2" [_thread_blocked, id=18164, stack(0x00000040ce300000,0x00000040ce400000)]
  0x000001b5dfb23690 JavaThread "Build operations Thread 3" [_thread_blocked, id=20316, stack(0x00000040d3700000,0x00000040d3800000)]
  0x000001b5dfb22250 JavaThread "Build operations Thread 4" [_thread_blocked, id=14664, stack(0x00000040d3800000,0x00000040d3900000)]
  0x000001b5dfb23ba0 JavaThread "Build operations Thread 5" [_thread_blocked, id=16872, stack(0x00000040d3e00000,0x00000040d3f00000)]
  0x000001b5dfb21d40 JavaThread "Build operations Thread 6" [_thread_blocked, id=20932, stack(0x00000040d3f00000,0x00000040d4000000)]
  0x000001b5dfb245c0 JavaThread "Build operations Thread 7" [_thread_blocked, id=20908, stack(0x00000040d4000000,0x00000040d4100000)]
  0x000001b5d70bd430 JavaThread "pool-4-thread-1" [_thread_blocked, id=18904, stack(0x00000040d4100000,0x00000040d4200000)]
  0x000001b5df942da0 JavaThread "stderr" [_thread_in_native, id=2856, stack(0x00000040d4300000,0x00000040d4400000)]
  0x000001b5df93f5f0 JavaThread "stdout" [_thread_in_native, id=20708, stack(0x00000040d4400000,0x00000040d4500000)]
  0x000001b5e27dfed0 JavaThread "Build operations Thread 8" [_thread_blocked, id=8336, stack(0x00000040d4200000,0x00000040d4300000)]
  0x000001b5e27e03e0 JavaThread "RMI Scheduler(0)" daemon [_thread_blocked, id=13796, stack(0x00000040d4600000,0x00000040d4700000)]
  0x000001b5daada640 JavaThread "RMI RenewClean-[127.0.0.1:17038,org.jetbrains.kotlin.daemon.common.LoopbackNetworkInterface$ClientLoopbackSocketFactory@5975218f]" daemon [_thread_blocked, id=18620, stack(0x00000040d4700000,0x00000040d4800000)]
  0x000001b5e1e24820 JavaThread "RMI GC Daemon" daemon [_thread_blocked, id=11628, stack(0x00000040d4800000,0x00000040d4900000)]
  0x000001b5df941960 JavaThread "RMI RenewClean-[127.0.0.1:17038,org.jetbrains.kotlin.daemon.common.LoopbackNetworkInterface$ClientLoopbackSocketFactory@6717f411]" daemon [_thread_blocked, id=13556, stack(0x00000040d4900000,0x00000040d4a00000)]
  0x000001b5e2da00a0 JavaThread "RMI TCP Accept-0" daemon [_thread_in_native, id=15916, stack(0x00000040d4a00000,0x00000040d4b00000)]
  0x000001b5e2d9c8f0 JavaThread "RMI Reaper" [_thread_blocked, id=22256, stack(0x00000040d4b00000,0x00000040d4c00000)]
  0x000001b5e2d9ce00 JavaThread "RMI TCP Connection(6)-127.0.0.1" daemon [_thread_in_native, id=20252, stack(0x00000040d4c00000,0x00000040d4d00000)]
  0x000001b5e2d9d310 JavaThread "RMI TCP Connection(idle)" daemon [_thread_blocked, id=13400, stack(0x00000040d4d00000,0x00000040d4e00000)]
  0x000001b5e27e08f0 JavaThread "RMI RenewClean-[127.0.0.1:17038,org.jetbrains.kotlin.daemon.common.LoopbackNetworkInterface$ClientLoopbackSocketFactory@44d2369d]" daemon [_thread_blocked, id=16436, stack(0x00000040d4e00000,0x00000040d4f00000)]
  0x000001b5e27e0e00 JavaThread "RMI TCP Connection(idle)" daemon [_thread_blocked, id=17852, stack(0x00000040d4f00000,0x00000040d5000000)]
  0x000001b5daadb060 JavaThread "RMI RenewClean-[127.0.0.1:17038,org.jetbrains.kotlin.daemon.common.LoopbackNetworkInterface$ClientLoopbackSocketFactory@80abbfe]" daemon [_thread_blocked, id=16804, stack(0x00000040d5000000,0x00000040d5100000)]
  0x000001b5dfbbc070 JavaThread "RMI TCP Connection(idle)" daemon [_thread_blocked, id=5744, stack(0x00000040d5100000,0x00000040d5200000)]
  0x000001b5e38f49b0 JavaThread "WorkerExecutor Queue Thread 10" [_thread_blocked, id=19528, stack(0x00000040d4500000,0x00000040d4600000)]
  0x000001b5daadb570 JavaThread "WorkerExecutor Queue Thread 12" [_thread_blocked, id=19820, stack(0x00000040d3300000,0x00000040d3400000)]
  0x000001b5e27e1820 JavaThread "WorkerExecutor Queue Thread 13" [_thread_blocked, id=5100, stack(0x00000040d2a00000,0x00000040d2b00000)]
=>0x000001b5e05a56c0 JavaThread "C2 CompilerThread1" daemon [_thread_in_native, id=12252, stack(0x00000040c8600000,0x00000040c8700000)]

Other Threads:
  0x000001b5b4f8cc00 VMThread "VM Thread" [stack: 0x00000040c8f00000,0x00000040c9000000] [id=11212]
  0x000001b5b57dc9f0 WatcherThread [stack: 0x00000040c9b00000,0x00000040c9c00000] [id=16480]
  0x000001b59719ef20 GCTaskThread "GC Thread#0" [stack: 0x00000040c8a00000,0x00000040c8b00000] [id=9768]
  0x000001b5d5260a60 GCTaskThread "GC Thread#1" [stack: 0x00000040c9c00000,0x00000040c9d00000] [id=3500]
  0x000001b5d515ac50 GCTaskThread "GC Thread#2" [stack: 0x00000040c9d00000,0x00000040c9e00000] [id=21708]
  0x000001b5d57aa260 GCTaskThread "GC Thread#3" [stack: 0x00000040c9e00000,0x00000040c9f00000] [id=15372]
  0x000001b5d579af20 GCTaskThread "GC Thread#4" [stack: 0x00000040c9f00000,0x00000040ca000000] [id=15684]
  0x000001b5d6b5d8c0 GCTaskThread "GC Thread#5" [stack: 0x00000040caa00000,0x00000040cab00000] [id=8580]
  0x000001b5d6b5fc00 GCTaskThread "GC Thread#6" [stack: 0x00000040cab00000,0x00000040cac00000] [id=8584]
  0x000001b5d68d4f10 GCTaskThread "GC Thread#7" [stack: 0x00000040cac00000,0x00000040cad00000] [id=5224]
  0x000001b5971b0a50 ConcurrentGCThread "G1 Main Marker" [stack: 0x00000040c8b00000,0x00000040c8c00000] [id=21648]
  0x000001b5971b1b20 ConcurrentGCThread "G1 Conc#0" [stack: 0x00000040c8c00000,0x00000040c8d00000] [id=21560]
  0x000001b5d6e37720 ConcurrentGCThread "G1 Conc#1" [stack: 0x00000040cb200000,0x00000040cb300000] [id=5228]
  0x000001b5971ee340 ConcurrentGCThread "G1 Refine#0" [stack: 0x00000040c8d00000,0x00000040c8e00000] [id=20056]
  0x000001b5d7cf9800 ConcurrentGCThread "G1 Refine#1" [stack: 0x00000040cb500000,0x00000040cb600000] [id=11116]
  0x000001b5e00eafa0 ConcurrentGCThread "G1 Refine#2" [stack: 0x00000040d3900000,0x00000040d3a00000] [id=18688]
  0x000001b5d91ee430 ConcurrentGCThread "G1 Refine#3" [stack: 0x00000040d3a00000,0x00000040d3b00000] [id=21928]
  0x000001b5da4ce250 ConcurrentGCThread "G1 Refine#4" [stack: 0x00000040d3b00000,0x00000040d3c00000] [id=17844]
  0x000001b5e146e840 ConcurrentGCThread "G1 Refine#5" [stack: 0x00000040d3c00000,0x00000040d3d00000] [id=22408]
  0x000001b5971eeb20 ConcurrentGCThread "G1 Service" [stack: 0x00000040c8e00000,0x00000040c8f00000] [id=19776]

Threads with active compile tasks:
C2 CompilerThread0   135949 29464   !   4       java.nio.file.FileTreeWalker::next (144 bytes)
C1 CompilerThread0   135949 29585 %     3       com.android.tools.r8.internal.Ed::a @ 3680 (6886 bytes)
C2 CompilerThread1   135949 29465   !   4       java.nio.file.FileTreeWalker::visit (204 bytes)

VM state: not at safepoint (normal execution)

VM Mutex/Monitor currently owned by a thread: None

Heap address: 0x0000000080000000, size: 2048 MB, Compressed Oops mode: 32-bit

CDS archive(s) mapped at: [0x000001b5b6000000-0x000001b5b6bb0000-0x000001b5b6bb0000), size 12255232, SharedBaseAddress: 0x000001b5b6000000, ArchiveRelocationMode: 1.
Compressed class space mapped at: 0x000001b5b7000000-0x000001b5d1000000, reserved size: 436207616
Narrow klass base: 0x000001b5b6000000, Narrow klass shift: 0, Narrow klass range: 0x100000000

GC Precious Log:
 CPUs: 8 total, 8 available
 Memory: 6017M
 Large Page Support: Disabled
 NUMA Support: Disabled
 Compressed Oops: Enabled (32-bit)
 Heap Region Size: 1M
 Heap Min Capacity: 8M
 Heap Initial Capacity: 96M
 Heap Max Capacity: 2G
 Pre-touch: Disabled
 Parallel Workers: 8
 Concurrent Workers: 2
 Concurrent Refinement Workers: 8
 Periodic GC: Disabled

Heap:
 garbage-first heap   total 563200K, used 359005K [0x0000000080000000, 0x0000000100000000)
  region size 1024K, 73 young (74752K), 3 survivors (3072K)
 Metaspace       used 161058K, committed 162880K, reserved 622592K
  class space    used 21533K, committed 22400K, reserved 425984K

Heap Regions: E=young(eden), S=young(survivor), O=old, HS=humongous(starts), HC=humongous(continues), CS=collection set, F=free, OA=open archive, CA=closed archive, TAMS=top-at-mark-start (previous, next)
|   0|0x0000000080000000, 0x0000000080100000, 0x0000000080100000|100%|HS|  |TAMS 0x0000000080100000, 0x0000000080000000| Complete 
|   1|0x0000000080100000, 0x0000000080200000, 0x0000000080200000|100%|HC|  |TAMS 0x0000000080200000, 0x0000000080100000| Complete 
|   2|0x0000000080200000, 0x0000000080300000, 0x0000000080300000|100%|HC|  |TAMS 0x0000000080300000, 0x0000000080200000| Complete 
|   3|0x0000000080300000, 0x0000000080400000, 0x0000000080400000|100%| O|  |TAMS 0x0000000080400000, 0x0000000080300000| Untracked 
|   4|0x0000000080400000, 0x0000000080500000, 0x0000000080500000|100%| O|  |TAMS 0x0000000080500000, 0x0000000080400000| Untracked 
|   5|0x0000000080500000, 0x0000000080600000, 0x0000000080600000|100%| O|  |TAMS 0x0000000080600000, 0x0000000080500000| Untracked 
|   6|0x0000000080600000, 0x0000000080700000, 0x0000000080700000|100%|HS|  |TAMS 0x0000000080700000, 0x0000000080600000| Complete 
|   7|0x0000000080700000, 0x0000000080800000, 0x0000000080800000|100%| O|  |TAMS 0x0000000080800000, 0x0000000080700000| Untracked 
|   8|0x0000000080800000, 0x0000000080900000, 0x0000000080900000|100%| O|  |TAMS 0x0000000080900000, 0x0000000080800000| Untracked 
|   9|0x0000000080900000, 0x0000000080a00000, 0x0000000080a00000|100%| O|  |TAMS 0x0000000080a00000, 0x0000000080900000| Untracked 
|  10|0x0000000080a00000, 0x0000000080b00000, 0x0000000080b00000|100%| O|  |TAMS 0x0000000080b00000, 0x0000000080a00000| Untracked 
|  11|0x0000000080b00000, 0x0000000080c00000, 0x0000000080c00000|100%| O|  |TAMS 0x0000000080c00000, 0x0000000080b00000| Untracked 
|  12|0x0000000080c00000, 0x0000000080d00000, 0x0000000080d00000|100%| O|  |TAMS 0x0000000080d00000, 0x0000000080c00000| Untracked 
|  13|0x0000000080d00000, 0x0000000080e00000, 0x0000000080e00000|100%| O|  |TAMS 0x0000000080e00000, 0x0000000080d00000| Untracked 
|  14|0x0000000080e00000, 0x0000000080f00000, 0x0000000080f00000|100%| O|  |TAMS 0x0000000080f00000, 0x0000000080e00000| Untracked 
|  15|0x0000000080f00000, 0x0000000081000000, 0x0000000081000000|100%| O|  |TAMS 0x0000000081000000, 0x0000000080f00000| Untracked 
|  16|0x0000000081000000, 0x0000000081100000, 0x0000000081100000|100%| O|  |TAMS 0x0000000081100000, 0x0000000081000000| Untracked 
|  17|0x0000000081100000, 0x0000000081200000, 0x0000000081200000|100%| O|  |TAMS 0x0000000081200000, 0x0000000081100000| Untracked 
|  18|0x0000000081200000, 0x0000000081300000, 0x0000000081300000|100%| O|  |TAMS 0x0000000081300000, 0x0000000081200000| Untracked 
|  19|0x0000000081300000, 0x0000000081400000, 0x0000000081400000|100%|HS|  |TAMS 0x0000000081400000, 0x0000000081300000| Complete 
|  20|0x0000000081400000, 0x0000000081500000, 0x0000000081500000|100%| O|  |TAMS 0x0000000081500000, 0x0000000081400000| Untracked 
|  21|0x0000000081500000, 0x0000000081600000, 0x0000000081600000|100%| O|  |TAMS 0x0000000081600000, 0x0000000081500000| Untracked 
|  22|0x0000000081600000, 0x0000000081700000, 0x0000000081700000|100%| O|  |TAMS 0x0000000081700000, 0x0000000081600000| Untracked 
|  23|0x0000000081700000, 0x0000000081800000, 0x0000000081800000|100%| O|  |TAMS 0x0000000081800000, 0x0000000081700000| Untracked 
|  24|0x0000000081800000, 0x0000000081900000, 0x0000000081900000|100%| O|  |TAMS 0x0000000081900000, 0x0000000081800000| Untracked 
|  25|0x0000000081900000, 0x0000000081a00000, 0x0000000081a00000|100%| O|  |TAMS 0x0000000081a00000, 0x0000000081900000| Untracked 
|  26|0x0000000081a00000, 0x0000000081b00000, 0x0000000081b00000|100%| O|  |TAMS 0x0000000081b00000, 0x0000000081a00000| Untracked 
|  27|0x0000000081b00000, 0x0000000081c00000, 0x0000000081c00000|100%| O|  |TAMS 0x0000000081c00000, 0x0000000081b00000| Untracked 
|  28|0x0000000081c00000, 0x0000000081d00000, 0x0000000081d00000|100%| O|  |TAMS 0x0000000081d00000, 0x0000000081c00000| Untracked 
|  29|0x0000000081d00000, 0x0000000081e00000, 0x0000000081e00000|100%| O|  |TAMS 0x0000000081e00000, 0x0000000081d00000| Untracked 
|  30|0x0000000081e00000, 0x0000000081f00000, 0x0000000081f00000|100%| O|  |TAMS 0x0000000081f00000, 0x0000000081e00000| Untracked 
|  31|0x0000000081f00000, 0x0000000082000000, 0x0000000082000000|100%| O|  |TAMS 0x0000000082000000, 0x0000000081f00000| Untracked 
|  32|0x0000000082000000, 0x0000000082100000, 0x0000000082100000|100%| O|  |TAMS 0x0000000082100000, 0x0000000082000000| Untracked 
|  33|0x0000000082100000, 0x0000000082200000, 0x0000000082200000|100%| O|  |TAMS 0x0000000082200000, 0x0000000082100000| Untracked 
|  34|0x0000000082200000, 0x0000000082300000, 0x0000000082300000|100%| O|  |TAMS 0x0000000082300000, 0x0000000082200000| Untracked 
|  35|0x0000000082300000, 0x0000000082400000, 0x0000000082400000|100%| O|  |TAMS 0x0000000082400000, 0x0000000082300000| Untracked 
|  36|0x0000000082400000, 0x0000000082500000, 0x0000000082500000|100%| O|  |TAMS 0x0000000082500000, 0x0000000082400000| Untracked 
|  37|0x0000000082500000, 0x0000000082600000, 0x0000000082600000|100%| O|  |TAMS 0x0000000082600000, 0x0000000082500000| Untracked 
|  38|0x0000000082600000, 0x0000000082700000, 0x0000000082700000|100%| O|  |TAMS 0x0000000082700000, 0x0000000082600000| Untracked 
|  39|0x0000000082700000, 0x0000000082800000, 0x0000000082800000|100%| O|  |TAMS 0x0000000082800000, 0x0000000082700000| Untracked 
|  40|0x0000000082800000, 0x0000000082900000, 0x0000000082900000|100%|HS|  |TAMS 0x0000000082900000, 0x0000000082800000| Complete 
|  41|0x0000000082900000, 0x0000000082a00000, 0x0000000082a00000|100%|HC|  |TAMS 0x0000000082a00000, 0x0000000082900000| Complete 
|  42|0x0000000082a00000, 0x0000000082b00000, 0x0000000082b00000|100%|HC|  |TAMS 0x0000000082b00000, 0x0000000082a00000| Complete 
|  43|0x0000000082b00000, 0x0000000082c00000, 0x0000000082c00000|100%|HS|  |TAMS 0x0000000082c00000, 0x0000000082b00000| Complete 
|  44|0x0000000082c00000, 0x0000000082d00000, 0x0000000082d00000|100%|HC|  |TAMS 0x0000000082d00000, 0x0000000082c00000| Complete 
|  45|0x0000000082d00000, 0x0000000082e00000, 0x0000000082e00000|100%|HC|  |TAMS 0x0000000082e00000, 0x0000000082d00000| Complete 
|  46|0x0000000082e00000, 0x0000000082f00000, 0x0000000082f00000|100%| O|  |TAMS 0x0000000082f00000, 0x0000000082e00000| Untracked 
|  47|0x0000000082f00000, 0x0000000083000000, 0x0000000083000000|100%| O|  |TAMS 0x0000000083000000, 0x0000000082f00000| Untracked 
|  48|0x0000000083000000, 0x0000000083100000, 0x0000000083100000|100%|HS|  |TAMS 0x0000000083100000, 0x0000000083000000| Complete 
|  49|0x0000000083100000, 0x0000000083200000, 0x0000000083200000|100%| O|  |TAMS 0x0000000083200000, 0x0000000083100000| Untracked 
|  50|0x0000000083200000, 0x0000000083300000, 0x0000000083300000|100%| O|  |TAMS 0x0000000083300000, 0x0000000083200000| Untracked 
|  51|0x0000000083300000, 0x0000000083400000, 0x0000000083400000|100%| O|  |TAMS 0x0000000083400000, 0x0000000083300000| Untracked 
|  52|0x0000000083400000, 0x0000000083500000, 0x0000000083500000|100%| O|  |TAMS 0x0000000083500000, 0x0000000083400000| Untracked 
|  53|0x0000000083500000, 0x0000000083600000, 0x0000000083600000|100%| O|  |TAMS 0x0000000083600000, 0x0000000083500000| Untracked 
|  54|0x0000000083600000, 0x0000000083700000, 0x0000000083700000|100%| O|  |TAMS 0x0000000083700000, 0x0000000083600000| Untracked 
|  55|0x0000000083700000, 0x0000000083800000, 0x0000000083800000|100%| O|  |TAMS 0x0000000083800000, 0x0000000083700000| Untracked 
|  56|0x0000000083800000, 0x0000000083900000, 0x0000000083900000|100%|HS|  |TAMS 0x0000000083900000, 0x0000000083800000| Complete 
|  57|0x0000000083900000, 0x0000000083a00000, 0x0000000083a00000|100%|HS|  |TAMS 0x0000000083a00000, 0x0000000083900000| Complete 
|  58|0x0000000083a00000, 0x0000000083b00000, 0x0000000083b00000|100%| O|  |TAMS 0x0000000083b00000, 0x0000000083a00000| Untracked 
|  59|0x0000000083b00000, 0x0000000083c00000, 0x0000000083c00000|100%| O|  |TAMS 0x0000000083c00000, 0x0000000083b00000| Untracked 
|  60|0x0000000083c00000, 0x0000000083d00000, 0x0000000083d00000|100%| O|  |TAMS 0x0000000083d00000, 0x0000000083c00000| Untracked 
|  61|0x0000000083d00000, 0x0000000083e00000, 0x0000000083e00000|100%| O|  |TAMS 0x0000000083e00000, 0x0000000083d00000| Untracked 
|  62|0x0000000083e00000, 0x0000000083f00000, 0x0000000083f00000|100%| O|  |TAMS 0x0000000083f00000, 0x0000000083e00000| Untracked 
|  63|0x0000000083f00000, 0x0000000084000000, 0x0000000084000000|100%| O|  |TAMS 0x0000000084000000, 0x0000000083f00000| Untracked 
|  64|0x0000000084000000, 0x0000000084100000, 0x0000000084100000|100%| O|  |TAMS 0x0000000084100000, 0x0000000084000000| Untracked 
|  65|0x0000000084100000, 0x0000000084200000, 0x0000000084200000|100%| O|  |TAMS 0x0000000084200000, 0x0000000084100000| Untracked 
|  66|0x0000000084200000, 0x0000000084300000, 0x0000000084300000|100%| O|  |TAMS 0x0000000084300000, 0x0000000084200000| Untracked 
|  67|0x0000000084300000, 0x0000000084400000, 0x0000000084400000|100%| O|  |TAMS 0x0000000084400000, 0x0000000084300000| Untracked 
|  68|0x0000000084400000, 0x0000000084500000, 0x0000000084500000|100%| O|  |TAMS 0x0000000084500000, 0x0000000084400000| Untracked 
|  69|0x0000000084500000, 0x0000000084600000, 0x0000000084600000|100%| O|  |TAMS 0x0000000084600000, 0x0000000084500000| Untracked 
|  70|0x0000000084600000, 0x0000000084700000, 0x0000000084700000|100%| O|  |TAMS 0x0000000084700000, 0x0000000084600000| Untracked 
|  71|0x0000000084700000, 0x0000000084800000, 0x0000000084800000|100%|HS|  |TAMS 0x0000000084800000, 0x0000000084700000| Complete 
|  72|0x0000000084800000, 0x0000000084900000, 0x0000000084900000|100%|HS|  |TAMS 0x0000000084900000, 0x0000000084800000| Complete 
|  73|0x0000000084900000, 0x0000000084a00000, 0x0000000084a00000|100%| O|  |TAMS 0x0000000084a00000, 0x0000000084900000| Untracked 
|  74|0x0000000084a00000, 0x0000000084b00000, 0x0000000084b00000|100%| O|  |TAMS 0x0000000084b00000, 0x0000000084a00000| Untracked 
|  75|0x0000000084b00000, 0x0000000084c00000, 0x0000000084c00000|100%|HS|  |TAMS 0x0000000084c00000, 0x0000000084b00000| Complete 
|  76|0x0000000084c00000, 0x0000000084d00000, 0x0000000084d00000|100%|HS|  |TAMS 0x0000000084d00000, 0x0000000084c00000| Complete 
|  77|0x0000000084d00000, 0x0000000084e00000, 0x0000000084e00000|100%|HS|  |TAMS 0x0000000084e00000, 0x0000000084d00000| Complete 
|  78|0x0000000084e00000, 0x0000000084f00000, 0x0000000084f00000|100%| O|  |TAMS 0x0000000084f00000, 0x0000000084e00000| Untracked 
|  79|0x0000000084f00000, 0x0000000085000000, 0x0000000085000000|100%|HS|  |TAMS 0x0000000085000000, 0x0000000084f00000| Complete 
|  80|0x0000000085000000, 0x0000000085100000, 0x0000000085100000|100%|HS|  |TAMS 0x0000000085100000, 0x0000000085000000| Complete 
|  81|0x0000000085100000, 0x0000000085200000, 0x0000000085200000|100%|HS|  |TAMS 0x0000000085200000, 0x0000000085100000| Complete 
|  82|0x0000000085200000, 0x0000000085300000, 0x0000000085300000|100%| O|  |TAMS 0x0000000085300000, 0x0000000085200000| Untracked 
|  83|0x0000000085300000, 0x0000000085400000, 0x0000000085400000|100%| O|  |TAMS 0x0000000085400000, 0x0000000085300000| Untracked 
|  84|0x0000000085400000, 0x0000000085500000, 0x0000000085500000|100%| O|  |TAMS 0x0000000085500000, 0x0000000085400000| Untracked 
|  85|0x0000000085500000, 0x0000000085600000, 0x0000000085600000|100%|HS|  |TAMS 0x0000000085600000, 0x0000000085500000| Complete 
|  86|0x0000000085600000, 0x0000000085700000, 0x0000000085700000|100%|HC|  |TAMS 0x0000000085700000, 0x0000000085600000| Complete 
|  87|0x0000000085700000, 0x0000000085800000, 0x0000000085800000|100%|HC|  |TAMS 0x0000000085800000, 0x0000000085700000| Complete 
|  88|0x0000000085800000, 0x0000000085900000, 0x0000000085900000|100%|HS|  |TAMS 0x0000000085900000, 0x0000000085800000| Complete 
|  89|0x0000000085900000, 0x0000000085a00000, 0x0000000085a00000|100%| O|  |TAMS 0x0000000085a00000, 0x0000000085900000| Untracked 
|  90|0x0000000085a00000, 0x0000000085b00000, 0x0000000085b00000|100%| O|  |TAMS 0x0000000085b00000, 0x0000000085a00000| Untracked 
|  91|0x0000000085b00000, 0x0000000085c00000, 0x0000000085c00000|100%| O|  |TAMS 0x0000000085c00000, 0x0000000085b00000| Untracked 
|  92|0x0000000085c00000, 0x0000000085d00000, 0x0000000085d00000|100%| O|  |TAMS 0x0000000085d00000, 0x0000000085c00000| Untracked 
|  93|0x0000000085d00000, 0x0000000085e00000, 0x0000000085e00000|100%| O|  |TAMS 0x0000000085e00000, 0x0000000085d00000| Untracked 
|  94|0x0000000085e00000, 0x0000000085f00000, 0x0000000085f00000|100%| O|  |TAMS 0x0000000085f00000, 0x0000000085e00000| Untracked 
|  95|0x0000000085f00000, 0x0000000086000000, 0x0000000086000000|100%| O|  |TAMS 0x0000000086000000, 0x0000000085f00000| Untracked 
|  96|0x0000000086000000, 0x0000000086100000, 0x0000000086100000|100%| O|  |TAMS 0x0000000086100000, 0x0000000086000000| Untracked 
|  97|0x0000000086100000, 0x0000000086200000, 0x0000000086200000|100%| O|  |TAMS 0x0000000086200000, 0x0000000086100000| Untracked 
|  98|0x0000000086200000, 0x0000000086300000, 0x0000000086300000|100%| O|  |TAMS 0x0000000086300000, 0x0000000086200000| Untracked 
|  99|0x0000000086300000, 0x0000000086400000, 0x0000000086400000|100%| O|  |TAMS 0x0000000086400000, 0x0000000086300000| Untracked 
| 100|0x0000000086400000, 0x0000000086500000, 0x0000000086500000|100%| O|  |TAMS 0x0000000086500000, 0x0000000086400000| Untracked 
| 101|0x0000000086500000, 0x0000000086500000, 0x0000000086600000|  0%| F|  |TAMS 0x0000000086500000, 0x0000000086500000| Untracked 
| 102|0x0000000086600000, 0x0000000086700000, 0x0000000086700000|100%| O|  |TAMS 0x0000000086700000, 0x0000000086600000| Untracked 
| 103|0x0000000086700000, 0x0000000086800000, 0x0000000086800000|100%| O|  |TAMS 0x0000000086800000, 0x0000000086700000| Untracked 
| 104|0x0000000086800000, 0x0000000086900000, 0x0000000086900000|100%| O|  |TAMS 0x0000000086900000, 0x0000000086800000| Untracked 
| 105|0x0000000086900000, 0x0000000086a00000, 0x0000000086a00000|100%| O|  |TAMS 0x0000000086a00000, 0x0000000086900000| Untracked 
| 106|0x0000000086a00000, 0x0000000086b00000, 0x0000000086b00000|100%| O|  |TAMS 0x0000000086b00000, 0x0000000086a00000| Untracked 
| 107|0x0000000086b00000, 0x0000000086c00000, 0x0000000086c00000|100%| O|  |TAMS 0x0000000086c00000, 0x0000000086b00000| Untracked 
| 108|0x0000000086c00000, 0x0000000086d00000, 0x0000000086d00000|100%| O|  |TAMS 0x0000000086d00000, 0x0000000086c00000| Untracked 
| 109|0x0000000086d00000, 0x0000000086e00000, 0x0000000086e00000|100%| O|  |TAMS 0x0000000086e00000, 0x0000000086d00000| Untracked 
| 110|0x0000000086e00000, 0x0000000086f00000, 0x0000000086f00000|100%| O|  |TAMS 0x0000000086f00000, 0x0000000086e00000| Untracked 
| 111|0x0000000086f00000, 0x0000000087000000, 0x0000000087000000|100%| O|  |TAMS 0x0000000087000000, 0x0000000086f00000| Untracked 
| 112|0x0000000087000000, 0x0000000087100000, 0x0000000087100000|100%| O|  |TAMS 0x0000000087100000, 0x0000000087000000| Untracked 
| 113|0x0000000087100000, 0x0000000087200000, 0x0000000087200000|100%| O|  |TAMS 0x0000000087200000, 0x0000000087100000| Untracked 
| 114|0x0000000087200000, 0x0000000087300000, 0x0000000087300000|100%| O|  |TAMS 0x0000000087300000, 0x0000000087200000| Untracked 
| 115|0x0000000087300000, 0x0000000087400000, 0x0000000087400000|100%| O|  |TAMS 0x0000000087400000, 0x0000000087300000| Untracked 
| 116|0x0000000087400000, 0x0000000087500000, 0x0000000087500000|100%| O|  |TAMS 0x0000000087500000, 0x0000000087400000| Untracked 
| 117|0x0000000087500000, 0x0000000087600000, 0x0000000087600000|100%| O|  |TAMS 0x0000000087600000, 0x0000000087500000| Untracked 
| 118|0x0000000087600000, 0x0000000087700000, 0x0000000087700000|100%| O|  |TAMS 0x0000000087700000, 0x0000000087600000| Untracked 
| 119|0x0000000087700000, 0x0000000087800000, 0x0000000087800000|100%| O|  |TAMS 0x0000000087800000, 0x0000000087700000| Untracked 
| 120|0x0000000087800000, 0x0000000087900000, 0x0000000087900000|100%| O|  |TAMS 0x0000000087900000, 0x0000000087800000| Untracked 
| 121|0x0000000087900000, 0x0000000087a00000, 0x0000000087a00000|100%| O|  |TAMS 0x0000000087a00000, 0x0000000087900000| Untracked 
| 122|0x0000000087a00000, 0x0000000087b00000, 0x0000000087b00000|100%| O|  |TAMS 0x0000000087b00000, 0x0000000087a00000| Untracked 
| 123|0x0000000087b00000, 0x0000000087c00000, 0x0000000087c00000|100%| O|  |TAMS 0x0000000087c00000, 0x0000000087b00000| Untracked 
| 124|0x0000000087c00000, 0x0000000087d00000, 0x0000000087d00000|100%| O|  |TAMS 0x0000000087d00000, 0x0000000087c00000| Untracked 
| 125|0x0000000087d00000, 0x0000000087e00000, 0x0000000087e00000|100%| O|  |TAMS 0x0000000087e00000, 0x0000000087d00000| Untracked 
| 126|0x0000000087e00000, 0x0000000087f00000, 0x0000000087f00000|100%| O|  |TAMS 0x0000000087f00000, 0x0000000087e00000| Untracked 
| 127|0x0000000087f00000, 0x0000000087f00000, 0x0000000088000000|  0%| F|  |TAMS 0x0000000087f00000, 0x0000000087f00000| Untracked 
| 128|0x0000000088000000, 0x0000000088100000, 0x0000000088100000|100%| O|  |TAMS 0x0000000088100000, 0x0000000088000000| Untracked 
| 129|0x0000000088100000, 0x0000000088200000, 0x0000000088200000|100%| O|  |TAMS 0x0000000088200000, 0x0000000088100000| Untracked 
| 130|0x0000000088200000, 0x0000000088300000, 0x0000000088300000|100%| O|  |TAMS 0x0000000088300000, 0x0000000088200000| Untracked 
| 131|0x0000000088300000, 0x0000000088400000, 0x0000000088400000|100%| O|  |TAMS 0x0000000088400000, 0x0000000088300000| Untracked 
| 132|0x0000000088400000, 0x0000000088500000, 0x0000000088500000|100%| O|  |TAMS 0x0000000088500000, 0x0000000088400000| Untracked 
| 133|0x0000000088500000, 0x0000000088600000, 0x0000000088600000|100%| O|  |TAMS 0x0000000088600000, 0x0000000088500000| Untracked 
| 134|0x0000000088600000, 0x0000000088700000, 0x0000000088700000|100%| O|  |TAMS 0x0000000088700000, 0x0000000088600000| Untracked 
| 135|0x0000000088700000, 0x0000000088800000, 0x0000000088800000|100%| O|  |TAMS 0x0000000088800000, 0x0000000088700000| Untracked 
| 136|0x0000000088800000, 0x0000000088900000, 0x0000000088900000|100%| O|  |TAMS 0x0000000088900000, 0x0000000088800000| Untracked 
| 137|0x0000000088900000, 0x0000000088a00000, 0x0000000088a00000|100%| O|  |TAMS 0x0000000088a00000, 0x0000000088900000| Untracked 
| 138|0x0000000088a00000, 0x0000000088b00000, 0x0000000088b00000|100%| O|  |TAMS 0x0000000088b00000, 0x0000000088a00000| Untracked 
| 139|0x0000000088b00000, 0x0000000088c00000, 0x0000000088c00000|100%| O|  |TAMS 0x0000000088c00000, 0x0000000088b00000| Untracked 
| 140|0x0000000088c00000, 0x0000000088d00000, 0x0000000088d00000|100%| O|  |TAMS 0x0000000088d00000, 0x0000000088c00000| Untracked 
| 141|0x0000000088d00000, 0x0000000088e00000, 0x0000000088e00000|100%| O|  |TAMS 0x0000000088e00000, 0x0000000088d00000| Untracked 
| 142|0x0000000088e00000, 0x0000000088f00000, 0x0000000088f00000|100%| O|  |TAMS 0x0000000088f00000, 0x0000000088e00000| Untracked 
| 143|0x0000000088f00000, 0x0000000089000000, 0x0000000089000000|100%| O|  |TAMS 0x0000000089000000, 0x0000000088f00000| Untracked 
| 144|0x0000000089000000, 0x0000000089100000, 0x0000000089100000|100%| O|  |TAMS 0x0000000089100000, 0x0000000089000000| Untracked 
| 145|0x0000000089100000, 0x0000000089200000, 0x0000000089200000|100%| O|  |TAMS 0x0000000089200000, 0x0000000089100000| Untracked 
| 146|0x0000000089200000, 0x0000000089300000, 0x0000000089300000|100%| O|  |TAMS 0x0000000089300000, 0x0000000089200000| Untracked 
| 147|0x0000000089300000, 0x0000000089400000, 0x0000000089400000|100%| O|  |TAMS 0x0000000089400000, 0x0000000089300000| Untracked 
| 148|0x0000000089400000, 0x0000000089500000, 0x0000000089500000|100%| O|  |TAMS 0x0000000089500000, 0x0000000089400000| Untracked 
| 149|0x0000000089500000, 0x0000000089600000, 0x0000000089600000|100%| O|  |TAMS 0x0000000089600000, 0x0000000089500000| Untracked 
| 150|0x0000000089600000, 0x0000000089700000, 0x0000000089700000|100%| O|  |TAMS 0x0000000089700000, 0x0000000089600000| Untracked 
| 151|0x0000000089700000, 0x0000000089800000, 0x0000000089800000|100%| O|  |TAMS 0x0000000089800000, 0x0000000089700000| Untracked 
| 152|0x0000000089800000, 0x0000000089900000, 0x0000000089900000|100%| O|  |TAMS 0x0000000089900000, 0x0000000089800000| Untracked 
| 153|0x0000000089900000, 0x0000000089a00000, 0x0000000089a00000|100%| O|  |TAMS 0x0000000089a00000, 0x0000000089900000| Untracked 
| 154|0x0000000089a00000, 0x0000000089b00000, 0x0000000089b00000|100%| O|  |TAMS 0x0000000089b00000, 0x0000000089a00000| Untracked 
| 155|0x0000000089b00000, 0x0000000089c00000, 0x0000000089c00000|100%| O|  |TAMS 0x0000000089c00000, 0x0000000089b00000| Untracked 
| 156|0x0000000089c00000, 0x0000000089d00000, 0x0000000089d00000|100%| O|  |TAMS 0x0000000089d00000, 0x0000000089c00000| Untracked 
| 157|0x0000000089d00000, 0x0000000089e00000, 0x0000000089e00000|100%| O|  |TAMS 0x0000000089e00000, 0x0000000089d00000| Untracked 
| 158|0x0000000089e00000, 0x0000000089f00000, 0x0000000089f00000|100%| O|  |TAMS 0x0000000089f00000, 0x0000000089e00000| Untracked 
| 159|0x0000000089f00000, 0x000000008a000000, 0x000000008a000000|100%| O|  |TAMS 0x000000008a000000, 0x0000000089f00000| Untracked 
| 160|0x000000008a000000, 0x000000008a100000, 0x000000008a100000|100%| O|  |TAMS 0x000000008a100000, 0x000000008a000000| Untracked 
| 161|0x000000008a100000, 0x000000008a200000, 0x000000008a200000|100%| O|  |TAMS 0x000000008a200000, 0x000000008a100000| Untracked 
| 162|0x000000008a200000, 0x000000008a300000, 0x000000008a300000|100%| O|  |TAMS 0x000000008a300000, 0x000000008a200000| Untracked 
| 163|0x000000008a300000, 0x000000008a400000, 0x000000008a400000|100%| O|  |TAMS 0x000000008a400000, 0x000000008a300000| Untracked 
| 164|0x000000008a400000, 0x000000008a500000, 0x000000008a500000|100%| O|  |TAMS 0x000000008a500000, 0x000000008a400000| Untracked 
| 165|0x000000008a500000, 0x000000008a600000, 0x000000008a600000|100%| O|  |TAMS 0x000000008a600000, 0x000000008a500000| Untracked 
| 166|0x000000008a600000, 0x000000008a700000, 0x000000008a700000|100%| O|  |TAMS 0x000000008a700000, 0x000000008a600000| Untracked 
| 167|0x000000008a700000, 0x000000008a800000, 0x000000008a800000|100%| O|  |TAMS 0x000000008a800000, 0x000000008a700000| Untracked 
| 168|0x000000008a800000, 0x000000008a900000, 0x000000008a900000|100%| O|  |TAMS 0x000000008a900000, 0x000000008a800000| Untracked 
| 169|0x000000008a900000, 0x000000008aa00000, 0x000000008aa00000|100%| O|  |TAMS 0x000000008aa00000, 0x000000008a900000| Untracked 
| 170|0x000000008aa00000, 0x000000008ab00000, 0x000000008ab00000|100%| O|  |TAMS 0x000000008ab00000, 0x000000008aa00000| Untracked 
| 171|0x000000008ab00000, 0x000000008ac00000, 0x000000008ac00000|100%| O|  |TAMS 0x000000008ac00000, 0x000000008ab00000| Untracked 
| 172|0x000000008ac00000, 0x000000008ad00000, 0x000000008ad00000|100%| O|  |TAMS 0x000000008ad00000, 0x000000008ac00000| Untracked 
| 173|0x000000008ad00000, 0x000000008ae00000, 0x000000008ae00000|100%| O|  |TAMS 0x000000008ae00000, 0x000000008ad00000| Untracked 
| 174|0x000000008ae00000, 0x000000008af00000, 0x000000008af00000|100%| O|  |TAMS 0x000000008af00000, 0x000000008ae00000| Untracked 
| 175|0x000000008af00000, 0x000000008b000000, 0x000000008b000000|100%| O|  |TAMS 0x000000008af00000, 0x000000008af00000| Untracked 
| 176|0x000000008b000000, 0x000000008b100000, 0x000000008b100000|100%| O|  |TAMS 0x000000008b100000, 0x000000008b000000| Untracked 
| 177|0x000000008b100000, 0x000000008b200000, 0x000000008b200000|100%| O|  |TAMS 0x000000008b200000, 0x000000008b100000| Untracked 
| 178|0x000000008b200000, 0x000000008b300000, 0x000000008b300000|100%| O|  |TAMS 0x000000008b300000, 0x000000008b200000| Untracked 
| 179|0x000000008b300000, 0x000000008b400000, 0x000000008b400000|100%| O|  |TAMS 0x000000008b400000, 0x000000008b300000| Untracked 
| 180|0x000000008b400000, 0x000000008b500000, 0x000000008b500000|100%| O|  |TAMS 0x000000008b500000, 0x000000008b400000| Untracked 
| 181|0x000000008b500000, 0x000000008b600000, 0x000000008b600000|100%| O|  |TAMS 0x000000008b600000, 0x000000008b500000| Untracked 
| 182|0x000000008b600000, 0x000000008b700000, 0x000000008b700000|100%| O|  |TAMS 0x000000008b700000, 0x000000008b600000| Untracked 
| 183|0x000000008b700000, 0x000000008b800000, 0x000000008b800000|100%| O|  |TAMS 0x000000008b800000, 0x000000008b700000| Untracked 
| 184|0x000000008b800000, 0x000000008b900000, 0x000000008b900000|100%| O|  |TAMS 0x000000008b900000, 0x000000008b800000| Untracked 
| 185|0x000000008b900000, 0x000000008ba00000, 0x000000008ba00000|100%| O|  |TAMS 0x000000008ba00000, 0x000000008b900000| Untracked 
| 186|0x000000008ba00000, 0x000000008bb00000, 0x000000008bb00000|100%| O|  |TAMS 0x000000008bb00000, 0x000000008ba00000| Untracked 
| 187|0x000000008bb00000, 0x000000008bc00000, 0x000000008bc00000|100%| O|  |TAMS 0x000000008bc00000, 0x000000008bb00000| Untracked 
| 188|0x000000008bc00000, 0x000000008bd00000, 0x000000008bd00000|100%|HS|  |TAMS 0x000000008bd00000, 0x000000008bc00000| Complete 
| 189|0x000000008bd00000, 0x000000008be00000, 0x000000008be00000|100%|HS|  |TAMS 0x000000008be00000, 0x000000008bd00000| Complete 
| 190|0x000000008be00000, 0x000000008bf00000, 0x000000008bf00000|100%| O|  |TAMS 0x000000008bf00000, 0x000000008be00000| Untracked 
| 191|0x000000008bf00000, 0x000000008c000000, 0x000000008c000000|100%|HS|  |TAMS 0x000000008c000000, 0x000000008bf00000| Complete 
| 192|0x000000008c000000, 0x000000008c100000, 0x000000008c100000|100%|HC|  |TAMS 0x000000008c100000, 0x000000008c000000| Complete 
| 193|0x000000008c100000, 0x000000008c200000, 0x000000008c200000|100%| O|  |TAMS 0x000000008c200000, 0x000000008c100000| Untracked 
| 194|0x000000008c200000, 0x000000008c300000, 0x000000008c300000|100%| O|  |TAMS 0x000000008c300000, 0x000000008c200000| Untracked 
| 195|0x000000008c300000, 0x000000008c400000, 0x000000008c400000|100%| O|  |TAMS 0x000000008c300000, 0x000000008c300000| Untracked 
| 196|0x000000008c400000, 0x000000008c500000, 0x000000008c500000|100%| O|  |TAMS 0x000000008c400000, 0x000000008c400000| Untracked 
| 197|0x000000008c500000, 0x000000008c600000, 0x000000008c600000|100%| O|  |TAMS 0x000000008c500000, 0x000000008c500000| Untracked 
| 198|0x000000008c600000, 0x000000008c700000, 0x000000008c700000|100%| O|  |TAMS 0x000000008c700000, 0x000000008c600000| Untracked 
| 199|0x000000008c700000, 0x000000008c800000, 0x000000008c800000|100%| O|  |TAMS 0x000000008c800000, 0x000000008c700000| Untracked 
| 200|0x000000008c800000, 0x000000008c900000, 0x000000008c900000|100%| O|  |TAMS 0x000000008c900000, 0x000000008c800000| Untracked 
| 201|0x000000008c900000, 0x000000008ca00000, 0x000000008ca00000|100%| O|  |TAMS 0x000000008ca00000, 0x000000008c900000| Untracked 
| 202|0x000000008ca00000, 0x000000008cb00000, 0x000000008cb00000|100%| O|  |TAMS 0x000000008cb00000, 0x000000008ca00000| Untracked 
| 203|0x000000008cb00000, 0x000000008cc00000, 0x000000008cc00000|100%| O|  |TAMS 0x000000008cc00000, 0x000000008cb00000| Untracked 
| 204|0x000000008cc00000, 0x000000008cd00000, 0x000000008cd00000|100%| O|  |TAMS 0x000000008cd00000, 0x000000008cc00000| Untracked 
| 205|0x000000008cd00000, 0x000000008ce00000, 0x000000008ce00000|100%| O|  |TAMS 0x000000008ce00000, 0x000000008cd00000| Untracked 
| 206|0x000000008ce00000, 0x000000008ce00000, 0x000000008cf00000|  0%| F|  |TAMS 0x000000008ce00000, 0x000000008ce00000| Untracked 
| 207|0x000000008cf00000, 0x000000008d000000, 0x000000008d000000|100%| O|  |TAMS 0x000000008d000000, 0x000000008cf00000| Untracked 
| 208|0x000000008d000000, 0x000000008d100000, 0x000000008d100000|100%| O|  |TAMS 0x000000008d100000, 0x000000008d000000| Untracked 
| 209|0x000000008d100000, 0x000000008d200000, 0x000000008d200000|100%| O|  |TAMS 0x000000008d200000, 0x000000008d100000| Untracked 
| 210|0x000000008d200000, 0x000000008d300000, 0x000000008d300000|100%| O|  |TAMS 0x000000008d300000, 0x000000008d200000| Untracked 
| 211|0x000000008d300000, 0x000000008d400000, 0x000000008d400000|100%| O|  |TAMS 0x000000008d400000, 0x000000008d300000| Untracked 
| 212|0x000000008d400000, 0x000000008d500000, 0x000000008d500000|100%| O|  |TAMS 0x000000008d500000, 0x000000008d400000| Untracked 
| 213|0x000000008d500000, 0x000000008d500000, 0x000000008d600000|  0%| F|  |TAMS 0x000000008d500000, 0x000000008d500000| Untracked 
| 214|0x000000008d600000, 0x000000008d700000, 0x000000008d700000|100%|HS|  |TAMS 0x000000008d700000, 0x000000008d600000| Complete 
| 215|0x000000008d700000, 0x000000008d800000, 0x000000008d800000|100%|HS|  |TAMS 0x000000008d800000, 0x000000008d700000| Complete 
| 216|0x000000008d800000, 0x000000008d900000, 0x000000008d900000|100%| O|  |TAMS 0x000000008d900000, 0x000000008d800000| Untracked 
| 217|0x000000008d900000, 0x000000008da00000, 0x000000008da00000|100%| O|  |TAMS 0x000000008da00000, 0x000000008d900000| Untracked 
| 218|0x000000008da00000, 0x000000008db00000, 0x000000008db00000|100%| O|  |TAMS 0x000000008db00000, 0x000000008da00000| Untracked 
| 219|0x000000008db00000, 0x000000008dc00000, 0x000000008dc00000|100%| O|  |TAMS 0x000000008dc00000, 0x000000008db00000| Untracked 
| 220|0x000000008dc00000, 0x000000008dd00000, 0x000000008dd00000|100%| O|  |TAMS 0x000000008dd00000, 0x000000008dc00000| Untracked 
| 221|0x000000008dd00000, 0x000000008de00000, 0x000000008de00000|100%| O|  |TAMS 0x000000008de00000, 0x000000008dd00000| Untracked 
| 222|0x000000008de00000, 0x000000008df00000, 0x000000008df00000|100%| O|  |TAMS 0x000000008df00000, 0x000000008de00000| Untracked 
| 223|0x000000008df00000, 0x000000008e000000, 0x000000008e000000|100%| O|  |TAMS 0x000000008e000000, 0x000000008df00000| Untracked 
| 224|0x000000008e000000, 0x000000008e100000, 0x000000008e100000|100%| O|  |TAMS 0x000000008e100000, 0x000000008e000000| Untracked 
| 225|0x000000008e100000, 0x000000008e200000, 0x000000008e200000|100%| O|  |TAMS 0x000000008e200000, 0x000000008e100000| Untracked 
| 226|0x000000008e200000, 0x000000008e300000, 0x000000008e300000|100%| O|  |TAMS 0x000000008e300000, 0x000000008e200000| Untracked 
| 227|0x000000008e300000, 0x000000008e400000, 0x000000008e400000|100%| O|  |TAMS 0x000000008e400000, 0x000000008e300000| Untracked 
| 228|0x000000008e400000, 0x000000008e500000, 0x000000008e500000|100%| O|  |TAMS 0x000000008e500000, 0x000000008e400000| Untracked 
| 229|0x000000008e500000, 0x000000008e600000, 0x000000008e600000|100%| O|  |TAMS 0x000000008e600000, 0x000000008e500000| Untracked 
| 230|0x000000008e600000, 0x000000008e700000, 0x000000008e700000|100%| O|  |TAMS 0x000000008e700000, 0x000000008e600000| Untracked 
| 231|0x000000008e700000, 0x000000008e800000, 0x000000008e800000|100%| O|  |TAMS 0x000000008e800000, 0x000000008e700000| Untracked 
| 232|0x000000008e800000, 0x000000008e900000, 0x000000008e900000|100%| O|  |TAMS 0x000000008e900000, 0x000000008e800000| Untracked 
| 233|0x000000008e900000, 0x000000008ea00000, 0x000000008ea00000|100%| O|  |TAMS 0x000000008ea00000, 0x000000008e900000| Untracked 
| 234|0x000000008ea00000, 0x000000008eb00000, 0x000000008eb00000|100%| O|  |TAMS 0x000000008eb00000, 0x000000008ea00000| Untracked 
| 235|0x000000008eb00000, 0x000000008ec00000, 0x000000008ec00000|100%| O|  |TAMS 0x000000008ec00000, 0x000000008eb00000| Untracked 
| 236|0x000000008ec00000, 0x000000008ed00000, 0x000000008ed00000|100%| O|  |TAMS 0x000000008ed00000, 0x000000008ec00000| Untracked 
| 237|0x000000008ed00000, 0x000000008ed00000, 0x000000008ee00000|  0%| F|  |TAMS 0x000000008ed00000, 0x000000008ed00000| Untracked 
| 238|0x000000008ee00000, 0x000000008ef00000, 0x000000008ef00000|100%| O|  |TAMS 0x000000008ef00000, 0x000000008ee00000| Untracked 
| 239|0x000000008ef00000, 0x000000008f000000, 0x000000008f000000|100%| O|  |TAMS 0x000000008f000000, 0x000000008ef00000| Untracked 
| 240|0x000000008f000000, 0x000000008f100000, 0x000000008f100000|100%| O|  |TAMS 0x000000008f100000, 0x000000008f000000| Untracked 
| 241|0x000000008f100000, 0x000000008f200000, 0x000000008f200000|100%| O|  |TAMS 0x000000008f200000, 0x000000008f100000| Untracked 
| 242|0x000000008f200000, 0x000000008f300000, 0x000000008f300000|100%| O|  |TAMS 0x000000008f300000, 0x000000008f200000| Untracked 
| 243|0x000000008f300000, 0x000000008f400000, 0x000000008f400000|100%| O|  |TAMS 0x000000008f400000, 0x000000008f300000| Untracked 
| 244|0x000000008f400000, 0x000000008f500000, 0x000000008f500000|100%| O|  |TAMS 0x000000008f500000, 0x000000008f400000| Untracked 
| 245|0x000000008f500000, 0x000000008f600000, 0x000000008f600000|100%| O|  |TAMS 0x000000008f600000, 0x000000008f500000| Untracked 
| 246|0x000000008f600000, 0x000000008f700000, 0x000000008f700000|100%| O|  |TAMS 0x000000008f700000, 0x000000008f600000| Untracked 
| 247|0x000000008f700000, 0x000000008f800000, 0x000000008f800000|100%| O|  |TAMS 0x000000008f800000, 0x000000008f700000| Untracked 
| 248|0x000000008f800000, 0x000000008f900000, 0x000000008f900000|100%| O|  |TAMS 0x000000008f900000, 0x000000008f800000| Untracked 
| 249|0x000000008f900000, 0x000000008fa00000, 0x000000008fa00000|100%| O|  |TAMS 0x000000008fa00000, 0x000000008f900000| Untracked 
| 250|0x000000008fa00000, 0x000000008fb00000, 0x000000008fb00000|100%| O|  |TAMS 0x000000008fb00000, 0x000000008fa00000| Untracked 
| 251|0x000000008fb00000, 0x000000008fc00000, 0x000000008fc00000|100%| O|  |TAMS 0x000000008fc00000, 0x000000008fb00000| Untracked 
| 252|0x000000008fc00000, 0x000000008fd00000, 0x000000008fd00000|100%| O|  |TAMS 0x000000008fd00000, 0x000000008fc00000| Untracked 
| 253|0x000000008fd00000, 0x000000008fe00000, 0x000000008fe00000|100%| O|  |TAMS 0x000000008fd00000, 0x000000008fd00000| Untracked 
| 254|0x000000008fe00000, 0x000000008ff00000, 0x000000008ff00000|100%| O|  |TAMS 0x000000008fe00000, 0x000000008fe00000| Untracked 
| 255|0x000000008ff00000, 0x0000000090000000, 0x0000000090000000|100%| O|  |TAMS 0x000000008ff00000, 0x000000008ff00000| Untracked 
| 256|0x0000000090000000, 0x0000000090000000, 0x0000000090100000|  0%| F|  |TAMS 0x0000000090000000, 0x0000000090000000| Untracked 
| 257|0x0000000090100000, 0x0000000090200000, 0x0000000090200000|100%| O|  |TAMS 0x0000000090100000, 0x0000000090100000| Untracked 
| 258|0x0000000090200000, 0x0000000090200000, 0x0000000090300000|  0%| F|  |TAMS 0x0000000090200000, 0x0000000090200000| Untracked 
| 259|0x0000000090300000, 0x0000000090400000, 0x0000000090400000|100%| O|  |TAMS 0x0000000090400000, 0x0000000090300000| Untracked 
| 260|0x0000000090400000, 0x0000000090500000, 0x0000000090500000|100%| O|  |TAMS 0x0000000090500000, 0x0000000090400000| Untracked 
| 261|0x0000000090500000, 0x0000000090600000, 0x0000000090600000|100%| O|  |TAMS 0x0000000090600000, 0x0000000090500000| Untracked 
| 262|0x0000000090600000, 0x0000000090700000, 0x0000000090700000|100%| O|  |TAMS 0x00000000906e4a00, 0x0000000090600000| Untracked 
| 263|0x0000000090700000, 0x0000000090800000, 0x0000000090800000|100%| O|  |TAMS 0x0000000090700000, 0x0000000090700000| Untracked 
| 264|0x0000000090800000, 0x0000000090900000, 0x0000000090900000|100%| O|  |TAMS 0x0000000090800000, 0x0000000090800000| Untracked 
| 265|0x0000000090900000, 0x0000000090a00000, 0x0000000090a00000|100%| O|  |TAMS 0x0000000090900000, 0x0000000090900000| Untracked 
| 266|0x0000000090a00000, 0x0000000090b00000, 0x0000000090b00000|100%| O|  |TAMS 0x0000000090a00000, 0x0000000090a00000| Untracked 
| 267|0x0000000090b00000, 0x0000000090c00000, 0x0000000090c00000|100%| O|  |TAMS 0x0000000090b00000, 0x0000000090b00000| Untracked 
| 268|0x0000000090c00000, 0x0000000090d00000, 0x0000000090d00000|100%| O|  |TAMS 0x0000000090c00000, 0x0000000090c00000| Untracked 
| 269|0x0000000090d00000, 0x0000000090e00000, 0x0000000090e00000|100%| O|  |TAMS 0x0000000090d00000, 0x0000000090d00000| Untracked 
| 270|0x0000000090e00000, 0x0000000090f00000, 0x0000000090f00000|100%| O|  |TAMS 0x0000000090e00000, 0x0000000090e00000| Untracked 
| 271|0x0000000090f00000, 0x0000000090f00000, 0x0000000091000000|  0%| F|  |TAMS 0x0000000090f00000, 0x0000000090f00000| Untracked 
| 272|0x0000000091000000, 0x0000000091000000, 0x0000000091100000|  0%| F|  |TAMS 0x0000000091000000, 0x0000000091000000| Untracked 
| 273|0x0000000091100000, 0x0000000091200000, 0x0000000091200000|100%| O|  |TAMS 0x0000000091100000, 0x0000000091100000| Untracked 
| 274|0x0000000091200000, 0x0000000091300000, 0x0000000091300000|100%| O|  |TAMS 0x0000000091200000, 0x0000000091200000| Untracked 
| 275|0x0000000091300000, 0x0000000091300000, 0x0000000091400000|  0%| F|  |TAMS 0x0000000091300000, 0x0000000091300000| Untracked 
| 276|0x0000000091400000, 0x0000000091500000, 0x0000000091500000|100%| O|  |TAMS 0x0000000091400000, 0x0000000091400000| Untracked 
| 277|0x0000000091500000, 0x0000000091600000, 0x0000000091600000|100%| O|  |TAMS 0x0000000091500000, 0x0000000091500000| Untracked 
| 278|0x0000000091600000, 0x0000000091600000, 0x0000000091700000|  0%| F|  |TAMS 0x0000000091600000, 0x0000000091600000| Untracked 
| 279|0x0000000091700000, 0x0000000091800000, 0x0000000091800000|100%| O|  |TAMS 0x0000000091700000, 0x0000000091700000| Untracked 
| 280|0x0000000091800000, 0x0000000091824c00, 0x0000000091900000| 14%| O|  |TAMS 0x0000000091800000, 0x0000000091800000| Untracked 
| 281|0x0000000091900000, 0x0000000091900000, 0x0000000091a00000|  0%| F|  |TAMS 0x0000000091900000, 0x0000000091900000| Untracked 
| 282|0x0000000091a00000, 0x0000000091a00000, 0x0000000091b00000|  0%| F|  |TAMS 0x0000000091a00000, 0x0000000091a00000| Untracked 
| 283|0x0000000091b00000, 0x0000000091b00000, 0x0000000091c00000|  0%| F|  |TAMS 0x0000000091b00000, 0x0000000091b00000| Untracked 
| 284|0x0000000091c00000, 0x0000000091c00000, 0x0000000091d00000|  0%| F|  |TAMS 0x0000000091c00000, 0x0000000091c00000| Untracked 
| 285|0x0000000091d00000, 0x0000000091d00000, 0x0000000091e00000|  0%| F|  |TAMS 0x0000000091d00000, 0x0000000091d00000| Untracked 
| 286|0x0000000091e00000, 0x0000000091e00000, 0x0000000091f00000|  0%| F|  |TAMS 0x0000000091e00000, 0x0000000091e00000| Untracked 
| 287|0x0000000091f00000, 0x0000000091f00000, 0x0000000092000000|  0%| F|  |TAMS 0x0000000091f00000, 0x0000000091f00000| Untracked 
| 288|0x0000000092000000, 0x0000000092000000, 0x0000000092100000|  0%| F|  |TAMS 0x0000000092000000, 0x0000000092000000| Untracked 
| 289|0x0000000092100000, 0x0000000092100000, 0x0000000092200000|  0%| F|  |TAMS 0x0000000092100000, 0x0000000092100000| Untracked 
| 290|0x0000000092200000, 0x0000000092200000, 0x0000000092300000|  0%| F|  |TAMS 0x0000000092200000, 0x0000000092200000| Untracked 
| 291|0x0000000092300000, 0x0000000092300000, 0x0000000092400000|  0%| F|  |TAMS 0x0000000092300000, 0x0000000092300000| Untracked 
| 292|0x0000000092400000, 0x0000000092400000, 0x0000000092500000|  0%| F|  |TAMS 0x0000000092400000, 0x0000000092400000| Untracked 
| 293|0x0000000092500000, 0x0000000092500000, 0x0000000092600000|  0%| F|  |TAMS 0x0000000092500000, 0x0000000092500000| Untracked 
| 294|0x0000000092600000, 0x0000000092600000, 0x0000000092700000|  0%| F|  |TAMS 0x0000000092600000, 0x0000000092600000| Untracked 
| 295|0x0000000092700000, 0x0000000092700000, 0x0000000092800000|  0%| F|  |TAMS 0x0000000092700000, 0x0000000092700000| Untracked 
| 296|0x0000000092800000, 0x0000000092800000, 0x0000000092900000|  0%| F|  |TAMS 0x0000000092800000, 0x0000000092800000| Untracked 
| 297|0x0000000092900000, 0x0000000092900000, 0x0000000092a00000|  0%| F|  |TAMS 0x0000000092900000, 0x0000000092900000| Untracked 
| 298|0x0000000092a00000, 0x0000000092a00000, 0x0000000092b00000|  0%| F|  |TAMS 0x0000000092a00000, 0x0000000092a00000| Untracked 
| 299|0x0000000092b00000, 0x0000000092b00000, 0x0000000092c00000|  0%| F|  |TAMS 0x0000000092b00000, 0x0000000092b00000| Untracked 
| 300|0x0000000092c00000, 0x0000000092c00000, 0x0000000092d00000|  0%| F|  |TAMS 0x0000000092c00000, 0x0000000092c00000| Untracked 
| 301|0x0000000092d00000, 0x0000000092d00000, 0x0000000092e00000|  0%| F|  |TAMS 0x0000000092d00000, 0x0000000092d00000| Untracked 
| 302|0x0000000092e00000, 0x0000000092e00000, 0x0000000092f00000|  0%| F|  |TAMS 0x0000000092e00000, 0x0000000092e00000| Untracked 
| 303|0x0000000092f00000, 0x0000000092f00000, 0x0000000093000000|  0%| F|  |TAMS 0x0000000092f00000, 0x0000000092f00000| Untracked 
| 304|0x0000000093000000, 0x0000000093000000, 0x0000000093100000|  0%| F|  |TAMS 0x0000000093000000, 0x0000000093000000| Untracked 
| 305|0x0000000093100000, 0x0000000093100000, 0x0000000093200000|  0%| F|  |TAMS 0x0000000093100000, 0x0000000093100000| Untracked 
| 306|0x0000000093200000, 0x0000000093300000, 0x0000000093300000|100%| O|  |TAMS 0x0000000093300000, 0x0000000093200000| Untracked 
| 307|0x0000000093300000, 0x0000000093400000, 0x0000000093400000|100%| O|  |TAMS 0x0000000093400000, 0x0000000093300000| Untracked 
| 308|0x0000000093400000, 0x0000000093500000, 0x0000000093500000|100%| O|  |TAMS 0x0000000093500000, 0x0000000093400000| Untracked 
| 309|0x0000000093500000, 0x0000000093500000, 0x0000000093600000|  0%| F|  |TAMS 0x0000000093500000, 0x0000000093500000| Untracked 
| 310|0x0000000093600000, 0x0000000093700000, 0x0000000093700000|100%| O|  |TAMS 0x0000000093700000, 0x0000000093600000| Untracked 
| 311|0x0000000093700000, 0x0000000093800000, 0x0000000093800000|100%| O|  |TAMS 0x0000000093800000, 0x0000000093700000| Untracked 
| 312|0x0000000093800000, 0x0000000093900000, 0x0000000093900000|100%| O|  |TAMS 0x0000000093900000, 0x0000000093800000| Untracked 
| 313|0x0000000093900000, 0x0000000093900000, 0x0000000093a00000|  0%| F|  |TAMS 0x0000000093900000, 0x0000000093900000| Untracked 
| 314|0x0000000093a00000, 0x0000000093a00000, 0x0000000093b00000|  0%| F|  |TAMS 0x0000000093a00000, 0x0000000093a00000| Untracked 
| 315|0x0000000093b00000, 0x0000000093b00000, 0x0000000093c00000|  0%| F|  |TAMS 0x0000000093b00000, 0x0000000093b00000| Untracked 
| 316|0x0000000093c00000, 0x0000000093c00000, 0x0000000093d00000|  0%| F|  |TAMS 0x0000000093c00000, 0x0000000093c00000| Untracked 
| 317|0x0000000093d00000, 0x0000000093d00000, 0x0000000093e00000|  0%| F|  |TAMS 0x0000000093d00000, 0x0000000093d00000| Untracked 
| 318|0x0000000093e00000, 0x0000000093e00000, 0x0000000093f00000|  0%| F|  |TAMS 0x0000000093e00000, 0x0000000093e00000| Untracked 
| 319|0x0000000093f00000, 0x0000000093f00000, 0x0000000094000000|  0%| F|  |TAMS 0x0000000093f00000, 0x0000000093f00000| Untracked 
| 320|0x0000000094000000, 0x0000000094000000, 0x0000000094100000|  0%| F|  |TAMS 0x0000000094000000, 0x0000000094000000| Untracked 
| 321|0x0000000094100000, 0x0000000094100000, 0x0000000094200000|  0%| F|  |TAMS 0x0000000094100000, 0x0000000094100000| Untracked 
| 322|0x0000000094200000, 0x0000000094200000, 0x0000000094300000|  0%| F|  |TAMS 0x0000000094200000, 0x0000000094200000| Untracked 
| 323|0x0000000094300000, 0x0000000094300000, 0x0000000094400000|  0%| F|  |TAMS 0x0000000094300000, 0x0000000094300000| Untracked 
| 324|0x0000000094400000, 0x0000000094400000, 0x0000000094500000|  0%| F|  |TAMS 0x0000000094400000, 0x0000000094400000| Untracked 
| 325|0x0000000094500000, 0x0000000094600000, 0x0000000094600000|100%| O|  |TAMS 0x0000000094600000, 0x0000000094500000| Untracked 
| 326|0x0000000094600000, 0x0000000094700000, 0x0000000094700000|100%| O|  |TAMS 0x0000000094700000, 0x0000000094600000| Untracked 
| 327|0x0000000094700000, 0x0000000094800000, 0x0000000094800000|100%| O|  |TAMS 0x0000000094800000, 0x0000000094700000| Untracked 
| 328|0x0000000094800000, 0x0000000094900000, 0x0000000094900000|100%| O|  |TAMS 0x0000000094900000, 0x0000000094800000| Untracked 
| 329|0x0000000094900000, 0x0000000094a00000, 0x0000000094a00000|100%| O|  |TAMS 0x0000000094a00000, 0x0000000094900000| Untracked 
| 330|0x0000000094a00000, 0x0000000094a00000, 0x0000000094b00000|  0%| F|  |TAMS 0x0000000094a00000, 0x0000000094a00000| Untracked 
| 331|0x0000000094b00000, 0x0000000094b00000, 0x0000000094c00000|  0%| F|  |TAMS 0x0000000094b00000, 0x0000000094b00000| Untracked 
| 332|0x0000000094c00000, 0x0000000094c00000, 0x0000000094d00000|  0%| F|  |TAMS 0x0000000094c00000, 0x0000000094c00000| Untracked 
| 333|0x0000000094d00000, 0x0000000094d00000, 0x0000000094e00000|  0%| F|  |TAMS 0x0000000094d00000, 0x0000000094d00000| Untracked 
| 334|0x0000000094e00000, 0x0000000094e00000, 0x0000000094f00000|  0%| F|  |TAMS 0x0000000094e00000, 0x0000000094e00000| Untracked 
| 335|0x0000000094f00000, 0x0000000094f00000, 0x0000000095000000|  0%| F|  |TAMS 0x0000000094f00000, 0x0000000094f00000| Untracked 
| 336|0x0000000095000000, 0x0000000095000000, 0x0000000095100000|  0%| F|  |TAMS 0x0000000095000000, 0x0000000095000000| Untracked 
| 337|0x0000000095100000, 0x0000000095100000, 0x0000000095200000|  0%| F|  |TAMS 0x0000000095100000, 0x0000000095100000| Untracked 
| 338|0x0000000095200000, 0x0000000095200000, 0x0000000095300000|  0%| F|  |TAMS 0x0000000095200000, 0x0000000095200000| Untracked 
| 339|0x0000000095300000, 0x0000000095300000, 0x0000000095400000|  0%| F|  |TAMS 0x0000000095300000, 0x0000000095300000| Untracked 
| 340|0x0000000095400000, 0x0000000095400000, 0x0000000095500000|  0%| F|  |TAMS 0x0000000095400000, 0x0000000095400000| Untracked 
| 341|0x0000000095500000, 0x0000000095500000, 0x0000000095600000|  0%| F|  |TAMS 0x0000000095500000, 0x0000000095500000| Untracked 
| 342|0x0000000095600000, 0x0000000095600000, 0x0000000095700000|  0%| F|  |TAMS 0x0000000095600000, 0x0000000095600000| Untracked 
| 343|0x0000000095700000, 0x0000000095700000, 0x0000000095800000|  0%| F|  |TAMS 0x0000000095700000, 0x0000000095700000| Untracked 
| 344|0x0000000095800000, 0x0000000095800000, 0x0000000095900000|  0%| F|  |TAMS 0x0000000095800000, 0x0000000095800000| Untracked 
| 345|0x0000000095900000, 0x0000000095900000, 0x0000000095a00000|  0%| F|  |TAMS 0x0000000095900000, 0x0000000095900000| Untracked 
| 346|0x0000000095a00000, 0x0000000095a00000, 0x0000000095b00000|  0%| F|  |TAMS 0x0000000095a00000, 0x0000000095a00000| Untracked 
| 347|0x0000000095b00000, 0x0000000095b00000, 0x0000000095c00000|  0%| F|  |TAMS 0x0000000095b00000, 0x0000000095b00000| Untracked 
| 348|0x0000000095c00000, 0x0000000095c00000, 0x0000000095d00000|  0%| F|  |TAMS 0x0000000095c00000, 0x0000000095c00000| Untracked 
| 349|0x0000000095d00000, 0x0000000095d00000, 0x0000000095e00000|  0%| F|  |TAMS 0x0000000095d00000, 0x0000000095d00000| Untracked 
| 350|0x0000000095e00000, 0x0000000095e00000, 0x0000000095f00000|  0%| F|  |TAMS 0x0000000095e00000, 0x0000000095e00000| Untracked 
| 351|0x0000000095f00000, 0x0000000095f00000, 0x0000000096000000|  0%| F|  |TAMS 0x0000000095f00000, 0x0000000095f00000| Untracked 
| 352|0x0000000096000000, 0x0000000096000000, 0x0000000096100000|  0%| F|  |TAMS 0x0000000096000000, 0x0000000096000000| Untracked 
| 353|0x0000000096100000, 0x0000000096100000, 0x0000000096200000|  0%| F|  |TAMS 0x0000000096100000, 0x0000000096100000| Untracked 
| 354|0x0000000096200000, 0x0000000096200000, 0x0000000096300000|  0%| F|  |TAMS 0x0000000096200000, 0x0000000096200000| Untracked 
| 355|0x0000000096300000, 0x0000000096300000, 0x0000000096400000|  0%| F|  |TAMS 0x0000000096300000, 0x0000000096300000| Untracked 
| 356|0x0000000096400000, 0x0000000096400000, 0x0000000096500000|  0%| F|  |TAMS 0x0000000096400000, 0x0000000096400000| Untracked 
| 357|0x0000000096500000, 0x0000000096500000, 0x0000000096600000|  0%| F|  |TAMS 0x0000000096500000, 0x0000000096500000| Untracked 
| 358|0x0000000096600000, 0x0000000096600000, 0x0000000096700000|  0%| F|  |TAMS 0x0000000096600000, 0x0000000096600000| Untracked 
| 359|0x0000000096700000, 0x0000000096700000, 0x0000000096800000|  0%| F|  |TAMS 0x0000000096700000, 0x0000000096700000| Untracked 
| 360|0x0000000096800000, 0x0000000096800000, 0x0000000096900000|  0%| F|  |TAMS 0x0000000096800000, 0x0000000096800000| Untracked 
| 361|0x0000000096900000, 0x0000000096900000, 0x0000000096a00000|  0%| F|  |TAMS 0x0000000096900000, 0x0000000096900000| Untracked 
| 362|0x0000000096a00000, 0x0000000096a00000, 0x0000000096b00000|  0%| F|  |TAMS 0x0000000096a00000, 0x0000000096a00000| Untracked 
| 363|0x0000000096b00000, 0x0000000096b00000, 0x0000000096c00000|  0%| F|  |TAMS 0x0000000096b00000, 0x0000000096b00000| Untracked 
| 364|0x0000000096c00000, 0x0000000096c00000, 0x0000000096d00000|  0%| F|  |TAMS 0x0000000096c00000, 0x0000000096c00000| Untracked 
| 365|0x0000000096d00000, 0x0000000096d00000, 0x0000000096e00000|  0%| F|  |TAMS 0x0000000096d00000, 0x0000000096d00000| Untracked 
| 366|0x0000000096e00000, 0x0000000096e00000, 0x0000000096f00000|  0%| F|  |TAMS 0x0000000096e00000, 0x0000000096e00000| Untracked 
| 367|0x0000000096f00000, 0x0000000096f00000, 0x0000000097000000|  0%| F|  |TAMS 0x0000000096f00000, 0x0000000096f00000| Untracked 
| 368|0x0000000097000000, 0x0000000097000000, 0x0000000097100000|  0%| F|  |TAMS 0x0000000097000000, 0x0000000097000000| Untracked 
| 369|0x0000000097100000, 0x0000000097100000, 0x0000000097200000|  0%| F|  |TAMS 0x0000000097100000, 0x0000000097100000| Untracked 
| 370|0x0000000097200000, 0x0000000097200000, 0x0000000097300000|  0%| F|  |TAMS 0x0000000097200000, 0x0000000097200000| Untracked 
| 371|0x0000000097300000, 0x0000000097300000, 0x0000000097400000|  0%| F|  |TAMS 0x0000000097300000, 0x0000000097300000| Untracked 
| 372|0x0000000097400000, 0x0000000097400000, 0x0000000097500000|  0%| F|  |TAMS 0x0000000097400000, 0x0000000097400000| Untracked 
| 373|0x0000000097500000, 0x0000000097500000, 0x0000000097600000|  0%| F|  |TAMS 0x0000000097500000, 0x0000000097500000| Untracked 
| 374|0x0000000097600000, 0x0000000097600000, 0x0000000097700000|  0%| F|  |TAMS 0x0000000097600000, 0x0000000097600000| Untracked 
| 375|0x0000000097700000, 0x0000000097700000, 0x0000000097800000|  0%| F|  |TAMS 0x0000000097700000, 0x0000000097700000| Untracked 
| 376|0x0000000097800000, 0x0000000097800000, 0x0000000097900000|  0%| F|  |TAMS 0x0000000097800000, 0x0000000097800000| Untracked 
| 377|0x0000000097900000, 0x0000000097900000, 0x0000000097a00000|  0%| F|  |TAMS 0x0000000097900000, 0x0000000097900000| Untracked 
| 378|0x0000000097a00000, 0x0000000097a00000, 0x0000000097b00000|  0%| F|  |TAMS 0x0000000097a00000, 0x0000000097a00000| Untracked 
| 379|0x0000000097b00000, 0x0000000097b00000, 0x0000000097c00000|  0%| F|  |TAMS 0x0000000097b00000, 0x0000000097b00000| Untracked 
| 380|0x0000000097c00000, 0x0000000097c00000, 0x0000000097d00000|  0%| F|  |TAMS 0x0000000097c00000, 0x0000000097c00000| Untracked 
| 381|0x0000000097d00000, 0x0000000097d00000, 0x0000000097e00000|  0%| F|  |TAMS 0x0000000097d00000, 0x0000000097d00000| Untracked 
| 382|0x0000000097e00000, 0x0000000097e00000, 0x0000000097f00000|  0%| F|  |TAMS 0x0000000097e00000, 0x0000000097e00000| Untracked 
| 383|0x0000000097f00000, 0x0000000097f00000, 0x0000000098000000|  0%| F|  |TAMS 0x0000000097f00000, 0x0000000097f00000| Untracked 
| 384|0x0000000098000000, 0x0000000098000000, 0x0000000098100000|  0%| F|  |TAMS 0x0000000098000000, 0x0000000098000000| Untracked 
| 385|0x0000000098100000, 0x0000000098100000, 0x0000000098200000|  0%| F|  |TAMS 0x0000000098100000, 0x0000000098100000| Untracked 
| 386|0x0000000098200000, 0x0000000098200000, 0x0000000098300000|  0%| F|  |TAMS 0x0000000098200000, 0x0000000098200000| Untracked 
| 387|0x0000000098300000, 0x0000000098300000, 0x0000000098400000|  0%| F|  |TAMS 0x0000000098300000, 0x0000000098300000| Untracked 
| 388|0x0000000098400000, 0x0000000098400000, 0x0000000098500000|  0%| F|  |TAMS 0x0000000098400000, 0x0000000098400000| Untracked 
| 389|0x0000000098500000, 0x0000000098500000, 0x0000000098600000|  0%| F|  |TAMS 0x0000000098500000, 0x0000000098500000| Untracked 
| 390|0x0000000098600000, 0x0000000098600000, 0x0000000098700000|  0%| F|  |TAMS 0x0000000098600000, 0x0000000098600000| Untracked 
| 391|0x0000000098700000, 0x0000000098700000, 0x0000000098800000|  0%| F|  |TAMS 0x0000000098700000, 0x0000000098700000| Untracked 
| 392|0x0000000098800000, 0x0000000098800000, 0x0000000098900000|  0%| F|  |TAMS 0x0000000098800000, 0x0000000098800000| Untracked 
| 393|0x0000000098900000, 0x0000000098900000, 0x0000000098a00000|  0%| F|  |TAMS 0x0000000098900000, 0x0000000098900000| Untracked 
| 394|0x0000000098a00000, 0x0000000098a00000, 0x0000000098b00000|  0%| F|  |TAMS 0x0000000098a00000, 0x0000000098a00000| Untracked 
| 395|0x0000000098b00000, 0x0000000098b00000, 0x0000000098c00000|  0%| F|  |TAMS 0x0000000098b00000, 0x0000000098b00000| Untracked 
| 396|0x0000000098c00000, 0x0000000098c00000, 0x0000000098d00000|  0%| F|  |TAMS 0x0000000098c00000, 0x0000000098c00000| Untracked 
| 397|0x0000000098d00000, 0x0000000098d00000, 0x0000000098e00000|  0%| F|  |TAMS 0x0000000098d00000, 0x0000000098d00000| Untracked 
| 398|0x0000000098e00000, 0x0000000098e00000, 0x0000000098f00000|  0%| F|  |TAMS 0x0000000098e00000, 0x0000000098e00000| Untracked 
| 399|0x0000000098f00000, 0x0000000098f00000, 0x0000000099000000|  0%| F|  |TAMS 0x0000000098f00000, 0x0000000098f00000| Untracked 
| 400|0x0000000099000000, 0x0000000099000000, 0x0000000099100000|  0%| F|  |TAMS 0x0000000099000000, 0x0000000099000000| Untracked 
| 401|0x0000000099100000, 0x0000000099100000, 0x0000000099200000|  0%| F|  |TAMS 0x0000000099100000, 0x0000000099100000| Untracked 
| 402|0x0000000099200000, 0x0000000099200000, 0x0000000099300000|  0%| F|  |TAMS 0x0000000099200000, 0x0000000099200000| Untracked 
| 403|0x0000000099300000, 0x0000000099300000, 0x0000000099400000|  0%| F|  |TAMS 0x0000000099300000, 0x0000000099300000| Untracked 
| 404|0x0000000099400000, 0x0000000099400000, 0x0000000099500000|  0%| F|  |TAMS 0x0000000099400000, 0x0000000099400000| Untracked 
| 405|0x0000000099500000, 0x0000000099500000, 0x0000000099600000|  0%| F|  |TAMS 0x0000000099500000, 0x0000000099500000| Untracked 
| 406|0x0000000099600000, 0x0000000099600000, 0x0000000099700000|  0%| F|  |TAMS 0x0000000099600000, 0x0000000099600000| Untracked 
| 407|0x0000000099700000, 0x0000000099700000, 0x0000000099800000|  0%| F|  |TAMS 0x0000000099700000, 0x0000000099700000| Untracked 
| 408|0x0000000099800000, 0x0000000099800000, 0x0000000099900000|  0%| F|  |TAMS 0x0000000099800000, 0x0000000099800000| Untracked 
| 409|0x0000000099900000, 0x0000000099900000, 0x0000000099a00000|  0%| F|  |TAMS 0x0000000099900000, 0x0000000099900000| Untracked 
| 410|0x0000000099a00000, 0x0000000099a00000, 0x0000000099b00000|  0%| F|  |TAMS 0x0000000099a00000, 0x0000000099a00000| Untracked 
| 411|0x0000000099b00000, 0x0000000099b00000, 0x0000000099c00000|  0%| F|  |TAMS 0x0000000099b00000, 0x0000000099b00000| Untracked 
| 412|0x0000000099c00000, 0x0000000099c00000, 0x0000000099d00000|  0%| F|  |TAMS 0x0000000099c00000, 0x0000000099c00000| Untracked 
| 413|0x0000000099d00000, 0x0000000099d00000, 0x0000000099e00000|  0%| F|  |TAMS 0x0000000099d00000, 0x0000000099d00000| Untracked 
| 414|0x0000000099e00000, 0x0000000099e00000, 0x0000000099f00000|  0%| F|  |TAMS 0x0000000099e00000, 0x0000000099e00000| Untracked 
| 415|0x0000000099f00000, 0x0000000099f00000, 0x000000009a000000|  0%| F|  |TAMS 0x0000000099f00000, 0x0000000099f00000| Untracked 
| 416|0x000000009a000000, 0x000000009a000000, 0x000000009a100000|  0%| F|  |TAMS 0x000000009a000000, 0x000000009a000000| Untracked 
| 417|0x000000009a100000, 0x000000009a100000, 0x000000009a200000|  0%| F|  |TAMS 0x000000009a100000, 0x000000009a100000| Untracked 
| 418|0x000000009a200000, 0x000000009a200000, 0x000000009a300000|  0%| F|  |TAMS 0x000000009a200000, 0x000000009a200000| Untracked 
| 419|0x000000009a300000, 0x000000009a300000, 0x000000009a400000|  0%| F|  |TAMS 0x000000009a300000, 0x000000009a300000| Untracked 
| 420|0x000000009a400000, 0x000000009a400000, 0x000000009a500000|  0%| F|  |TAMS 0x000000009a400000, 0x000000009a400000| Untracked 
| 421|0x000000009a500000, 0x000000009a500000, 0x000000009a600000|  0%| F|  |TAMS 0x000000009a500000, 0x000000009a500000| Untracked 
| 422|0x000000009a600000, 0x000000009a600000, 0x000000009a700000|  0%| F|  |TAMS 0x000000009a600000, 0x000000009a600000| Untracked 
| 423|0x000000009a700000, 0x000000009a700000, 0x000000009a800000|  0%| F|  |TAMS 0x000000009a700000, 0x000000009a700000| Untracked 
| 424|0x000000009a800000, 0x000000009a800000, 0x000000009a900000|  0%| F|  |TAMS 0x000000009a800000, 0x000000009a800000| Untracked 
| 425|0x000000009a900000, 0x000000009a900000, 0x000000009aa00000|  0%| F|  |TAMS 0x000000009a900000, 0x000000009a900000| Untracked 
| 426|0x000000009aa00000, 0x000000009aa00000, 0x000000009ab00000|  0%| F|  |TAMS 0x000000009aa00000, 0x000000009aa00000| Untracked 
| 427|0x000000009ab00000, 0x000000009ab00000, 0x000000009ac00000|  0%| F|  |TAMS 0x000000009ab00000, 0x000000009ab00000| Untracked 
| 428|0x000000009ac00000, 0x000000009ac00000, 0x000000009ad00000|  0%| F|  |TAMS 0x000000009ac00000, 0x000000009ac00000| Untracked 
| 429|0x000000009ad00000, 0x000000009ad00000, 0x000000009ae00000|  0%| F|  |TAMS 0x000000009ad00000, 0x000000009ad00000| Untracked 
| 430|0x000000009ae00000, 0x000000009ae00000, 0x000000009af00000|  0%| F|  |TAMS 0x000000009ae00000, 0x000000009ae00000| Untracked 
| 431|0x000000009af00000, 0x000000009af00000, 0x000000009b000000|  0%| F|  |TAMS 0x000000009af00000, 0x000000009af00000| Untracked 
| 432|0x000000009b000000, 0x000000009b000000, 0x000000009b100000|  0%| F|  |TAMS 0x000000009b000000, 0x000000009b000000| Untracked 
| 433|0x000000009b100000, 0x000000009b100000, 0x000000009b200000|  0%| F|  |TAMS 0x000000009b100000, 0x000000009b100000| Untracked 
| 434|0x000000009b200000, 0x000000009b200000, 0x000000009b300000|  0%| F|  |TAMS 0x000000009b200000, 0x000000009b200000| Untracked 
| 435|0x000000009b300000, 0x000000009b300000, 0x000000009b400000|  0%| F|  |TAMS 0x000000009b300000, 0x000000009b300000| Untracked 
| 436|0x000000009b400000, 0x000000009b400000, 0x000000009b500000|  0%| F|  |TAMS 0x000000009b400000, 0x000000009b400000| Untracked 
| 437|0x000000009b500000, 0x000000009b500000, 0x000000009b600000|  0%| F|  |TAMS 0x000000009b500000, 0x000000009b500000| Untracked 
| 438|0x000000009b600000, 0x000000009b600000, 0x000000009b700000|  0%| F|  |TAMS 0x000000009b600000, 0x000000009b600000| Untracked 
| 439|0x000000009b700000, 0x000000009b700000, 0x000000009b800000|  0%| F|  |TAMS 0x000000009b700000, 0x000000009b700000| Untracked 
| 440|0x000000009b800000, 0x000000009b800000, 0x000000009b900000|  0%| F|  |TAMS 0x000000009b800000, 0x000000009b800000| Untracked 
| 441|0x000000009b900000, 0x000000009b900000, 0x000000009ba00000|  0%| F|  |TAMS 0x000000009b900000, 0x000000009b900000| Untracked 
| 442|0x000000009ba00000, 0x000000009ba00000, 0x000000009bb00000|  0%| F|  |TAMS 0x000000009ba00000, 0x000000009ba00000| Untracked 
| 443|0x000000009bb00000, 0x000000009bb00000, 0x000000009bc00000|  0%| F|  |TAMS 0x000000009bb00000, 0x000000009bb00000| Untracked 
| 444|0x000000009bc00000, 0x000000009bc00000, 0x000000009bd00000|  0%| F|  |TAMS 0x000000009bc00000, 0x000000009bc00000| Untracked 
| 445|0x000000009bd00000, 0x000000009bd00000, 0x000000009be00000|  0%| F|  |TAMS 0x000000009bd00000, 0x000000009bd00000| Untracked 
| 446|0x000000009be00000, 0x000000009be00000, 0x000000009bf00000|  0%| F|  |TAMS 0x000000009be00000, 0x000000009be00000| Untracked 
| 447|0x000000009bf00000, 0x000000009bf00000, 0x000000009c000000|  0%| F|  |TAMS 0x000000009bf00000, 0x000000009bf00000| Untracked 
| 448|0x000000009c000000, 0x000000009c000000, 0x000000009c100000|  0%| F|  |TAMS 0x000000009c000000, 0x000000009c000000| Untracked 
| 449|0x000000009c100000, 0x000000009c100000, 0x000000009c200000|  0%| F|  |TAMS 0x000000009c100000, 0x000000009c100000| Untracked 
| 450|0x000000009c200000, 0x000000009c200000, 0x000000009c300000|  0%| F|  |TAMS 0x000000009c200000, 0x000000009c200000| Untracked 
| 451|0x000000009c300000, 0x000000009c300000, 0x000000009c400000|  0%| F|  |TAMS 0x000000009c300000, 0x000000009c300000| Untracked 
| 452|0x000000009c400000, 0x000000009c400000, 0x000000009c500000|  0%| F|  |TAMS 0x000000009c400000, 0x000000009c400000| Untracked 
| 453|0x000000009c500000, 0x000000009c500000, 0x000000009c600000|  0%| F|  |TAMS 0x000000009c500000, 0x000000009c500000| Untracked 
| 454|0x000000009c600000, 0x000000009c600000, 0x000000009c700000|  0%| F|  |TAMS 0x000000009c600000, 0x000000009c600000| Untracked 
| 455|0x000000009c700000, 0x000000009c700000, 0x000000009c800000|  0%| F|  |TAMS 0x000000009c700000, 0x000000009c700000| Untracked 
| 456|0x000000009c800000, 0x000000009c800000, 0x000000009c900000|  0%| F|  |TAMS 0x000000009c800000, 0x000000009c800000| Untracked 
| 457|0x000000009c900000, 0x000000009c900000, 0x000000009ca00000|  0%| F|  |TAMS 0x000000009c900000, 0x000000009c900000| Untracked 
| 458|0x000000009ca00000, 0x000000009ca00000, 0x000000009cb00000|  0%| F|  |TAMS 0x000000009ca00000, 0x000000009ca00000| Untracked 
| 459|0x000000009cb00000, 0x000000009cb00000, 0x000000009cc00000|  0%| F|  |TAMS 0x000000009cb00000, 0x000000009cb00000| Untracked 
| 460|0x000000009cc00000, 0x000000009cc00000, 0x000000009cd00000|  0%| F|  |TAMS 0x000000009cc00000, 0x000000009cc00000| Untracked 
| 461|0x000000009cd00000, 0x000000009cd00000, 0x000000009ce00000|  0%| F|  |TAMS 0x000000009cd00000, 0x000000009cd00000| Untracked 
| 462|0x000000009ce00000, 0x000000009ce00000, 0x000000009cf00000|  0%| F|  |TAMS 0x000000009ce00000, 0x000000009ce00000| Untracked 
| 463|0x000000009cf00000, 0x000000009cf00000, 0x000000009d000000|  0%| F|  |TAMS 0x000000009cf00000, 0x000000009cf00000| Untracked 
| 464|0x000000009d000000, 0x000000009d000000, 0x000000009d100000|  0%| F|  |TAMS 0x000000009d000000, 0x000000009d000000| Untracked 
| 465|0x000000009d100000, 0x000000009d100000, 0x000000009d200000|  0%| F|  |TAMS 0x000000009d100000, 0x000000009d100000| Untracked 
| 466|0x000000009d200000, 0x000000009d200000, 0x000000009d300000|  0%| F|  |TAMS 0x000000009d200000, 0x000000009d200000| Untracked 
| 467|0x000000009d300000, 0x000000009d300000, 0x000000009d400000|  0%| F|  |TAMS 0x000000009d300000, 0x000000009d300000| Untracked 
| 468|0x000000009d400000, 0x000000009d400000, 0x000000009d500000|  0%| F|  |TAMS 0x000000009d400000, 0x000000009d400000| Untracked 
| 469|0x000000009d500000, 0x000000009d500000, 0x000000009d600000|  0%| F|  |TAMS 0x000000009d500000, 0x000000009d500000| Untracked 
| 470|0x000000009d600000, 0x000000009d600000, 0x000000009d700000|  0%| F|  |TAMS 0x000000009d600000, 0x000000009d600000| Untracked 
| 471|0x000000009d700000, 0x000000009d700000, 0x000000009d800000|  0%| F|  |TAMS 0x000000009d700000, 0x000000009d700000| Untracked 
| 472|0x000000009d800000, 0x000000009d800000, 0x000000009d900000|  0%| F|  |TAMS 0x000000009d800000, 0x000000009d800000| Untracked 
| 473|0x000000009d900000, 0x000000009d900000, 0x000000009da00000|  0%| F|  |TAMS 0x000000009d900000, 0x000000009d900000| Untracked 
| 474|0x000000009da00000, 0x000000009da00000, 0x000000009db00000|  0%| F|  |TAMS 0x000000009da00000, 0x000000009da00000| Untracked 
| 475|0x000000009db00000, 0x000000009dba0290, 0x000000009dc00000| 62%| E|  |TAMS 0x000000009db00000, 0x000000009db00000| Complete 
| 476|0x000000009dc00000, 0x000000009dd00000, 0x000000009dd00000|100%| E|CS|TAMS 0x000000009dc00000, 0x000000009dc00000| Complete 
| 477|0x000000009dd00000, 0x000000009de00000, 0x000000009de00000|100%| E|CS|TAMS 0x000000009dd00000, 0x000000009dd00000| Complete 
| 478|0x000000009de00000, 0x000000009df00000, 0x000000009df00000|100%| E|CS|TAMS 0x000000009de00000, 0x000000009de00000| Complete 
| 479|0x000000009df00000, 0x000000009e000000, 0x000000009e000000|100%| E|CS|TAMS 0x000000009df00000, 0x000000009df00000| Complete 
| 480|0x000000009e000000, 0x000000009e100000, 0x000000009e100000|100%| E|CS|TAMS 0x000000009e000000, 0x000000009e000000| Complete 
| 481|0x000000009e100000, 0x000000009e200000, 0x000000009e200000|100%| E|CS|TAMS 0x000000009e100000, 0x000000009e100000| Complete 
| 482|0x000000009e200000, 0x000000009e300000, 0x000000009e300000|100%| E|CS|TAMS 0x000000009e200000, 0x000000009e200000| Complete 
| 483|0x000000009e300000, 0x000000009e400000, 0x000000009e400000|100%| E|CS|TAMS 0x000000009e300000, 0x000000009e300000| Complete 
| 484|0x000000009e400000, 0x000000009e500000, 0x000000009e500000|100%| E|CS|TAMS 0x000000009e400000, 0x000000009e400000| Complete 
| 485|0x000000009e500000, 0x000000009e600000, 0x000000009e600000|100%| E|CS|TAMS 0x000000009e500000, 0x000000009e500000| Complete 
| 486|0x000000009e600000, 0x000000009e700000, 0x000000009e700000|100%| E|CS|TAMS 0x000000009e600000, 0x000000009e600000| Complete 
| 487|0x000000009e700000, 0x000000009e800000, 0x000000009e800000|100%| E|CS|TAMS 0x000000009e700000, 0x000000009e700000| Complete 
| 488|0x000000009e800000, 0x000000009e900000, 0x000000009e900000|100%| E|CS|TAMS 0x000000009e800000, 0x000000009e800000| Complete 
| 489|0x000000009e900000, 0x000000009e9ffa48, 0x000000009ea00000| 99%| E|  |TAMS 0x000000009e900000, 0x000000009e900000| Complete 
| 490|0x000000009ea00000, 0x000000009eb00000, 0x000000009eb00000|100%| E|CS|TAMS 0x000000009ea00000, 0x000000009ea00000| Complete 
| 491|0x000000009eb00000, 0x000000009ec00000, 0x000000009ec00000|100%| E|CS|TAMS 0x000000009eb00000, 0x000000009eb00000| Complete 
| 492|0x000000009ec00000, 0x000000009ed00000, 0x000000009ed00000|100%| E|CS|TAMS 0x000000009ec00000, 0x000000009ec00000| Complete 
| 493|0x000000009ed00000, 0x000000009ee00000, 0x000000009ee00000|100%| E|CS|TAMS 0x000000009ed00000, 0x000000009ed00000| Complete 
| 494|0x000000009ee00000, 0x000000009ef00000, 0x000000009ef00000|100%| E|CS|TAMS 0x000000009ee00000, 0x000000009ee00000| Complete 
| 495|0x000000009ef00000, 0x000000009f000000, 0x000000009f000000|100%| E|CS|TAMS 0x000000009ef00000, 0x000000009ef00000| Complete 
| 496|0x000000009f000000, 0x000000009f100000, 0x000000009f100000|100%| E|CS|TAMS 0x000000009f000000, 0x000000009f000000| Complete 
| 497|0x000000009f100000, 0x000000009f200000, 0x000000009f200000|100%| E|CS|TAMS 0x000000009f100000, 0x000000009f100000| Complete 
| 498|0x000000009f200000, 0x000000009f300000, 0x000000009f300000|100%| E|CS|TAMS 0x000000009f200000, 0x000000009f200000| Complete 
| 499|0x000000009f300000, 0x000000009f400000, 0x000000009f400000|100%| E|CS|TAMS 0x000000009f300000, 0x000000009f300000| Complete 
| 500|0x000000009f400000, 0x000000009f500000, 0x000000009f500000|100%| E|CS|TAMS 0x000000009f400000, 0x000000009f400000| Complete 
| 501|0x000000009f500000, 0x000000009f600000, 0x000000009f600000|100%| E|CS|TAMS 0x000000009f500000, 0x000000009f500000| Complete 
| 502|0x000000009f600000, 0x000000009f700000, 0x000000009f700000|100%| E|CS|TAMS 0x000000009f600000, 0x000000009f600000| Complete 
| 503|0x000000009f700000, 0x000000009f800000, 0x000000009f800000|100%| E|CS|TAMS 0x000000009f700000, 0x000000009f700000| Complete 
| 504|0x000000009f800000, 0x000000009f900000, 0x000000009f900000|100%| E|CS|TAMS 0x000000009f800000, 0x000000009f800000| Complete 
| 505|0x000000009f900000, 0x000000009fa00000, 0x000000009fa00000|100%| E|CS|TAMS 0x000000009f900000, 0x000000009f900000| Complete 
| 506|0x000000009fa00000, 0x000000009fb00000, 0x000000009fb00000|100%| E|CS|TAMS 0x000000009fa00000, 0x000000009fa00000| Complete 
| 507|0x000000009fb00000, 0x000000009fc00000, 0x000000009fc00000|100%| E|CS|TAMS 0x000000009fb00000, 0x000000009fb00000| Complete 
| 508|0x000000009fc00000, 0x000000009fd00000, 0x000000009fd00000|100%| E|CS|TAMS 0x000000009fc00000, 0x000000009fc00000| Complete 
| 509|0x000000009fd00000, 0x000000009fe00000, 0x000000009fe00000|100%| E|CS|TAMS 0x000000009fd00000, 0x000000009fd00000| Complete 
| 510|0x000000009fe00000, 0x000000009ff00000, 0x000000009ff00000|100%| E|CS|TAMS 0x000000009fe00000, 0x000000009fe00000| Complete 
| 511|0x000000009ff00000, 0x00000000a0000000, 0x00000000a0000000|100%| E|CS|TAMS 0x000000009ff00000, 0x000000009ff00000| Complete 
| 512|0x00000000a0000000, 0x00000000a0100000, 0x00000000a0100000|100%| E|CS|TAMS 0x00000000a0000000, 0x00000000a0000000| Complete 
| 513|0x00000000a0100000, 0x00000000a0200000, 0x00000000a0200000|100%| E|CS|TAMS 0x00000000a0100000, 0x00000000a0100000| Complete 
| 514|0x00000000a0200000, 0x00000000a0300000, 0x00000000a0300000|100%| E|CS|TAMS 0x00000000a0200000, 0x00000000a0200000| Complete 
| 515|0x00000000a0300000, 0x00000000a0400000, 0x00000000a0400000|100%| E|CS|TAMS 0x00000000a0300000, 0x00000000a0300000| Complete 
| 516|0x00000000a0400000, 0x00000000a0500000, 0x00000000a0500000|100%| E|CS|TAMS 0x00000000a0400000, 0x00000000a0400000| Complete 
| 517|0x00000000a0500000, 0x00000000a0600000, 0x00000000a0600000|100%| E|CS|TAMS 0x00000000a0500000, 0x00000000a0500000| Complete 
| 518|0x00000000a0600000, 0x00000000a0700000, 0x00000000a0700000|100%| E|CS|TAMS 0x00000000a0600000, 0x00000000a0600000| Complete 
| 519|0x00000000a0700000, 0x00000000a0800000, 0x00000000a0800000|100%| E|CS|TAMS 0x00000000a0700000, 0x00000000a0700000| Complete 
| 520|0x00000000a0800000, 0x00000000a0900000, 0x00000000a0900000|100%| E|CS|TAMS 0x00000000a0800000, 0x00000000a0800000| Complete 
| 521|0x00000000a0900000, 0x00000000a0a00000, 0x00000000a0a00000|100%| E|CS|TAMS 0x00000000a0900000, 0x00000000a0900000| Complete 
| 522|0x00000000a0a00000, 0x00000000a0b00000, 0x00000000a0b00000|100%| E|CS|TAMS 0x00000000a0a00000, 0x00000000a0a00000| Complete 
| 523|0x00000000a0b00000, 0x00000000a0c00000, 0x00000000a0c00000|100%| E|CS|TAMS 0x00000000a0b00000, 0x00000000a0b00000| Complete 
| 524|0x00000000a0c00000, 0x00000000a0d00000, 0x00000000a0d00000|100%| E|CS|TAMS 0x00000000a0c00000, 0x00000000a0c00000| Complete 
| 525|0x00000000a0d00000, 0x00000000a0e00000, 0x00000000a0e00000|100%| E|CS|TAMS 0x00000000a0d00000, 0x00000000a0d00000| Complete 
| 526|0x00000000a0e00000, 0x00000000a0f00000, 0x00000000a0f00000|100%| E|CS|TAMS 0x00000000a0e00000, 0x00000000a0e00000| Complete 
| 527|0x00000000a0f00000, 0x00000000a1000000, 0x00000000a1000000|100%| E|CS|TAMS 0x00000000a0f00000, 0x00000000a0f00000| Complete 
| 528|0x00000000a1000000, 0x00000000a1072b60, 0x00000000a1100000| 44%| S|CS|TAMS 0x00000000a1000000, 0x00000000a1000000| Complete 
| 529|0x00000000a1100000, 0x00000000a1200000, 0x00000000a1200000|100%| S|CS|TAMS 0x00000000a1100000, 0x00000000a1100000| Complete 
| 530|0x00000000a1200000, 0x00000000a1300000, 0x00000000a1300000|100%| S|CS|TAMS 0x00000000a1200000, 0x00000000a1200000| Complete 
| 531|0x00000000a1300000, 0x00000000a1400000, 0x00000000a1400000|100%| E|CS|TAMS 0x00000000a1300000, 0x00000000a1300000| Complete 
| 532|0x00000000a1400000, 0x00000000a1500000, 0x00000000a1500000|100%| E|CS|TAMS 0x00000000a1400000, 0x00000000a1400000| Complete 
| 533|0x00000000a1500000, 0x00000000a1600000, 0x00000000a1600000|100%| E|CS|TAMS 0x00000000a1500000, 0x00000000a1500000| Complete 
| 534|0x00000000a1600000, 0x00000000a1700000, 0x00000000a1700000|100%| E|CS|TAMS 0x00000000a1600000, 0x00000000a1600000| Complete 
| 535|0x00000000a1700000, 0x00000000a1800000, 0x00000000a1800000|100%| E|CS|TAMS 0x00000000a1700000, 0x00000000a1700000| Complete 
| 536|0x00000000a1800000, 0x00000000a1900000, 0x00000000a1900000|100%| E|CS|TAMS 0x00000000a1800000, 0x00000000a1800000| Complete 
| 537|0x00000000a1900000, 0x00000000a1a00000, 0x00000000a1a00000|100%| E|CS|TAMS 0x00000000a1900000, 0x00000000a1900000| Complete 
| 538|0x00000000a1a00000, 0x00000000a1b00000, 0x00000000a1b00000|100%| E|CS|TAMS 0x00000000a1a00000, 0x00000000a1a00000| Complete 
| 539|0x00000000a1b00000, 0x00000000a1c00000, 0x00000000a1c00000|100%| E|CS|TAMS 0x00000000a1b00000, 0x00000000a1b00000| Complete 
| 540|0x00000000a1c00000, 0x00000000a1d00000, 0x00000000a1d00000|100%| E|CS|TAMS 0x00000000a1c00000, 0x00000000a1c00000| Complete 
| 541|0x00000000a1d00000, 0x00000000a1e00000, 0x00000000a1e00000|100%| E|CS|TAMS 0x00000000a1d00000, 0x00000000a1d00000| Complete 
| 542|0x00000000a1e00000, 0x00000000a1f00000, 0x00000000a1f00000|100%| E|CS|TAMS 0x00000000a1e00000, 0x00000000a1e00000| Complete 
| 543|0x00000000a1f00000, 0x00000000a2000000, 0x00000000a2000000|100%| E|CS|TAMS 0x00000000a1f00000, 0x00000000a1f00000| Complete 
| 544|0x00000000a2000000, 0x00000000a2100000, 0x00000000a2100000|100%| E|CS|TAMS 0x00000000a2000000, 0x00000000a2000000| Complete 
| 545|0x00000000a2100000, 0x00000000a2200000, 0x00000000a2200000|100%| E|CS|TAMS 0x00000000a2100000, 0x00000000a2100000| Complete 
| 546|0x00000000a2200000, 0x00000000a2300000, 0x00000000a2300000|100%| E|CS|TAMS 0x00000000a2200000, 0x00000000a2200000| Complete 
| 547|0x00000000a2300000, 0x00000000a2400000, 0x00000000a2400000|100%| E|CS|TAMS 0x00000000a2300000, 0x00000000a2300000| Complete 
| 548|0x00000000a2400000, 0x00000000a2500000, 0x00000000a2500000|100%| E|CS|TAMS 0x00000000a2400000, 0x00000000a2400000| Complete 
| 549|0x00000000a2500000, 0x00000000a2600000, 0x00000000a2600000|100%| E|CS|TAMS 0x00000000a2500000, 0x00000000a2500000| Complete 

Card table byte_map: [0x000001b5ae3c0000,0x000001b5ae7c0000] _byte_map_base: 0x000001b5adfc0000

Marking Bits (Prev, Next): (CMBitMap*) 0x000001b59719f450, (CMBitMap*) 0x000001b59719f490
 Prev Bits: [0x000001b5aebc0000, 0x000001b5b0bc0000)
 Next Bits: [0x000001b5b0bc0000, 0x000001b5b2bc0000)

Polling page: 0x000001b594eb0000

Metaspace:

Usage:
  Non-class:    136.36 MB used.
      Class:     21.06 MB used.
       Both:    157.42 MB used.

Virtual space:
  Non-class space:      192.00 MB reserved,     137.31 MB ( 72%) committed,  3 nodes.
      Class space:      416.00 MB reserved,      21.94 MB (  5%) committed,  1 nodes.
             Both:      608.00 MB reserved,     159.25 MB ( 26%) committed. 

Chunk freelists:
   Non-Class:  5.91 MB
       Class:  9.92 MB
        Both:  15.83 MB

MaxMetaspaceSize: 512.00 MB
CompressedClassSpaceSize: 416.00 MB
Initial GC threshold: 21.00 MB
Current GC threshold: 248.06 MB
CDS: on
MetaspaceReclaimPolicy: balanced
 - commit_granule_bytes: 65536.
 - commit_granule_words: 8192.
 - virtual_space_node_default_size: 8388608.
 - enlarge_chunks_in_place: 1.
 - new_chunks_are_fully_committed: 0.
 - uncommit_free_chunks: 1.
 - use_allocation_guard: 0.
 - handle_deallocations: 1.


Internal statistics:

num_allocs_failed_limit: 12.
num_arena_births: 2538.
num_arena_deaths: 4.
num_vsnodes_births: 4.
num_vsnodes_deaths: 0.
num_space_committed: 2549.
num_space_uncommitted: 3.
num_chunks_returned_to_freelist: 52.
num_chunks_taken_from_freelist: 10064.
num_chunk_merges: 21.
num_chunk_splits: 6385.
num_chunks_enlarged: 3912.
num_inconsistent_stats: 0.

CodeHeap 'non-profiled nmethods': size=120000Kb used=15010Kb max_used=15832Kb free=104989Kb
 bounds [0x000001b5a6750000, 0x000001b5a76d0000, 0x000001b5adc80000]
CodeHeap 'profiled nmethods': size=120000Kb used=43649Kb max_used=44789Kb free=76350Kb
 bounds [0x000001b59ec80000, 0x000001b5a1870000, 0x000001b5a61b0000]
CodeHeap 'non-nmethods': size=5760Kb used=2533Kb max_used=2603Kb free=3226Kb
 bounds [0x000001b5a61b0000, 0x000001b5a6440000, 0x000001b5a6750000]
 total_blobs=23859 nmethods=22771 adapters=999
 compilation: enabled
              stopped_count=0, restarted_count=0
 full_count=0

Compilation events (20 events):
Event: 134.659 Thread 0x000001b5b4fc1fa0 29512       1       com.android.tools.r8.graph.Z::D (2 bytes)
Event: 134.659 Thread 0x000001b5b4fc1fa0 nmethod 29512 0x000001b5a7498090 code [0x000001b5a7498220, 0x000001b5a74982f8]
Event: 134.769 Thread 0x000001b5b4fc1fa0 29515       3       com.android.tools.r8.graph.I2::get (2 bytes)
Event: 134.769 Thread 0x000001b5b4fc1fa0 nmethod 29515 0x000001b5a0f58590 code [0x000001b5a0f58720, 0x000001b5a0f58838]
Event: 134.772 Thread 0x000001b5b4fc1fa0 29517       3       com.android.tools.r8.graph.J2::a (9 bytes)
Event: 134.772 Thread 0x000001b5b4fc1fa0 nmethod 29517 0x000001b5a0fc4e10 code [0x000001b5a0fc4fa0, 0x000001b5a0fc5118]
Event: 134.772 Thread 0x000001b5b4fc1fa0 29516       3       com.android.tools.r8.graph.B2::a (26 bytes)
Event: 134.773 Thread 0x000001b5b4fc1fa0 nmethod 29516 0x000001b59fd0c010 code [0x000001b59fd0c1c0, 0x000001b59fd0c4b8]
Event: 134.799 Thread 0x000001b5b4fc1fa0 29518   !   2       java.nio.file.Files::walkFileTree (297 bytes)
Event: 134.801 Thread 0x000001b5b4fc1fa0 nmethod 29518 0x000001b59ffc6790 code [0x000001b59ffc6a40, 0x000001b59ffc7398]
Event: 134.829 Thread 0x000001b5b4fc1fa0 29520       3       org.gradle.internal.time.Time::startCountdownTimer (13 bytes)
Event: 134.829 Thread 0x000001b5b4fc1fa0 nmethod 29520 0x000001b5a1026990 code [0x000001b5a1026b80, 0x000001b5a1027158]
Event: 134.866 Thread 0x000001b5b4fc1fa0 29521       2       java.util.ArrayDeque::push (6 bytes)
Event: 134.866 Thread 0x000001b5b4fc1fa0 nmethod 29521 0x000001b5a1000e10 code [0x000001b5a1000fa0, 0x000001b5a10010c8]
Event: 134.878 Thread 0x000001b5b4fc1fa0 29523       2       org.gradle.internal.snapshot.impl.DirectorySnapshotter$PathVisitor::doPostVisitDirectory (84 bytes)
Event: 134.880 Thread 0x000001b5b4fc1fa0 nmethod 29523 0x000001b5a1093390 code [0x000001b5a1093600, 0x000001b5a1093f08]
Event: 134.894 Thread 0x000001b5b4fc1fa0 29524       2       org.gradle.internal.snapshot.impl.FilteredTrackingMerkleDirectorySnapshotBuilder::leaveDirectory (90 bytes)
Event: 134.895 Thread 0x000001b5b4fc1fa0 nmethod 29524 0x000001b5a10b2b10 code [0x000001b5a10b2d00, 0x000001b5a10b30c8]
Event: 134.952 Thread 0x000001b5b4fc1fa0 29526       3       org.gradle.internal.logging.slf4j.OutputEventListenerBackedLogger::isLevelAtMost (20 bytes)
Event: 134.953 Thread 0x000001b5b4fc1fa0 nmethod 29526 0x000001b5a067c490 code [0x000001b5a067c640, 0x000001b5a067c968]

GC Heap History (20 events):
Event: 74.829 GC heap before
{Heap before GC invocations=86 (full 0):
 garbage-first heap   total 563200K, used 423189K [0x0000000080000000, 0x0000000100000000)
  region size 1024K, 106 young (108544K), 3 survivors (3072K)
 Metaspace       used 132341K, committed 133888K, reserved 557056K
  class space    used 17852K, committed 18560K, reserved 425984K
}
Event: 74.845 GC heap after
{Heap after GC invocations=87 (full 0):
 garbage-first heap   total 563200K, used 327832K [0x0000000080000000, 0x0000000100000000)
  region size 1024K, 12 young (12288K), 12 survivors (12288K)
 Metaspace       used 132341K, committed 133888K, reserved 557056K
  class space    used 17852K, committed 18560K, reserved 425984K
}
Event: 79.803 GC heap before
{Heap before GC invocations=87 (full 0):
 garbage-first heap   total 563200K, used 433304K [0x0000000080000000, 0x0000000100000000)
  region size 1024K, 116 young (118784K), 12 survivors (12288K)
 Metaspace       used 133583K, committed 135104K, reserved 557056K
  class space    used 17974K, committed 18688K, reserved 425984K
}
Event: 79.828 GC heap after
{Heap after GC invocations=88 (full 0):
 garbage-first heap   total 563200K, used 329839K [0x0000000080000000, 0x0000000100000000)
  region size 1024K, 8 young (8192K), 8 survivors (8192K)
 Metaspace       used 133583K, committed 135104K, reserved 557056K
  class space    used 17974K, committed 18688K, reserved 425984K
}
Event: 86.611 GC heap before
{Heap before GC invocations=88 (full 0):
 garbage-first heap   total 563200K, used 447599K [0x0000000080000000, 0x0000000100000000)
  region size 1024K, 118 young (120832K), 8 survivors (8192K)
 Metaspace       used 143438K, committed 145088K, reserved 557056K
  class space    used 19148K, committed 19904K, reserved 425984K
}
Event: 86.644 GC heap after
{Heap after GC invocations=89 (full 0):
 garbage-first heap   total 563200K, used 338782K [0x0000000080000000, 0x0000000100000000)
  region size 1024K, 14 young (14336K), 14 survivors (14336K)
 Metaspace       used 143438K, committed 145088K, reserved 557056K
  class space    used 19148K, committed 19904K, reserved 425984K
}
Event: 88.320 GC heap before
{Heap before GC invocations=89 (full 0):
 garbage-first heap   total 563200K, used 422750K [0x0000000080000000, 0x0000000100000000)
  region size 1024K, 96 young (98304K), 14 survivors (14336K)
 Metaspace       used 144355K, committed 145984K, reserved 557056K
  class space    used 19258K, committed 20032K, reserved 425984K
}
Event: 88.386 GC heap after
{Heap after GC invocations=90 (full 0):
 garbage-first heap   total 563200K, used 339417K [0x0000000080000000, 0x0000000100000000)
  region size 1024K, 6 young (6144K), 6 survivors (6144K)
 Metaspace       used 144355K, committed 145984K, reserved 557056K
  class space    used 19258K, committed 20032K, reserved 425984K
}
Event: 96.211 GC heap before
{Heap before GC invocations=91 (full 0):
 garbage-first heap   total 563200K, used 427481K [0x0000000080000000, 0x0000000100000000)
  region size 1024K, 121 young (123904K), 6 survivors (6144K)
 Metaspace       used 146228K, committed 147904K, reserved 557056K
  class space    used 19382K, committed 20160K, reserved 425984K
}
Event: 96.220 GC heap after
{Heap after GC invocations=92 (full 0):
 garbage-first heap   total 563200K, used 309541K [0x0000000080000000, 0x0000000100000000)
  region size 1024K, 7 young (7168K), 7 survivors (7168K)
 Metaspace       used 146228K, committed 147904K, reserved 557056K
  class space    used 19382K, committed 20160K, reserved 425984K
}
Event: 96.589 GC heap before
{Heap before GC invocations=92 (full 0):
 garbage-first heap   total 563200K, used 328997K [0x0000000080000000, 0x0000000100000000)
  region size 1024K, 27 young (27648K), 7 survivors (7168K)
 Metaspace       used 146363K, committed 147968K, reserved 557056K
  class space    used 19401K, committed 20160K, reserved 425984K
}
Event: 96.608 GC heap after
{Heap after GC invocations=93 (full 0):
 garbage-first heap   total 563200K, used 279623K [0x0000000080000000, 0x0000000100000000)
  region size 1024K, 4 young (4096K), 4 survivors (4096K)
 Metaspace       used 146363K, committed 147968K, reserved 557056K
  class space    used 19401K, committed 20160K, reserved 425984K
}
Event: 105.355 GC heap before
{Heap before GC invocations=93 (full 0):
 garbage-first heap   total 563200K, used 454727K [0x0000000080000000, 0x0000000100000000)
  region size 1024K, 170 young (174080K), 4 survivors (4096K)
 Metaspace       used 150623K, committed 152384K, reserved 622592K
  class space    used 19905K, committed 20736K, reserved 425984K
}
Event: 105.381 GC heap after
{Heap after GC invocations=94 (full 0):
 garbage-first heap   total 563200K, used 292073K [0x0000000080000000, 0x0000000100000000)
  region size 1024K, 14 young (14336K), 14 survivors (14336K)
 Metaspace       used 150623K, committed 152384K, reserved 622592K
  class space    used 19905K, committed 20736K, reserved 425984K
}
Event: 110.560 GC heap before
{Heap before GC invocations=94 (full 0):
 garbage-first heap   total 563200K, used 309481K [0x0000000080000000, 0x0000000100000000)
  region size 1024K, 33 young (33792K), 14 survivors (14336K)
 Metaspace       used 150843K, committed 152576K, reserved 622592K
  class space    used 19930K, committed 20736K, reserved 425984K
}
Event: 110.627 GC heap after
{Heap after GC invocations=95 (full 0):
 garbage-first heap   total 563200K, used 290016K [0x0000000080000000, 0x0000000100000000)
  region size 1024K, 2 young (2048K), 2 survivors (2048K)
 Metaspace       used 150843K, committed 152576K, reserved 622592K
  class space    used 19930K, committed 20736K, reserved 425984K
}
Event: 132.930 GC heap before
{Heap before GC invocations=96 (full 0):
 garbage-first heap   total 563200K, used 472288K [0x0000000080000000, 0x0000000100000000)
  region size 1024K, 171 young (175104K), 2 survivors (2048K)
 Metaspace       used 155676K, committed 157440K, reserved 622592K
  class space    used 20633K, committed 21504K, reserved 425984K
}
Event: 132.960 GC heap after
{Heap after GC invocations=97 (full 0):
 garbage-first heap   total 563200K, used 298391K [0x0000000080000000, 0x0000000100000000)
  region size 1024K, 8 young (8192K), 8 survivors (8192K)
 Metaspace       used 155676K, committed 157440K, reserved 622592K
  class space    used 20633K, committed 21504K, reserved 425984K
}
Event: 133.564 GC heap before
{Heap before GC invocations=97 (full 0):
 garbage-first heap   total 563200K, used 316823K [0x0000000080000000, 0x0000000100000000)
  region size 1024K, 27 young (27648K), 8 survivors (8192K)
 Metaspace       used 156848K, committed 158592K, reserved 622592K
  class space    used 20852K, committed 21696K, reserved 425984K
}
Event: 133.603 GC heap after
{Heap after GC invocations=98 (full 0):
 garbage-first heap   total 563200K, used 289373K [0x0000000080000000, 0x0000000100000000)
  region size 1024K, 3 young (3072K), 3 survivors (3072K)
 Metaspace       used 156848K, committed 158592K, reserved 622592K
  class space    used 20852K, committed 21696K, reserved 425984K
}

Dll operation events (16 events):
Event: 0.018 Loaded shared library C:\Program Files\Microsoft\jdk-17.0.15.6-hotspot\bin\java.dll
Event: 0.040 Loaded shared library C:\Program Files\Microsoft\jdk-17.0.15.6-hotspot\bin\jsvml.dll
Event: 0.114 Loaded shared library C:\Program Files\Microsoft\jdk-17.0.15.6-hotspot\bin\zip.dll
Event: 0.120 Loaded shared library C:\Program Files\Microsoft\jdk-17.0.15.6-hotspot\bin\instrument.dll
Event: 0.127 Loaded shared library C:\Program Files\Microsoft\jdk-17.0.15.6-hotspot\bin\net.dll
Event: 0.129 Loaded shared library C:\Program Files\Microsoft\jdk-17.0.15.6-hotspot\bin\nio.dll
Event: 0.132 Loaded shared library C:\Program Files\Microsoft\jdk-17.0.15.6-hotspot\bin\zip.dll
Event: 0.611 Loaded shared library C:\Program Files\Microsoft\jdk-17.0.15.6-hotspot\bin\jimage.dll
Event: 0.859 Loaded shared library C:\Program Files\Microsoft\jdk-17.0.15.6-hotspot\bin\verify.dll
Event: 1.012 Loaded shared library C:\Users\HP\.gradle\native\1def1411415f61bf3af743bc5b6707747c0891f09f0c88961ee8f79bc544acac\windows-amd64\native-platform.dll
Event: 1.051 Loaded shared library C:\Users\HP\.gradle\native\0.2.7\x86_64-windows-gnu\gradle-fileevents.dll
Event: 3.365 Loaded shared library C:\Program Files\Microsoft\jdk-17.0.15.6-hotspot\bin\management.dll
Event: 3.369 Loaded shared library C:\Program Files\Microsoft\jdk-17.0.15.6-hotspot\bin\management_ext.dll
Event: 3.694 Loaded shared library C:\Program Files\Microsoft\jdk-17.0.15.6-hotspot\bin\extnet.dll
Event: 4.025 Loaded shared library C:\Program Files\Microsoft\jdk-17.0.15.6-hotspot\bin\sunmscapi.dll
Event: 98.240 Loaded shared library C:\Program Files\Microsoft\jdk-17.0.15.6-hotspot\bin\rmi.dll

Deoptimization events (20 events):
Event: 133.754 Thread 0x000001b5d8348c30 DEOPT PACKING pc=0x000001b5a71f761c sp=0x00000040ce4f99b0
Event: 133.754 Thread 0x000001b5d8348c30 DEOPT UNPACKING pc=0x000001b5a62069a3 sp=0x00000040ce4f9940 mode 2
Event: 134.156 Thread 0x000001b5d8349140 DEOPT PACKING pc=0x000001b5a0380084 sp=0x00000040ce5fbed0
Event: 134.156 Thread 0x000001b5d8349140 DEOPT UNPACKING pc=0x000001b5a6207143 sp=0x00000040ce5fb390 mode 0
Event: 134.306 Thread 0x000001b5d8349140 Uncommon trap: trap_request=0xffffffd6 fr.pc=0x000001b5a768c79c relative=0x000000000000085c
Event: 134.306 Thread 0x000001b5d8349140 Uncommon trap: reason=array_check action=maybe_recompile pc=0x000001b5a768c79c method=java.util.ComparableTimSort.binarySort([Ljava/lang/Object;III)V @ 183 c2
Event: 134.306 Thread 0x000001b5d8349140 DEOPT PACKING pc=0x000001b5a768c79c sp=0x00000040ce5fca10
Event: 134.306 Thread 0x000001b5d8349140 DEOPT UNPACKING pc=0x000001b5a62069a3 sp=0x00000040ce5fc9b0 mode 2
Event: 134.306 Thread 0x000001b5d8349140 Uncommon trap: trap_request=0xffffffd6 fr.pc=0x000001b5a768c79c relative=0x000000000000085c
Event: 134.306 Thread 0x000001b5d8349140 Uncommon trap: reason=array_check action=maybe_recompile pc=0x000001b5a768c79c method=java.util.ComparableTimSort.binarySort([Ljava/lang/Object;III)V @ 183 c2
Event: 134.306 Thread 0x000001b5d8349140 DEOPT PACKING pc=0x000001b5a768c79c sp=0x00000040ce5fca10
Event: 134.306 Thread 0x000001b5d8349140 DEOPT UNPACKING pc=0x000001b5a62069a3 sp=0x00000040ce5fc9b0 mode 2
Event: 134.306 Thread 0x000001b5d8349140 Uncommon trap: trap_request=0xffffffd6 fr.pc=0x000001b5a768c6e8 relative=0x00000000000007a8
Event: 134.306 Thread 0x000001b5d8349140 Uncommon trap: reason=array_check action=maybe_recompile pc=0x000001b5a768c6e8 method=java.util.ComparableTimSort.binarySort([Ljava/lang/Object;III)V @ 193 c2
Event: 134.306 Thread 0x000001b5d8349140 DEOPT PACKING pc=0x000001b5a768c6e8 sp=0x00000040ce5fca10
Event: 134.307 Thread 0x000001b5d8349140 DEOPT UNPACKING pc=0x000001b5a62069a3 sp=0x00000040ce5fc9b0 mode 2
Event: 134.307 Thread 0x000001b5d8349140 Uncommon trap: trap_request=0xffffffd6 fr.pc=0x000001b5a768c5d4 relative=0x0000000000000694
Event: 134.307 Thread 0x000001b5d8349140 Uncommon trap: reason=array_check action=maybe_recompile pc=0x000001b5a768c5d4 method=java.util.ComparableTimSort.binarySort([Ljava/lang/Object;III)V @ 215 c2
Event: 134.307 Thread 0x000001b5d8349140 DEOPT PACKING pc=0x000001b5a768c5d4 sp=0x00000040ce5fca10
Event: 134.307 Thread 0x000001b5d8349140 DEOPT UNPACKING pc=0x000001b5a62069a3 sp=0x00000040ce5fc9b0 mode 2

Classes loaded (20 events):
Event: 98.704 Loading class sun/rmi/transport/DGCImpl$1
Event: 98.704 Loading class sun/rmi/transport/DGCImpl$1 done
Event: 98.704 Loading class sun/rmi/transport/SequenceEntry
Event: 98.705 Loading class sun/rmi/transport/SequenceEntry done
Event: 113.830 Loading class java/rmi/server/Unreferenced
Event: 113.832 Loading class java/rmi/server/Unreferenced done
Event: 118.566 Loading class java/text/FieldPosition$Delegate
Event: 118.569 Loading class java/text/FieldPosition$Delegate done
Event: 127.988 Loading class java/util/zip/Deflater
Event: 127.997 Loading class java/util/zip/Deflater done
Event: 128.003 Loading class java/util/zip/Deflater$DeflaterZStreamRef
Event: 128.005 Loading class java/util/zip/Deflater$DeflaterZStreamRef done
Event: 128.649 Loading class sun/nio/fs/Globs
Event: 128.650 Loading class sun/nio/fs/Globs done
Event: 128.651 Loading class java/util/regex/Pattern$SliceU
Event: 128.652 Loading class java/util/regex/Pattern$SliceU done
Event: 128.653 Loading class sun/nio/fs/WindowsFileSystem$2
Event: 128.653 Loading class sun/nio/fs/WindowsFileSystem$2 done
Event: 130.757 Loading class java/util/concurrent/RejectedExecutionException
Event: 130.761 Loading class java/util/concurrent/RejectedExecutionException done

Classes unloaded (20 events):
Event: 112.336 Thread 0x000001b5b4f8cc00 Unloading class 0x000001b5b8323800 'jdk/internal/jimage/ImageHeader'
Event: 112.336 Thread 0x000001b5b4f8cc00 Unloading class 0x000001b5b8322dc8 'jdk/internal/jimage/BasicImageReader$2'
Event: 112.336 Thread 0x000001b5b4f8cc00 Unloading class 0x000001b5b8322b98 'jdk/internal/jimage/BasicImageReader$1'
Event: 112.336 Thread 0x000001b5b4f8cc00 Unloading class 0x000001b5b8322930 'jdk/internal/jimage/ImageReader$Resource'
Event: 112.336 Thread 0x000001b5b4f8cc00 Unloading class 0x000001b5b83226c8 'jdk/internal/jimage/ImageReader$LinkNode'
Event: 112.336 Thread 0x000001b5b4f8cc00 Unloading class 0x000001b5b8322460 'jdk/internal/jimage/ImageReader$Directory'
Event: 112.336 Thread 0x000001b5b4f8cc00 Unloading class 0x000001b5b83221f8 'jdk/internal/jimage/ImageReader$Node'
Event: 112.336 Thread 0x000001b5b4f8cc00 Unloading class 0x000001b5b8322000 'jdk/internal/jimage/ImageStrings'
Event: 112.337 Thread 0x000001b5b4f8cc00 Unloading class 0x000001b5b8321b50 'jdk/internal/jimage/ImageReader$SharedImageReader'
Event: 112.337 Thread 0x000001b5b4f8cc00 Unloading class 0x000001b5b8321890 'jdk/internal/jimage/BasicImageReader'
Event: 112.337 Thread 0x000001b5b4f8cc00 Unloading class 0x000001b5b8321670 'jdk/internal/jimage/ImageReader'
Event: 112.337 Thread 0x000001b5b4f8cc00 Unloading class 0x000001b5b8321448 'jdk/internal/jrtfs/SystemImage$2'
Event: 112.337 Thread 0x000001b5b4f8cc00 Unloading class 0x000001b5b8321230 'jdk/internal/jrtfs/SystemImage$$Lambda$2908+0x000001b5b8321230'
Event: 112.338 Thread 0x000001b5b4f8cc00 Unloading class 0x000001b5b8321000 'jdk/internal/jrtfs/ExplodedImage'
Event: 112.338 Thread 0x000001b5b4f8cc00 Unloading class 0x000001b5b8320dc8 'jdk/internal/jrtfs/SystemImage$1'
Event: 112.338 Thread 0x000001b5b4f8cc00 Unloading class 0x000001b5b8320bb0 'jdk/internal/jrtfs/SystemImage'
Event: 112.338 Thread 0x000001b5b4f8cc00 Unloading class 0x000001b5b8320950 'jdk/internal/jrtfs/JrtFileStore'
Event: 112.339 Thread 0x000001b5b4f8cc00 Unloading class 0x000001b5b83205d8 'jdk/internal/jrtfs/JrtPath'
Event: 112.340 Thread 0x000001b5b4f8cc00 Unloading class 0x000001b5b83202e0 'jdk/internal/jrtfs/JrtFileSystem'
Event: 112.340 Thread 0x000001b5b4f8cc00 Unloading class 0x000001b5b8320000 'jdk/internal/jrtfs/JrtFileSystemProvider'

Classes redefined (0 events):
No events

Internal exceptions (20 events):
Event: 129.324 Thread 0x000001b5d8349140 Exception <a 'sun/nio/fs/WindowsException'{0x000000009b9f2a98}> (0x000000009b9f2a98) 
thrown [s\src\hotspot\share\prims\jni.cpp, line 516]
Event: 129.330 Thread 0x000001b5d8349140 Exception <a 'sun/nio/fs/WindowsException'{0x000000009b832230}> (0x000000009b832230) 
thrown [s\src\hotspot\share\prims\jni.cpp, line 516]
Event: 131.800 Thread 0x000001b5d834afa0 Exception <a 'java/lang/NoSuchMethodError'{0x000000009924c718}: 'java.lang.Object java.lang.invoke.DirectMethodHandle$Holder.invokeStaticInit(java.lang.Object, java.lang.Object, java.lang.Object, java.lang.Object, java.lang.Object, java.lang.Object, java.lang.Object, java.lang.Object, java.lang.Object, java.lang.Object, java.lang.Object, java.lang.Object, java.lang.Object, java.lang.Object, java.lang.Object, java.lang.Object, java.lang.Object, java.lang.Object, java.lang.Object, java.lang.Object, int, java
Event: 132.039 Thread 0x000001b5d834b4b0 Exception <a 'java/lang/IncompatibleClassChangeError'{0x0000000098f33570}: Found class java.lang.Object, but interface was expected> (0x0000000098f33570) 
thrown [s\src\hotspot\share\interpreter\linkResolver.cpp, line 826]
Event: 133.532 Thread 0x000001b5d8348c30 Exception <a 'java/lang/IncompatibleClassChangeError'{0x00000000a1575a60}: Found class java.lang.Object, but interface was expected> (0x00000000a1575a60) 
thrown [s\src\hotspot\share\interpreter\linkResolver.cpp, line 826]
Event: 133.532 Thread 0x000001b5d834afa0 Exception <a 'java/lang/IncompatibleClassChangeError'{0x00000000a159e770}: Found class java.lang.Object, but interface was expected> (0x00000000a159e770) 
thrown [s\src\hotspot\share\interpreter\linkResolver.cpp, line 826]
Event: 133.532 Thread 0x000001b5d834b4b0 Exception <a 'java/lang/IncompatibleClassChangeError'{0x00000000a158de58}: Found class java.lang.Object, but interface was expected> (0x00000000a158de58) 
thrown [s\src\hotspot\share\interpreter\linkResolver.cpp, line 826]
Event: 133.532 Thread 0x000001b5d8349b60 Exception <a 'java/lang/IncompatibleClassChangeError'{0x00000000a1584850}: Found class java.lang.Object, but interface was expected> (0x00000000a1584850) 
thrown [s\src\hotspot\share\interpreter\linkResolver.cpp, line 826]
Event: 133.534 Thread 0x000001b5d834afa0 Exception <a 'java/lang/NoSuchMethodError'{0x00000000a15af120}: 'void java.lang.invoke.DirectMethodHandle$Holder.invokeInterface(java.lang.Object, java.lang.Object, java.lang.Object, int)'> (0x00000000a15af120) 
thrown [s\src\hotspot\share\interpreter\linkResolver.cpp, line 759]
Event: 133.534 Thread 0x000001b5d8349b60 Exception <a 'java/lang/NoSuchMethodError'{0x00000000a15b84b0}: 'void java.lang.invoke.DirectMethodHandle$Holder.invokeInterface(java.lang.Object, java.lang.Object, java.lang.Object, int)'> (0x00000000a15b84b0) 
thrown [s\src\hotspot\share\interpreter\linkResolver.cpp, line 759]
Event: 133.534 Thread 0x000001b5d834b4b0 Exception <a 'java/lang/NoSuchMethodError'{0x00000000a15b69a8}: 'void java.lang.invoke.DirectMethodHandle$Holder.invokeInterface(java.lang.Object, java.lang.Object, java.lang.Object, int)'> (0x00000000a15b69a8) 
thrown [s\src\hotspot\share\interpreter\linkResolver.cpp, line 759]
Event: 133.534 Thread 0x000001b5d8348c30 Exception <a 'java/lang/NoSuchMethodError'{0x00000000a15c5570}: 'void java.lang.invoke.DirectMethodHandle$Holder.invokeInterface(java.lang.Object, java.lang.Object, java.lang.Object, int)'> (0x00000000a15c5570) 
thrown [s\src\hotspot\share\interpreter\linkResolver.cpp, line 759]
Event: 134.366 Thread 0x000001b5d834afa0 Exception <a 'java/lang/NoSuchMethodError'{0x000000009ff40df8}: 'java.lang.Object java.lang.invoke.DirectMethodHandle$Holder.invokeStatic(java.lang.Object, int, java.lang.Object, java.lang.Object)'> (0x000000009ff40df8) 
thrown [s\src\hotspot\share\interpreter\linkResolver.cpp, line 759]
Event: 134.366 Thread 0x000001b5d8349b60 Exception <a 'java/lang/NoSuchMethodError'{0x00000000a0054248}: 'java.lang.Object java.lang.invoke.DirectMethodHandle$Holder.invokeStatic(java.lang.Object, int, java.lang.Object, java.lang.Object)'> (0x00000000a0054248) 
thrown [s\src\hotspot\share\interpreter\linkResolver.cpp, line 759]
Event: 134.366 Thread 0x000001b5d834b4b0 Exception <a 'java/lang/NoSuchMethodError'{0x00000000a00ab3a8}: 'java.lang.Object java.lang.invoke.DirectMethodHandle$Holder.invokeStatic(java.lang.Object, int, java.lang.Object, java.lang.Object)'> (0x00000000a00ab3a8) 
thrown [s\src\hotspot\share\interpreter\linkResolver.cpp, line 759]
Event: 134.366 Thread 0x000001b5d8348c30 Exception <a 'java/lang/NoSuchMethodError'{0x00000000a0576bf0}: 'java.lang.Object java.lang.invoke.DirectMethodHandle$Holder.invokeStatic(java.lang.Object, int, java.lang.Object, java.lang.Object)'> (0x00000000a0576bf0) 
thrown [s\src\hotspot\share\interpreter\linkResolver.cpp, line 759]
Event: 134.371 Thread 0x000001b5d8348c30 Exception <a 'java/lang/NoSuchMethodError'{0x000000009ffca3e0}: 'java.lang.Object java.lang.invoke.DirectMethodHandle$Holder.invokeStatic(java.lang.Object, java.lang.Object, int, java.lang.Object, java.lang.Object)'> (0x000000009ffca3e0) 
thrown [s\src\hotspot\share\interpreter\linkResolver.cpp, line 759]
Event: 134.371 Thread 0x000001b5d834b4b0 Exception <a 'java/lang/NoSuchMethodError'{0x00000000a00bf430}: 'java.lang.Object java.lang.invoke.DirectMethodHandle$Holder.invokeStatic(java.lang.Object, java.lang.Object, int, java.lang.Object, java.lang.Object)'> (0x00000000a00bf430) 
thrown [s\src\hotspot\share\interpreter\linkResolver.cpp, line 759]
Event: 134.371 Thread 0x000001b5d834afa0 Exception <a 'java/lang/NoSuchMethodError'{0x000000009ff54f30}: 'java.lang.Object java.lang.invoke.DirectMethodHandle$Holder.invokeStatic(java.lang.Object, java.lang.Object, int, java.lang.Object, java.lang.Object)'> (0x000000009ff54f30) 
thrown [s\src\hotspot\share\interpreter\linkResolver.cpp, line 759]
Event: 134.371 Thread 0x000001b5d8349b60 Exception <a 'java/lang/NoSuchMethodError'{0x00000000a00681f0}: 'java.lang.Object java.lang.invoke.DirectMethodHandle$Holder.invokeStatic(java.lang.Object, java.lang.Object, int, java.lang.Object, java.lang.Object)'> (0x00000000a00681f0) 
thrown [s\src\hotspot\share\interpreter\linkResolver.cpp, line 759]

VM Operations (20 events):
Event: 131.895 Executing VM operation: HandshakeAllThreads
Event: 131.895 Executing VM operation: HandshakeAllThreads done
Event: 131.895 Executing VM operation: Cleanup
Event: 131.895 Executing VM operation: Cleanup done
Event: 132.896 Executing VM operation: Cleanup
Event: 132.914 Executing VM operation: Cleanup done
Event: 132.929 Executing VM operation: G1CollectForAllocation
Event: 132.960 Executing VM operation: G1CollectForAllocation done
Event: 133.564 Executing VM operation: G1CollectForAllocation
Event: 133.603 Executing VM operation: G1CollectForAllocation done
Event: 133.759 Executing VM operation: HandshakeAllThreads
Event: 133.760 Executing VM operation: HandshakeAllThreads done
Event: 133.765 Executing VM operation: HandshakeAllThreads
Event: 133.766 Executing VM operation: HandshakeAllThreads done
Event: 133.767 Executing VM operation: HandshakeAllThreads
Event: 133.770 Executing VM operation: HandshakeAllThreads done
Event: 134.747 Executing VM operation: HandshakeAllThreads
Event: 134.748 Executing VM operation: HandshakeAllThreads done
Event: 134.748 Executing VM operation: Cleanup
Event: 134.748 Executing VM operation: Cleanup done

Memory protections (0 events):
No events

Nmethod flushes (20 events):
Event: 133.773 Thread 0x000001b5b5660090 flushing  nmethod 0x000001b5a6a5d810
Event: 133.773 Thread 0x000001b5b5660090 flushing osr nmethod 0x000001b5a6a62690
Event: 133.773 Thread 0x000001b5b5660090 flushing  nmethod 0x000001b5a6a80390
Event: 133.775 Thread 0x000001b5b5660090 flushing osr nmethod 0x000001b5a6c6eb10
Event: 133.776 Thread 0x000001b5b5660090 flushing  nmethod 0x000001b5a6da2490
Event: 133.778 Thread 0x000001b5b5660090 flushing  nmethod 0x000001b5a6e71110
Event: 133.778 Thread 0x000001b5b5660090 flushing  nmethod 0x000001b5a6ed6790
Event: 133.778 Thread 0x000001b5b5660090 flushing  nmethod 0x000001b5a6f35e90
Event: 133.778 Thread 0x000001b5b5660090 flushing  nmethod 0x000001b5a6f68590
Event: 133.779 Thread 0x000001b5b5660090 flushing  nmethod 0x000001b5a7091e90
Event: 133.780 Thread 0x000001b5b5660090 flushing  nmethod 0x000001b5a70aa410
Event: 133.780 Thread 0x000001b5b5660090 flushing  nmethod 0x000001b5a70c4190
Event: 133.782 Thread 0x000001b5b5660090 flushing  nmethod 0x000001b5a7330810
Event: 133.783 Thread 0x000001b5b5660090 flushing osr nmethod 0x000001b5a75c3d10
Event: 133.789 Thread 0x000001b5b5660090 flushing  nmethod 0x000001b59efdd610
Event: 133.808 Thread 0x000001b5b5660090 flushing  nmethod 0x000001b59fc1c190
Event: 133.815 Thread 0x000001b5b5660090 flushing  nmethod 0x000001b59ff36b10
Event: 133.816 Thread 0x000001b5b5660090 flushing  nmethod 0x000001b59ff62610
Event: 133.854 Thread 0x000001b5b5660090 flushing  nmethod 0x000001b5a17c0690
Event: 133.855 Thread 0x000001b5b5660090 flushing  nmethod 0x000001b5a1801390

Events (20 events):
Event: 107.788 Thread 0x000001b5e05a66b0 Thread exited: 0x000001b5e05a66b0
Event: 108.331 Thread 0x000001b5dfbbac30 Thread exited: 0x000001b5dfbbac30
Event: 109.410 Thread 0x000001b5d834afa0 Thread added: 0x000001b5df9432b0
Event: 111.482 Thread 0x000001b5d70bcf20 Thread exited: 0x000001b5d70bcf20
Event: 121.437 Thread 0x000001b5d834afa0 Thread added: 0x000001b5daadb570
Event: 123.133 Thread 0x000001b5d6962da0 Thread exited: 0x000001b5d6962da0
Event: 123.134 Thread 0x000001b5df940f40 Thread exited: 0x000001b5df940f40
Event: 123.146 Thread 0x000001b5d9caf7e0 Thread exited: 0x000001b5d9caf7e0
Event: 123.458 Thread 0x000001b5b4fc1fa0 Thread added: 0x000001b5e05a56c0
Event: 123.458 Thread 0x000001b5b4fc1fa0 Thread added: 0x000001b5e05a9680
Event: 123.989 Thread 0x000001b5e05a9680 Thread exited: 0x000001b5e05a9680
Event: 123.989 Thread 0x000001b5e05a56c0 Thread exited: 0x000001b5e05a56c0
Event: 124.858 Thread 0x000001b5d8ba1570 Thread exited: 0x000001b5d8ba1570
Event: 126.911 Thread 0x000001b5b4fc1fa0 Thread added: 0x000001b5e05a56c0
Event: 126.976 Thread 0x000001b5d8349140 Thread added: 0x000001b5e27e1820
Event: 126.977 Thread 0x000001b5b4fb51c0 Thread added: 0x000001b5e05aa120
Event: 127.866 Thread 0x000001b5e05aa120 Thread exited: 0x000001b5e05aa120
Event: 128.321 Thread 0x000001b5e05a56c0 Thread exited: 0x000001b5e05a56c0
Event: 129.201 Thread 0x000001b5df9432b0 Thread exited: 0x000001b5df9432b0
Event: 129.349 Thread 0x000001b5b4fc1fa0 Thread added: 0x000001b5e05a56c0


Dynamic libraries:
0x00007ff6c2210000 - 0x00007ff6c221e000 	C:\Program Files\Microsoft\jdk-17.0.15.6-hotspot\bin\java.exe
0x00007ffd214e0000 - 0x00007ffd21748000 	C:\WINDOWS\SYSTEM32\ntdll.dll
0x00007ffd20470000 - 0x00007ffd20539000 	C:\WINDOWS\System32\KERNEL32.DLL
0x00007ffd1eda0000 - 0x00007ffd1f18d000 	C:\WINDOWS\System32\KERNELBASE.dll
0x00007ffd1ea70000 - 0x00007ffd1ebbb000 	C:\WINDOWS\System32\ucrtbase.dll
0x00007ffd0a8f0000 - 0x00007ffd0a907000 	C:\Program Files\Microsoft\jdk-17.0.15.6-hotspot\bin\jli.dll
0x00007ffcfe6c0000 - 0x00007ffcfe6dd000 	C:\Program Files\Microsoft\jdk-17.0.15.6-hotspot\bin\VCRUNTIME140.dll
0x00007ffd1f7f0000 - 0x00007ffd1f9bc000 	C:\WINDOWS\System32\USER32.dll
0x00007ffd1f250000 - 0x00007ffd1f277000 	C:\WINDOWS\System32\win32u.dll
0x00007ffd077a0000 - 0x00007ffd07a3a000 	C:\WINDOWS\WinSxS\amd64_microsoft.windows.common-controls_6595b64144ccf1df_6.0.26100.4484_none_3e0e6d4ce32ef3b3\COMCTL32.dll
0x00007ffd1fb10000 - 0x00007ffd1fb3b000 	C:\WINDOWS\System32\GDI32.dll
0x00007ffd208d0000 - 0x00007ffd20979000 	C:\WINDOWS\System32\msvcrt.dll
0x00007ffd1ebc0000 - 0x00007ffd1ecf7000 	C:\WINDOWS\System32\gdi32full.dll
0x00007ffd1e630000 - 0x00007ffd1e6d3000 	C:\WINDOWS\System32\msvcp_win.dll
0x00007ffd20bf0000 - 0x00007ffd20c1f000 	C:\WINDOWS\System32\IMM32.DLL
0x00007ffd1b580000 - 0x00007ffd1b58c000 	C:\Program Files\Microsoft\jdk-17.0.15.6-hotspot\bin\vcruntime140_1.dll
0x00007ffce7c20000 - 0x00007ffce7cad000 	C:\Program Files\Microsoft\jdk-17.0.15.6-hotspot\bin\msvcp140.dll
0x00007ffc7ea00000 - 0x00007ffc7f672000 	C:\Program Files\Microsoft\jdk-17.0.15.6-hotspot\bin\server\jvm.dll
0x00007ffd1f3b0000 - 0x00007ffd1f464000 	C:\WINDOWS\System32\ADVAPI32.dll
0x00007ffd20a10000 - 0x00007ffd20ab6000 	C:\WINDOWS\System32\sechost.dll
0x00007ffd1f4f0000 - 0x00007ffd1f608000 	C:\WINDOWS\System32\RPCRT4.dll
0x00007ffd1f470000 - 0x00007ffd1f4e4000 	C:\WINDOWS\System32\WS2_32.dll
0x00007ffd1e480000 - 0x00007ffd1e4de000 	C:\WINDOWS\SYSTEM32\POWRPROF.dll
0x00007ffd17be0000 - 0x00007ffd17c15000 	C:\WINDOWS\SYSTEM32\WINMM.dll
0x00007ffd17c20000 - 0x00007ffd17c2b000 	C:\WINDOWS\SYSTEM32\VERSION.dll
0x00007ffd1e460000 - 0x00007ffd1e474000 	C:\WINDOWS\SYSTEM32\UMPDC.dll
0x00007ffd1d3d0000 - 0x00007ffd1d3eb000 	C:\WINDOWS\SYSTEM32\kernel.appcore.dll
0x00007ffd0a8e0000 - 0x00007ffd0a8ea000 	C:\Program Files\Microsoft\jdk-17.0.15.6-hotspot\bin\jimage.dll
0x00007ffd13990000 - 0x00007ffd13bd1000 	C:\WINDOWS\SYSTEM32\DBGHELP.DLL
0x00007ffd20540000 - 0x00007ffd208c6000 	C:\WINDOWS\System32\combase.dll
0x00007ffd1f2b0000 - 0x00007ffd1f390000 	C:\WINDOWS\System32\OLEAUT32.dll
0x00007ffd07530000 - 0x00007ffd07573000 	C:\WINDOWS\SYSTEM32\dbgcore.DLL
0x00007ffd1ed00000 - 0x00007ffd1ed99000 	C:\WINDOWS\System32\bcryptPrimitives.dll
0x00007ffd098e0000 - 0x00007ffd098ee000 	C:\Program Files\Microsoft\jdk-17.0.15.6-hotspot\bin\instrument.dll
0x00007ffc7e800000 - 0x00007ffc7e825000 	C:\Program Files\Microsoft\jdk-17.0.15.6-hotspot\bin\java.dll
0x00007ffc7e920000 - 0x00007ffc7e9f6000 	C:\Program Files\Microsoft\jdk-17.0.15.6-hotspot\bin\jsvml.dll
0x00007ffd1fb40000 - 0x00007ffd2028a000 	C:\WINDOWS\System32\SHELL32.dll
0x00007ffd1e770000 - 0x00007ffd1e8e4000 	C:\WINDOWS\System32\wintypes.dll
0x00007ffd1c2b0000 - 0x00007ffd1cb0b000 	C:\WINDOWS\SYSTEM32\windows.storage.dll
0x00007ffd20c80000 - 0x00007ffd20d75000 	C:\WINDOWS\System32\SHCORE.dll
0x00007ffd1f9c0000 - 0x00007ffd1fa2a000 	C:\WINDOWS\System32\shlwapi.dll
0x00007ffd1e540000 - 0x00007ffd1e56f000 	C:\WINDOWS\SYSTEM32\profapi.dll
0x00007ffcb60d0000 - 0x00007ffcb60e8000 	C:\Program Files\Microsoft\jdk-17.0.15.6-hotspot\bin\zip.dll
0x00007ffce7c00000 - 0x00007ffce7c1a000 	C:\Program Files\Microsoft\jdk-17.0.15.6-hotspot\bin\net.dll
0x00007ffd14c10000 - 0x00007ffd14d2e000 	C:\WINDOWS\SYSTEM32\WINHTTP.dll
0x00007ffd1d960000 - 0x00007ffd1d9ca000 	C:\WINDOWS\system32\mswsock.dll
0x00007ffce7be0000 - 0x00007ffce7bf6000 	C:\Program Files\Microsoft\jdk-17.0.15.6-hotspot\bin\nio.dll
0x00007ffce9b40000 - 0x00007ffce9b50000 	C:\Program Files\Microsoft\jdk-17.0.15.6-hotspot\bin\verify.dll
0x00007ffcc1080000 - 0x00007ffcc10a7000 	C:\Users\HP\.gradle\native\1def1411415f61bf3af743bc5b6707747c0891f09f0c88961ee8f79bc544acac\windows-amd64\native-platform.dll
0x00007ffce47b0000 - 0x00007ffce4828000 	C:\Users\HP\.gradle\native\0.2.7\x86_64-windows-gnu\gradle-fileevents.dll
0x00007ffce7bc0000 - 0x00007ffce7bca000 	C:\Program Files\Microsoft\jdk-17.0.15.6-hotspot\bin\management.dll
0x00007ffce7bb0000 - 0x00007ffce7bbb000 	C:\Program Files\Microsoft\jdk-17.0.15.6-hotspot\bin\management_ext.dll
0x00007ffd20d80000 - 0x00007ffd20d88000 	C:\WINDOWS\System32\PSAPI.DLL
0x00007ffd1ce50000 - 0x00007ffd1ce83000 	C:\WINDOWS\SYSTEM32\IPHLPAPI.DLL
0x00007ffd1f3a0000 - 0x00007ffd1f3aa000 	C:\WINDOWS\System32\NSI.dll
0x00007ffd14b80000 - 0x00007ffd14b9f000 	C:\WINDOWS\SYSTEM32\dhcpcsvc6.DLL
0x00007ffd14b50000 - 0x00007ffd14b75000 	C:\WINDOWS\SYSTEM32\dhcpcsvc.DLL
0x00007ffd1cef0000 - 0x00007ffd1d016000 	C:\WINDOWS\SYSTEM32\DNSAPI.dll
0x00007ffce7b90000 - 0x00007ffce7b99000 	C:\Program Files\Microsoft\jdk-17.0.15.6-hotspot\bin\extnet.dll
0x00007ffd1dc10000 - 0x00007ffd1dc2b000 	C:\WINDOWS\SYSTEM32\CRYPTSP.dll
0x00007ffd1d330000 - 0x00007ffd1d36b000 	C:\WINDOWS\system32\rsaenh.dll
0x00007ffd1da00000 - 0x00007ffd1da2b000 	C:\WINDOWS\SYSTEM32\USERENV.dll
0x00007ffd1e510000 - 0x00007ffd1e536000 	C:\WINDOWS\SYSTEM32\bcrypt.dll
0x00007ffd1dc30000 - 0x00007ffd1dc3c000 	C:\WINDOWS\SYSTEM32\CRYPTBASE.dll
0x00007ffd098d0000 - 0x00007ffd098de000 	C:\Program Files\Microsoft\jdk-17.0.15.6-hotspot\bin\sunmscapi.dll
0x00007ffd1e8f0000 - 0x00007ffd1ea67000 	C:\WINDOWS\System32\CRYPT32.dll
0x00007ffd1ddb0000 - 0x00007ffd1dde0000 	C:\WINDOWS\SYSTEM32\ncrypt.dll
0x00007ffd1dd60000 - 0x00007ffd1dd9f000 	C:\WINDOWS\SYSTEM32\NTASN1.dll
0x00007ffcb2bd0000 - 0x00007ffcb2bd8000 	C:\WINDOWS\system32\wshunix.dll
0x00007ffd1d500000 - 0x00007ffd1d536000 	C:\WINDOWS\SYSTEM32\ntmarta.dll
0x00007ffd19860000 - 0x00007ffd19867000 	C:\Program Files\Microsoft\jdk-17.0.15.6-hotspot\bin\rmi.dll

dbghelp: loaded successfully - version: 4.0.5 - missing functions: none
symbol engine: initialized successfully - sym options: 0x614 - pdb path: .;C:\Program Files\Microsoft\jdk-17.0.15.6-hotspot\bin;C:\WINDOWS\SYSTEM32;C:\WINDOWS\WinSxS\amd64_microsoft.windows.common-controls_6595b64144ccf1df_6.0.26100.4484_none_3e0e6d4ce32ef3b3;C:\Program Files\Microsoft\jdk-17.0.15.6-hotspot\bin\server;C:\Users\HP\.gradle\native\1def1411415f61bf3af743bc5b6707747c0891f09f0c88961ee8f79bc544acac\windows-amd64;C:\Users\HP\.gradle\native\0.2.7\x86_64-windows-gnu

VM Arguments:
jvm_args: --add-opens=java.base/java.lang=ALL-UNNAMED --add-opens=java.base/java.lang.invoke=ALL-UNNAMED --add-opens=java.base/java.util=ALL-UNNAMED --add-opens=java.prefs/java.util.prefs=ALL-UNNAMED --add-exports=jdk.compiler/com.sun.tools.javac.api=ALL-UNNAMED --add-exports=jdk.compiler/com.sun.tools.javac.util=ALL-UNNAMED --add-opens=java.base/java.util=ALL-UNNAMED --add-opens=java.prefs/java.util.prefs=ALL-UNNAMED --add-opens=java.base/java.nio.charset=ALL-UNNAMED --add-opens=java.base/java.net=ALL-UNNAMED --add-opens=java.base/java.util.concurrent.atomic=ALL-UNNAMED --add-opens=java.xml/javax.xml.namespace=ALL-UNNAMED -XX:MaxMetaspaceSize=512m -Xmx2048m -Dfile.encoding=windows-1252 -Duser.country=US -Duser.language=en -Duser.variant -javaagent:C:\Users\HP\.gradle\wrapper\dists\gradle-8.14.1-bin\baw1sv0jfoi8rxs14qo3h49cs\gradle-8.14.1\lib\agents\gradle-instrumentation-agent-8.14.1.jar 
java_command: org.gradle.launcher.daemon.bootstrap.GradleDaemon 8.14.1
java_class_path (initial): C:\Users\HP\.gradle\wrapper\dists\gradle-8.14.1-bin\baw1sv0jfoi8rxs14qo3h49cs\gradle-8.14.1\lib\gradle-daemon-main-8.14.1.jar
Launcher Type: SUN_STANDARD

[Global flags]
     intx CICompilerCount                          = 4                                         {product} {ergonomic}
   size_t CompressedClassSpaceSize                 = 436207616                                 {product} {ergonomic}
     uint ConcGCThreads                            = 2                                         {product} {ergonomic}
     uint G1ConcRefinementThreads                  = 8                                         {product} {ergonomic}
   size_t G1HeapRegionSize                         = 1048576                                   {product} {ergonomic}
    uintx GCDrainStackTargetSize                   = 64                                        {product} {ergonomic}
   size_t InitialHeapSize                          = 100663296                                 {product} {ergonomic}
   size_t MarkStackSize                            = 4194304                                   {product} {ergonomic}
   size_t MaxHeapSize                              = 2147483648                                {product} {command line}
   size_t MaxMetaspaceSize                         = 536870912                                 {product} {command line}
   size_t MaxNewSize                               = 1287651328                                {product} {ergonomic}
   size_t MinHeapDeltaBytes                        = 1048576                                   {product} {ergonomic}
   size_t MinHeapSize                              = 8388608                                   {product} {ergonomic}
    uintx NonNMethodCodeHeapSize                   = 5839372                                {pd product} {ergonomic}
    uintx NonProfiledCodeHeapSize                  = 122909434                              {pd product} {ergonomic}
    uintx ProfiledCodeHeapSize                     = 122909434                              {pd product} {ergonomic}
    uintx ReservedCodeCacheSize                    = 251658240                              {pd product} {ergonomic}
     bool SegmentedCodeCache                       = true                                      {product} {ergonomic}
   size_t SoftMaxHeapSize                          = 2147483648                             {manageable} {ergonomic}
     bool UseCompressedClassPointers               = true                           {product lp64_product} {ergonomic}
     bool UseCompressedOops                        = true                           {product lp64_product} {ergonomic}
     bool UseG1GC                                  = true                                      {product} {ergonomic}
     bool UseLargePagesIndividualAllocation        = false                                  {pd product} {ergonomic}

Logging:
Log output configuration:
 #0: stdout all=warning uptime,level,tags
 #1: stderr all=off uptime,level,tags

Environment Variables:
JAVA_HOME=C:\Program Files\Microsoft\jdk-17.0.15.6-hotspot
PATH=D:\Hisabkitab\node_modules\.bin;D:\Hisabkitab\node_modules\.bin;D:\node_modules\.bin;C:\Users\HP\AppData\Roaming\npm\node_modules\npm\node_modules\@npmcli\run-script\lib\node-gyp-bin;C:\Program Files\Microsoft\jdk-17.0.15.6-hotspot\bin;C:\Program Files\Common Files\Oracle\Java\javapath;C:\Program Files (x86)\Common Files\Oracle\Java\javapath;C:\Program Files\Python310\Scripts\;C:\Program Files\Python310\;C:\WINDOWS\system32;C:\WINDOWS;C:\WINDOWS\System32\Wbem;C:\WINDOWS\System32\WindowsPowerShell\v1.0\;C:\WINDOWS\System32\OpenSSH\;C:\Program Files (x86)\Microsoft SQL Server\160\Tools\Binn\;C:\Program Files\Microsoft SQL Server\160\Tools\Binn\;C:\Program Files\Microsoft SQL Server\Client SDK\ODBC\170\Tools\Binn\;C:\Program Files\Microsoft SQL Server\160\DTS\Binn\;C:\ProgramData\chocolatey\bin;C:\Program Files (x86)\Yarn\bin\;C:\Program Files\Git\cmd;C:\apache-maven-3.9.1\bin;C:\Program Files\Java\jdk-20\bin;C:\Users\HP\AppData\Roaming\Python\Python310\Scripts;C:\MinGW\bin;C:\Program Files\Android\Android Studio1\bin;C:\Users\HP\AppData\Local\Android\Sdk\platform-tools;C:\composer;C:\Program Files\nodejs\;C:\Program Files\Microsoft\jdk-17.0.15.6-hotspot\bin;C:\Users\HP\AppData\Local\Microsoft\WindowsApps;C:\Users\HP\AppData\Local\Programs\Microsoft VS Code\bin;C:\Users\HP\AppData\Local\Yarn\bin;C:\Users\HP\AppData\Local\GitHubDesktop\bin;C:\Program Files\JetBrains\IntelliJ IDEA Community Edition 2023.1.1\bin;;C:\Program Files\Android\Android Studio1\bin;C:\wamp64\bin\php\php8.1.31;C:\Users\HP\AppData\Roaming\Composer\vendor\bin;C:\Users\HP\AppData\Roaming\npm;C:\Program Files\Microsoft\jdk-17.0.15.6-hotspot\bin;
USERNAME=HP
LANG=en_US.UTF-8
OS=Windows_NT
PROCESSOR_IDENTIFIER=AMD64 Family 23 Model 24 Stepping 1, AuthenticAMD
TMP=C:\Users\HP\AppData\Local\Temp
TEMP=C:\Users\HP\AppData\Local\Temp



Periodic native trim disabled


---------------  S Y S T E M  ---------------

OS:
 Windows 11 , 64 bit Build 26100 (10.0.26100.4484)
OS uptime: 0 days 4:34 hours

CPU: total 8 (initial active 8) (8 cores per cpu, 2 threads per core) family 23 model 24 stepping 1 microcode 0x8108109, cx8, cmov, fxsr, ht, mmx, 3dnowpref, sse, sse2, sse3, ssse3, sse4a, sse4.1, sse4.2, popcnt, lzcnt, tsc, tscinvbit, avx, avx2, aes, clmul, bmi1, bmi2, adx, sha, fma, vzeroupper, clflush, clflushopt
Processor Information for the first 8 processors :
  Max Mhz: 2100, Current Mhz: 2100, Mhz Limit: 2100

Memory: 4k page, system-wide physical 6017M (372M free)
TotalPageFile size 24449M (AvailPageFile size 21M)
current process WorkingSet (physical memory assigned to process): 663M, peak: 663M
current process commit charge ("private bytes"): 1060M, peak: 1060M

vm_info: OpenJDK 64-Bit Server VM (17.0.15+6-LTS) for windows-amd64 JRE (17.0.15+6-LTS), built on Apr  9 2025 22:27:25 by "MicrosoftCorporation" with unknown MS VC++:1939

END.
